#
# There is insufficient memory for the Java Runtime Environment to continue.
# Native memory allocation (mmap) failed to map 159383552 bytes. Error detail: G1 virtual space
# Possible reasons:
#   The system is out of physical RAM or swap space
#   This process is running with CompressedOops enabled, and the Java Heap may be blocking the growth of the native heap
# Possible solutions:
#   Reduce memory load on the system
#   Increase physical memory or swap space
#   Check if swap backing store is full
#   Decrease Java heap size (-Xmx/-Xms)
#   Decrease number of Java threads
#   Decrease Java thread stack sizes (-Xss)
#   Set larger code cache with -XX:ReservedCodeCacheSize=
#   JVM is running with Unscaled Compressed Oops mode in which the Java heap is
#     placed in the first 4GB address space. The Java Heap base address is the
#     maximum limit for the native heap growth. Please use -XX:HeapBaseMinAddress
#     to set the Java Heap base and to place the Java Heap above 4GB virtual address.
# This output file may be truncated or incomplete.
#
#  Out of Memory Error (os_windows.cpp:3898), pid=19976, tid=26932
#
# JRE version: OpenJDK Runtime Environment (21.0.6) (build 21.0.6+-13391695-b895.109)
# Java VM: OpenJDK 64-Bit Server VM (21.0.6+-13391695-b895.109, mixed mode, tiered, compressed oops, compressed class ptrs, g1 gc, windows-amd64)
# No core dump will be written. Minidumps are not enabled by default on client versions of Windows
#

---------------  S U M M A R Y ------------

Command Line: --add-opens=java.base/java.lang=ALL-UNNAMED --add-opens=java.base/java.lang.invoke=ALL-UNNAMED --add-opens=java.base/java.util=ALL-UNNAMED --add-opens=java.prefs/java.util.prefs=ALL-UNNAMED --add-exports=jdk.compiler/com.sun.tools.javac.api=ALL-UNNAMED --add-exports=jdk.compiler/com.sun.tools.javac.util=ALL-UNNAMED --add-opens=java.base/java.util=ALL-UNNAMED --add-opens=java.prefs/java.util.prefs=ALL-UNNAMED --add-opens=java.base/java.nio.charset=ALL-UNNAMED --add-opens=java.base/java.net=ALL-UNNAMED --add-opens=java.base/java.util.concurrent.atomic=ALL-UNNAMED --add-opens=java.xml/javax.xml.namespace=ALL-UNNAMED -XX:MaxMetaspaceSize=512m -XX:+UseG1GC -Xmx2048m -Dfile.encoding=UTF-8 -Duser.country=IN -Duser.language=en -Duser.variant -javaagent:C:\Users\harsh\.gradle\wrapper\dists\gradle-8.11.1-bin\bpt9gzteqjrbo1mjrsomdt32c\gradle-8.11.1\lib\agents\gradle-instrumentation-agent-8.11.1.jar org.gradle.launcher.daemon.bootstrap.GradleDaemon 8.11.1

Host: AMD Ryzen 5 5600H with Radeon Graphics         , 12 cores, 7G,  Windows 11 , 64 bit Build 26100 (10.0.26100.8875)
Time: Sat Jul 18 05:37:30 2026 India Standard Time elapsed time: 26.326095 seconds (0d 0h 0m 26s)

---------------  T H R E A D  ---------------

Current thread (0x000001564d00b460):  VMThread "VM Thread"          [id=26932, stack(0x00000031d6b00000,0x00000031d6c00000) (1024K)]

Stack: [0x00000031d6b00000,0x00000031d6c00000]
Native frames: (J=compiled Java code, j=interpreted, Vv=VM code, C=native code)
V  [jvm.dll+0x6d0639]
V  [jvm.dll+0x85eb03]
V  [jvm.dll+0x86105e]
V  [jvm.dll+0x861743]
V  [jvm.dll+0x27e6e6]
V  [jvm.dll+0x6ccfd5]
V  [jvm.dll+0x6c0a8a]
V  [jvm.dll+0x35537b]
V  [jvm.dll+0x35cfd6]
V  [jvm.dll+0x3aef86]
V  [jvm.dll+0x3af258]
V  [jvm.dll+0x327a2c]
V  [jvm.dll+0x32a436]
V  [jvm.dll+0x33438d]
V  [jvm.dll+0x36ba15]
V  [jvm.dll+0x8674c8]
V  [jvm.dll+0x868844]
V  [jvm.dll+0x868d80]
V  [jvm.dll+0x869013]
V  [jvm.dll+0x806ed8]
V  [jvm.dll+0x6cef0d]
C  [ucrtbase.dll+0x2cd30]
C  [KERNEL32.DLL+0x2e957]
C  [ntdll.dll+0xaad6c]

VM_Operation (0x00000031d66ff420): G1PauseRemark, mode: safepoint, requested by thread 0x00000156310b6020


---------------  P R O C E S S  ---------------

Threads class SMR info:
_java_thread_list=0x0000015657973d80, length=197, elements={
0x000001563104b570, 0x000001564d09dab0, 0x000001564d0a0120, 0x000001564d0b1d80,
0x000001564d0cb910, 0x000001564d0d7f90, 0x000001564d0d85f0, 0x000001564d0d8f80,
0x000001564d0deb30, 0x000001564d203710, 0x000001564d3b3240, 0x000001564ed9b7d0,
0x000001564f0ef540, 0x000001564f02a0a0, 0x000001564f0d9e50, 0x000001564f0da4b0,
0x000001564f1ed640, 0x000001564f204b00, 0x000001564f1fb6f0, 0x000001564f092b10,
0x000001564f091760, 0x000001564f093ec0, 0x000001564f092480, 0x000001564f094550,
0x000001564f0910d0, 0x000001564f091df0, 0x000001564f0931a0, 0x000001564f093830,
0x000001564f888560, 0x000001564f889280, 0x000001564f886490, 0x000001564f885e00,
0x000001564f887840, 0x000001564f887ed0, 0x000001564f8871b0, 0x000001564f886b20,
0x000001564f88acc0, 0x000001564f88cd90, 0x000001564f88a630, 0x000001564f88d420,
0x000001564f88c070, 0x000001564f88c700, 0x000001564f88b350, 0x000001564f88b9e0,
0x000001564d233b80, 0x000001564d234210, 0x000001564d2348a0, 0x000001564d231ab0,
0x000001564d234f30, 0x000001564d2327d0, 0x000001564d2355c0, 0x000001564d232140,
0x000001564d2334f0, 0x000001564d237d20, 0x000001564d2383b0, 0x000001564d238a40,
0x000001564d2390d0, 0x00000156521b2bb0, 0x00000156521b1800, 0x00000156521b1170,
0x00000156521b0450, 0x00000156521b0ae0, 0x00000156521b1e90, 0x00000156521b2520,
0x00000156521af730, 0x00000156521b3240, 0x00000156521afdc0, 0x00000156521b59a0,
0x00000156521b66c0, 0x00000156521b38d0, 0x00000156521b5310, 0x00000156521b6d50,
0x00000156521b3f60, 0x00000156521b45f0, 0x00000156521b4c80, 0x00000156521b6030,
0x0000015651f27e70, 0x0000015651f28500, 0x0000015651f28b90, 0x0000015651f25710,
0x0000015651f26430, 0x0000015651f26ac0, 0x0000015651f29220, 0x0000015651f277e0,
0x0000015651f25da0, 0x0000015651f2b980, 0x0000015651f29f40, 0x0000015651f2c010,
0x000001564e52daf0, 0x000001564e52c740, 0x000001564e52eea0, 0x0000015658ef5450,
0x0000015658ef6e90, 0x0000015658ef7520, 0x0000015657a46790, 0x0000015657a46e20,
0x0000015657a46100, 0x0000015657a474b0, 0x0000015657a47b40, 0x0000015657a446c0,
0x0000015657a45a70, 0x0000015657a481d0, 0x0000015657a44d50, 0x0000015657a48860,
0x0000015657a4afc0, 0x0000015657a4a930, 0x0000015657a4a2a0, 0x0000015657a49580,
0x0000015657a48ef0, 0x0000015657a4b650, 0x0000015657a4bce0, 0x0000015657a49c10,
0x0000015658d90330, 0x0000015658d8fca0, 0x0000015658d8d540, 0x0000015658d8e8f0,
0x0000015658d916e0, 0x0000015658d91050, 0x0000015658d8ef80, 0x0000015658d8e260,
0x0000015658d92a90, 0x0000015658d8f610, 0x0000015658d92400, 0x0000015658d937b0,
0x0000015658d93e40, 0x0000015658d909c0, 0x0000015658d944d0, 0x0000015658d94b60,
0x0000015658ef2660, 0x0000015658ef2cf0, 0x0000015658eeff00, 0x0000015658ef3a10,
0x0000015658ef0c20, 0x0000015658ef0590, 0x0000015658ef40a0, 0x0000015658ef4730,
0x0000015658ef12b0, 0x0000015658ef4dc0, 0x0000015658ef1940, 0x0000015658ef1fd0,
0x0000015658ef5ae0, 0x0000015658ef6170, 0x0000015658ef6800, 0x000001564e52e810,
0x000001564e52c0b0, 0x000001564e531600, 0x000001564e531c90, 0x000001564e5329b0,
0x000001564e532320, 0x000001564e52fbc0, 0x000001564e52f530, 0x000001564e5336d0,
0x000001564e530f70, 0x000001564e530250, 0x000001564e5308e0, 0x0000015657beb9f0,
0x0000015657be8570, 0x0000015657beb360, 0x0000015657be9fb0, 0x0000015657be9920,
0x0000015657bea640, 0x0000015657beacd0, 0x0000015657bec080, 0x0000015657be8c00,
0x0000015657bec710, 0x0000015657be9290, 0x0000015657bee150, 0x0000015657bef500,
0x0000015657bedac0, 0x0000015657befb90, 0x0000015657bed430, 0x0000015657bee7e0,
0x0000015657beee70, 0x0000015657bf0220, 0x0000015657becda0, 0x0000015657bf1c60,
0x0000015657bf36a0, 0x0000015657bf08b0, 0x0000015657bf22f0, 0x0000015657bf3010,
0x0000015657bf0f40, 0x0000015657bf3d30, 0x0000015657bf4a50, 0x0000015657bf43c0,
0x0000015657bf15d0, 0x0000015657bf50e0, 0x0000015657bf5e00, 0x0000015657bf5770,
0x0000015657bf6490, 0x0000015657bf6b20, 0x0000015657bf71b0, 0x0000015658bcbcc0,
0x0000015658d8dbd0, 0x0000015658d93120, 0x000001565857e940, 0x000001565857efd0,
0x00000156517c2500
}

Java Threads: ( => current thread )
  0x000001563104b570 JavaThread "main"                              [_thread_blocked, id=20336, stack(0x00000031d6400000,0x00000031d6500000) (1024K)]
  0x000001564d09dab0 JavaThread "Reference Handler"          daemon [_thread_blocked, id=23800, stack(0x00000031d6c00000,0x00000031d6d00000) (1024K)]
  0x000001564d0a0120 JavaThread "Finalizer"                  daemon [_thread_blocked, id=23540, stack(0x00000031d6d00000,0x00000031d6e00000) (1024K)]
  0x000001564d0b1d80 JavaThread "Signal Dispatcher"          daemon [_thread_blocked, id=28072, stack(0x00000031d6e00000,0x00000031d6f00000) (1024K)]
  0x000001564d0cb910 JavaThread "Attach Listener"            daemon [_thread_blocked, id=19644, stack(0x00000031d6f00000,0x00000031d7000000) (1024K)]
  0x000001564d0d7f90 JavaThread "Service Thread"             daemon [_thread_blocked, id=23420, stack(0x00000031d7000000,0x00000031d7100000) (1024K)]
  0x000001564d0d85f0 JavaThread "Monitor Deflation Thread"   daemon [_thread_blocked, id=16328, stack(0x00000031d7100000,0x00000031d7200000) (1024K)]
  0x000001564d0d8f80 JavaThread "C2 CompilerThread0"         daemon [_thread_in_native, id=14804, stack(0x00000031d7200000,0x00000031d7300000) (1024K)]
  0x000001564d0deb30 JavaThread "C1 CompilerThread0"         daemon [_thread_blocked, id=3364, stack(0x00000031d7300000,0x00000031d7400000) (1024K)]
  0x000001564d203710 JavaThread "Common-Cleaner"             daemon [_thread_blocked, id=23752, stack(0x00000031d7400000,0x00000031d7500000) (1024K)]
  0x000001564d3b3240 JavaThread "Notification Thread"        daemon [_thread_blocked, id=21672, stack(0x00000031d7500000,0x00000031d7600000) (1024K)]
  0x000001564ed9b7d0 JavaThread "Daemon health stats"               [_thread_blocked, id=12648, stack(0x00000031d7b00000,0x00000031d7c00000) (1024K)]
  0x000001564f0ef540 JavaThread "Incoming local TCP Connector on port 62000"        [_thread_in_native, id=23600, stack(0x00000031d7c00000,0x00000031d7d00000) (1024K)]
  0x000001564f02a0a0 JavaThread "Daemon periodic checks"            [_thread_blocked, id=29624, stack(0x00000031d7d00000,0x00000031d7e00000) (1024K)]
  0x000001564f0d9e50 JavaThread "Daemon"                            [_thread_blocked, id=28144, stack(0x00000031d7e00000,0x00000031d7f00000) (1024K)]
  0x000001564f0da4b0 JavaThread "Handler for socket connection from /127.0.0.1:62000 to /127.0.0.1:62001"        [_thread_in_native, id=29388, stack(0x00000031d7f00000,0x00000031d8000000) (1024K)]
  0x000001564f1ed640 JavaThread "Cancel handler"                    [_thread_blocked, id=12688, stack(0x00000031d8000000,0x00000031d8100000) (1024K)]
  0x000001564f204b00 JavaThread "Daemon worker"                     [_thread_blocked, id=27580, stack(0x00000031d8100000,0x00000031d8200000) (1024K)]
  0x000001564f1fb6f0 JavaThread "Asynchronous log dispatcher for DefaultDaemonConnection: socket connection from /127.0.0.1:62000 to /127.0.0.1:62001"        [_thread_blocked, id=24432, stack(0x00000031d8200000,0x00000031d8300000) (1024K)]
  0x000001564f092b10 JavaThread "Stdin handler"                     [_thread_blocked, id=17800, stack(0x00000031d8300000,0x00000031d8400000) (1024K)]
  0x000001564f091760 JavaThread "Daemon client event forwarder"        [_thread_blocked, id=24064, stack(0x00000031d8400000,0x00000031d8500000) (1024K)]
  0x000001564f093ec0 JavaThread "Cache worker for journal cache (C:\Users\harsh\.gradle\caches\journal-1)"        [_thread_blocked, id=21844, stack(0x00000031d8b00000,0x00000031d8c00000) (1024K)]
  0x000001564f092480 JavaThread "File lock request listener"        [_thread_in_native, id=19896, stack(0x00000031d8c00000,0x00000031d8d00000) (1024K)]
  0x000001564f094550 JavaThread "Cache worker for file hash cache (C:\Users\harsh\.gradle\caches\8.11.1\fileHashes)"        [_thread_blocked, id=23940, stack(0x00000031d8d00000,0x00000031d8e00000) (1024K)]
  0x000001564f0910d0 JavaThread "Cache worker for file content cache (C:\Users\harsh\.gradle\caches\8.11.1\fileContent)"        [_thread_blocked, id=13688, stack(0x00000031d8e00000,0x00000031d8f00000) (1024K)]
  0x000001564f091df0 JavaThread "Cache worker for file hash cache (C:\Users\harsh\AndroidStudioProjects\VidPlay\.gradle\8.11.1\fileHashes)"        [_thread_blocked, id=25068, stack(0x00000031d8f00000,0x00000031d9000000) (1024K)]
  0x000001564f0931a0 JavaThread "Cache worker for Build Output Cleanup Cache (C:\Users\harsh\AndroidStudioProjects\VidPlay\.gradle\buildOutputCleanup)"        [_thread_blocked, id=8760, stack(0x00000031d9000000,0x00000031d9100000) (1024K)]
  0x000001564f093830 JavaThread "File watcher server"        daemon [_thread_blocked, id=28180, stack(0x00000031d9100000,0x00000031d9200000) (1024K)]
  0x000001564f888560 JavaThread "File watcher consumer"      daemon [_thread_blocked, id=17400, stack(0x00000031d9200000,0x00000031d9300000) (1024K)]
  0x000001564f889280 JavaThread "Cache worker for checksums cache (C:\Users\harsh\AndroidStudioProjects\VidPlay\.gradle\8.11.1\checksums)"        [_thread_blocked, id=13364, stack(0x00000031d9300000,0x00000031d9400000) (1024K)]
  0x000001564f886490 JavaThread "Cache worker for cache directory md-rule (C:\Users\harsh\.gradle\caches\8.11.1\md-rule)"        [_thread_blocked, id=18704, stack(0x00000031d9400000,0x00000031d9500000) (1024K)]
  0x000001564f885e00 JavaThread "Cache worker for cache directory md-supplier (C:\Users\harsh\.gradle\caches\8.11.1\md-supplier)"        [_thread_blocked, id=25556, stack(0x00000031d9500000,0x00000031d9600000) (1024K)]
  0x000001564f887840 JavaThread "jar transforms"                    [_thread_blocked, id=28964, stack(0x00000031d9600000,0x00000031d9700000) (1024K)]
  0x000001564f887ed0 JavaThread "jar transforms Thread 2"           [_thread_blocked, id=20780, stack(0x00000031d9700000,0x00000031d9800000) (1024K)]
  0x000001564f8871b0 JavaThread "jar transforms Thread 3"           [_thread_blocked, id=28936, stack(0x00000031d9800000,0x00000031d9900000) (1024K)]
  0x000001564f886b20 JavaThread "Unconstrained build operations"        [_thread_blocked, id=16536, stack(0x00000031d9900000,0x00000031d9a00000) (1024K)]
  0x000001564f88acc0 JavaThread "Unconstrained build operations Thread 2"        [_thread_blocked, id=9648, stack(0x00000031d9a00000,0x00000031d9b00000) (1024K)]
  0x000001564f88cd90 JavaThread "Unconstrained build operations Thread 3"        [_thread_blocked, id=23696, stack(0x00000031d9b00000,0x00000031d9c00000) (1024K)]
  0x000001564f88a630 JavaThread "Unconstrained build operations Thread 4"        [_thread_blocked, id=15516, stack(0x00000031d9c00000,0x00000031d9d00000) (1024K)]
  0x000001564f88d420 JavaThread "Unconstrained build operations Thread 5"        [_thread_blocked, id=21664, stack(0x00000031d9d00000,0x00000031d9e00000) (1024K)]
  0x000001564f88c070 JavaThread "Unconstrained build operations Thread 6"        [_thread_blocked, id=9288, stack(0x00000031d9e00000,0x00000031d9f00000) (1024K)]
  0x000001564f88c700 JavaThread "Unconstrained build operations Thread 7"        [_thread_blocked, id=26304, stack(0x00000031d9f00000,0x00000031da000000) (1024K)]
  0x000001564f88b350 JavaThread "Unconstrained build operations Thread 8"        [_thread_blocked, id=24488, stack(0x00000031da000000,0x00000031da100000) (1024K)]
  0x000001564f88b9e0 JavaThread "jar transforms Thread 4"           [_thread_blocked, id=29540, stack(0x00000031da100000,0x00000031da200000) (1024K)]
  0x000001564d233b80 JavaThread "jar transforms Thread 5"           [_thread_blocked, id=24872, stack(0x00000031da200000,0x00000031da300000) (1024K)]
  0x000001564d234210 JavaThread "Unconstrained build operations Thread 9"        [_thread_blocked, id=27024, stack(0x00000031da300000,0x00000031da400000) (1024K)]
  0x000001564d2348a0 JavaThread "Unconstrained build operations Thread 10"        [_thread_blocked, id=16972, stack(0x00000031da400000,0x00000031da500000) (1024K)]
  0x000001564d231ab0 JavaThread "Unconstrained build operations Thread 11"        [_thread_blocked, id=5912, stack(0x00000031da500000,0x00000031da600000) (1024K)]
  0x000001564d234f30 JavaThread "Unconstrained build operations Thread 12"        [_thread_blocked, id=14568, stack(0x00000031da600000,0x00000031da700000) (1024K)]
  0x000001564d2327d0 JavaThread "jar transforms Thread 6"           [_thread_blocked, id=8948, stack(0x00000031da700000,0x00000031da800000) (1024K)]
  0x000001564d2355c0 JavaThread "jar transforms Thread 7"           [_thread_blocked, id=20240, stack(0x00000031da800000,0x00000031da900000) (1024K)]
  0x000001564d232140 JavaThread "jar transforms Thread 8"           [_thread_blocked, id=26360, stack(0x00000031da900000,0x00000031daa00000) (1024K)]
  0x000001564d2334f0 JavaThread "Unconstrained build operations Thread 13"        [_thread_blocked, id=8640, stack(0x00000031daa00000,0x00000031dab00000) (1024K)]
  0x000001564d237d20 JavaThread "Unconstrained build operations Thread 14"        [_thread_blocked, id=29576, stack(0x00000031dab00000,0x00000031dac00000) (1024K)]
  0x000001564d2383b0 JavaThread "Unconstrained build operations Thread 15"        [_thread_blocked, id=10536, stack(0x00000031dac00000,0x00000031dad00000) (1024K)]
  0x000001564d238a40 JavaThread "Unconstrained build operations Thread 16"        [_thread_blocked, id=22764, stack(0x00000031dad00000,0x00000031dae00000) (1024K)]
  0x000001564d2390d0 JavaThread "Unconstrained build operations Thread 17"        [_thread_blocked, id=8992, stack(0x00000031dae00000,0x00000031daf00000) (1024K)]
  0x00000156521b2bb0 JavaThread "Unconstrained build operations Thread 18"        [_thread_blocked, id=20484, stack(0x00000031daf00000,0x00000031db000000) (1024K)]
  0x00000156521b1800 JavaThread "Unconstrained build operations Thread 19"        [_thread_blocked, id=18736, stack(0x00000031db000000,0x00000031db100000) (1024K)]
  0x00000156521b1170 JavaThread "Unconstrained build operations Thread 20"        [_thread_blocked, id=12368, stack(0x00000031db100000,0x00000031db200000) (1024K)]
  0x00000156521b0450 JavaThread "Unconstrained build operations Thread 21"        [_thread_blocked, id=29536, stack(0x00000031db200000,0x00000031db300000) (1024K)]
  0x00000156521b0ae0 JavaThread "Unconstrained build operations Thread 22"        [_thread_blocked, id=772, stack(0x00000031db300000,0x00000031db400000) (1024K)]
  0x00000156521b1e90 JavaThread "Unconstrained build operations Thread 23"        [_thread_blocked, id=19584, stack(0x00000031db400000,0x00000031db500000) (1024K)]
  0x00000156521b2520 JavaThread "Unconstrained build operations Thread 24"        [_thread_blocked, id=9500, stack(0x00000031db500000,0x00000031db600000) (1024K)]
  0x00000156521af730 JavaThread "Unconstrained build operations Thread 25"        [_thread_blocked, id=24836, stack(0x00000031db600000,0x00000031db700000) (1024K)]
  0x00000156521b3240 JavaThread "Unconstrained build operations Thread 26"        [_thread_blocked, id=26200, stack(0x00000031db700000,0x00000031db800000) (1024K)]
  0x00000156521afdc0 JavaThread "Unconstrained build operations Thread 27"        [_thread_blocked, id=16232, stack(0x00000031db800000,0x00000031db900000) (1024K)]
  0x00000156521b59a0 JavaThread "Unconstrained build operations Thread 28"        [_thread_blocked, id=18600, stack(0x00000031db900000,0x00000031dba00000) (1024K)]
  0x00000156521b66c0 JavaThread "Unconstrained build operations Thread 29"        [_thread_blocked, id=20940, stack(0x00000031dba00000,0x00000031dbb00000) (1024K)]
  0x00000156521b38d0 JavaThread "Unconstrained build operations Thread 30"        [_thread_blocked, id=22252, stack(0x00000031dbb00000,0x00000031dbc00000) (1024K)]
  0x00000156521b5310 JavaThread "Unconstrained build operations Thread 31"        [_thread_blocked, id=18844, stack(0x00000031dbc00000,0x00000031dbd00000) (1024K)]
  0x00000156521b6d50 JavaThread "Unconstrained build operations Thread 32"        [_thread_blocked, id=21584, stack(0x00000031dbd00000,0x00000031dbe00000) (1024K)]
  0x00000156521b3f60 JavaThread "Unconstrained build operations Thread 33"        [_thread_blocked, id=21736, stack(0x00000031dbe00000,0x00000031dbf00000) (1024K)]
  0x00000156521b45f0 JavaThread "Unconstrained build operations Thread 34"        [_thread_blocked, id=18884, stack(0x00000031dbf00000,0x00000031dc000000) (1024K)]
  0x00000156521b4c80 JavaThread "Unconstrained build operations Thread 35"        [_thread_blocked, id=9364, stack(0x00000031dc000000,0x00000031dc100000) (1024K)]
  0x00000156521b6030 JavaThread "Unconstrained build operations Thread 36"        [_thread_blocked, id=12084, stack(0x00000031dc100000,0x00000031dc200000) (1024K)]
  0x0000015651f27e70 JavaThread "Unconstrained build operations Thread 37"        [_thread_blocked, id=27156, stack(0x00000031dc200000,0x00000031dc300000) (1024K)]
  0x0000015651f28500 JavaThread "Unconstrained build operations Thread 38"        [_thread_blocked, id=27872, stack(0x00000031dc300000,0x00000031dc400000) (1024K)]
  0x0000015651f28b90 JavaThread "Unconstrained build operations Thread 39"        [_thread_blocked, id=6972, stack(0x00000031dc400000,0x00000031dc500000) (1024K)]
  0x0000015651f25710 JavaThread "Unconstrained build operations Thread 40"        [_thread_blocked, id=28744, stack(0x00000031dc500000,0x00000031dc600000) (1024K)]
  0x0000015651f26430 JavaThread "Unconstrained build operations Thread 41"        [_thread_blocked, id=5648, stack(0x00000031dc600000,0x00000031dc700000) (1024K)]
  0x0000015651f26ac0 JavaThread "Unconstrained build operations Thread 42"        [_thread_blocked, id=12464, stack(0x00000031dc700000,0x00000031dc800000) (1024K)]
  0x0000015651f29220 JavaThread "Unconstrained build operations Thread 43"        [_thread_blocked, id=23568, stack(0x00000031dc800000,0x00000031dc900000) (1024K)]
  0x0000015651f277e0 JavaThread "Unconstrained build operations Thread 44"        [_thread_blocked, id=10720, stack(0x00000031dc900000,0x00000031dca00000) (1024K)]
  0x0000015651f25da0 JavaThread "Unconstrained build operations Thread 45"        [_thread_blocked, id=24688, stack(0x00000031dca00000,0x00000031dcb00000) (1024K)]
  0x0000015651f2b980 JavaThread "build event listener"              [_thread_blocked, id=29060, stack(0x00000031dcb00000,0x00000031dcc00000) (1024K)]
  0x0000015651f29f40 JavaThread "Memory manager"                    [_thread_blocked, id=25220, stack(0x00000031dcc00000,0x00000031dcd00000) (1024K)]
  0x0000015651f2c010 JavaThread "build event listener"              [_thread_blocked, id=21636, stack(0x00000031dcd00000,0x00000031dce00000) (1024K)]
  0x000001564e52daf0 JavaThread "Problems report writer"            [_thread_blocked, id=24460, stack(0x00000031dce00000,0x00000031dcf00000) (1024K)]
  0x000001564e52c740 JavaThread "pool-3-thread-1"                   [_thread_blocked, id=28496, stack(0x00000031dcf00000,0x00000031dd000000) (1024K)]
  0x000001564e52eea0 JavaThread "build event listener"              [_thread_blocked, id=388, stack(0x00000031dd000000,0x00000031dd100000) (1024K)]
  0x0000015658ef5450 JavaThread "included builds"                   [_thread_blocked, id=24168, stack(0x00000031dd100000,0x00000031dd200000) (1024K)]
  0x0000015658ef6e90 JavaThread "Execution worker"                  [_thread_blocked, id=11368, stack(0x00000031dd200000,0x00000031dd300000) (1024K)]
  0x0000015658ef7520 JavaThread "Execution worker Thread 2"         [_thread_blocked, id=19624, stack(0x00000031dd300000,0x00000031dd400000) (1024K)]
  0x0000015657a46790 JavaThread "Execution worker Thread 3"         [_thread_blocked, id=29236, stack(0x00000031dd400000,0x00000031dd500000) (1024K)]
  0x0000015657a46e20 JavaThread "Execution worker Thread 4"         [_thread_blocked, id=25844, stack(0x00000031dd500000,0x00000031dd600000) (1024K)]
  0x0000015657a46100 JavaThread "Execution worker Thread 5"         [_thread_blocked, id=29600, stack(0x00000031dd600000,0x00000031dd700000) (1024K)]
  0x0000015657a474b0 JavaThread "Execution worker Thread 6"         [_thread_blocked, id=5820, stack(0x00000031dd700000,0x00000031dd800000) (1024K)]
  0x0000015657a47b40 JavaThread "Execution worker Thread 7"         [_thread_blocked, id=29076, stack(0x00000031dd800000,0x00000031dd900000) (1024K)]
  0x0000015657a446c0 JavaThread "Execution worker Thread 8"         [_thread_blocked, id=20700, stack(0x00000031dd900000,0x00000031dda00000) (1024K)]
  0x0000015657a45a70 JavaThread "Execution worker Thread 9"         [_thread_blocked, id=26884, stack(0x00000031dda00000,0x00000031ddb00000) (1024K)]
  0x0000015657a481d0 JavaThread "Execution worker Thread 10"        [_thread_blocked, id=9056, stack(0x00000031ddb00000,0x00000031ddc00000) (1024K)]
  0x0000015657a44d50 JavaThread "Execution worker Thread 11"        [_thread_blocked, id=27900, stack(0x00000031ddc00000,0x00000031ddd00000) (1024K)]
  0x0000015657a48860 JavaThread "Cache worker for execution history cache (C:\Users\harsh\AndroidStudioProjects\VidPlay\.gradle\8.11.1\executionHistory)"        [_thread_blocked, id=27008, stack(0x00000031ddd00000,0x00000031dde00000) (1024K)]
  0x0000015657a4afc0 JavaThread "Unconstrained build operations Thread 46"        [_thread_blocked, id=23836, stack(0x00000031dde00000,0x00000031ddf00000) (1024K)]
  0x0000015657a4a930 JavaThread "Unconstrained build operations Thread 47"        [_thread_blocked, id=26192, stack(0x00000031ddf00000,0x00000031de000000) (1024K)]
  0x0000015657a4a2a0 JavaThread "Unconstrained build operations Thread 48"        [_thread_blocked, id=9420, stack(0x00000031de000000,0x00000031de100000) (1024K)]
  0x0000015657a49580 JavaThread "Unconstrained build operations Thread 49"        [_thread_blocked, id=26640, stack(0x00000031de100000,0x00000031de200000) (1024K)]
  0x0000015657a48ef0 JavaThread "Unconstrained build operations Thread 50"        [_thread_blocked, id=17844, stack(0x00000031de200000,0x00000031de300000) (1024K)]
  0x0000015657a4b650 JavaThread "Unconstrained build operations Thread 51"        [_thread_blocked, id=18220, stack(0x00000031de300000,0x00000031de400000) (1024K)]
  0x0000015657a4bce0 JavaThread "Unconstrained build operations Thread 52"        [_thread_blocked, id=11124, stack(0x00000031de400000,0x00000031de500000) (1024K)]
  0x0000015657a49c10 JavaThread "Unconstrained build operations Thread 53"        [_thread_blocked, id=17192, stack(0x00000031de500000,0x00000031de600000) (1024K)]
  0x0000015658d90330 JavaThread "Unconstrained build operations Thread 54"        [_thread_blocked, id=27632, stack(0x00000031de600000,0x00000031de700000) (1024K)]
  0x0000015658d8fca0 JavaThread "Unconstrained build operations Thread 55"        [_thread_blocked, id=9064, stack(0x00000031de700000,0x00000031de800000) (1024K)]
  0x0000015658d8d540 JavaThread "Unconstrained build operations Thread 56"        [_thread_blocked, id=10528, stack(0x00000031de800000,0x00000031de900000) (1024K)]
  0x0000015658d8e8f0 JavaThread "Unconstrained build operations Thread 57"        [_thread_blocked, id=28700, stack(0x00000031de900000,0x00000031dea00000) (1024K)]
  0x0000015658d916e0 JavaThread "Unconstrained build operations Thread 58"        [_thread_blocked, id=25568, stack(0x00000031dea00000,0x00000031deb00000) (1024K)]
  0x0000015658d91050 JavaThread "Unconstrained build operations Thread 59"        [_thread_blocked, id=25680, stack(0x00000031deb00000,0x00000031dec00000) (1024K)]
  0x0000015658d8ef80 JavaThread "Unconstrained build operations Thread 60"        [_thread_blocked, id=20812, stack(0x00000031dec00000,0x00000031ded00000) (1024K)]
  0x0000015658d8e260 JavaThread "Unconstrained build operations Thread 61"        [_thread_blocked, id=22484, stack(0x00000031ded00000,0x00000031dee00000) (1024K)]
  0x0000015658d92a90 JavaThread "Unconstrained build operations Thread 62"        [_thread_blocked, id=12216, stack(0x00000031dee00000,0x00000031def00000) (1024K)]
  0x0000015658d8f610 JavaThread "Unconstrained build operations Thread 63"        [_thread_blocked, id=5276, stack(0x00000031def00000,0x00000031df000000) (1024K)]
  0x0000015658d92400 JavaThread "Unconstrained build operations Thread 64"        [_thread_blocked, id=26260, stack(0x00000031df000000,0x00000031df100000) (1024K)]
  0x0000015658d937b0 JavaThread "Unconstrained build operations Thread 65"        [_thread_blocked, id=28196, stack(0x00000031df100000,0x00000031df200000) (1024K)]
  0x0000015658d93e40 JavaThread "Unconstrained build operations Thread 66"        [_thread_blocked, id=3228, stack(0x00000031df200000,0x00000031df300000) (1024K)]
  0x0000015658d909c0 JavaThread "Unconstrained build operations Thread 67"        [_thread_blocked, id=23760, stack(0x00000031df300000,0x00000031df400000) (1024K)]
  0x0000015658d944d0 JavaThread "Unconstrained build operations Thread 68"        [_thread_blocked, id=24060, stack(0x00000031df400000,0x00000031df500000) (1024K)]
  0x0000015658d94b60 JavaThread "Unconstrained build operations Thread 69"        [_thread_blocked, id=28332, stack(0x00000031df500000,0x00000031df600000) (1024K)]
  0x0000015658ef2660 JavaThread "Unconstrained build operations Thread 70"        [_thread_blocked, id=21444, stack(0x00000031df600000,0x00000031df700000) (1024K)]
  0x0000015658ef2cf0 JavaThread "Unconstrained build operations Thread 71"        [_thread_blocked, id=29248, stack(0x00000031df700000,0x00000031df800000) (1024K)]
  0x0000015658eeff00 JavaThread "Unconstrained build operations Thread 72"        [_thread_blocked, id=23268, stack(0x00000031df800000,0x00000031df900000) (1024K)]
  0x0000015658ef3a10 JavaThread "Unconstrained build operations Thread 73"        [_thread_blocked, id=27388, stack(0x00000031df900000,0x00000031dfa00000) (1024K)]
  0x0000015658ef0c20 JavaThread "Unconstrained build operations Thread 74"        [_thread_blocked, id=25964, stack(0x00000031dfa00000,0x00000031dfb00000) (1024K)]
  0x0000015658ef0590 JavaThread "Unconstrained build operations Thread 75"        [_thread_blocked, id=29384, stack(0x00000031dfb00000,0x00000031dfc00000) (1024K)]
  0x0000015658ef40a0 JavaThread "Unconstrained build operations Thread 76"        [_thread_blocked, id=21432, stack(0x00000031dfc00000,0x00000031dfd00000) (1024K)]
  0x0000015658ef4730 JavaThread "Unconstrained build operations Thread 77"        [_thread_blocked, id=28592, stack(0x00000031dfd00000,0x00000031dfe00000) (1024K)]
  0x0000015658ef12b0 JavaThread "Unconstrained build operations Thread 78"        [_thread_blocked, id=27816, stack(0x00000031dfe00000,0x00000031dff00000) (1024K)]
  0x0000015658ef4dc0 JavaThread "Unconstrained build operations Thread 79"        [_thread_blocked, id=9544, stack(0x00000031dff00000,0x00000031e0000000) (1024K)]
  0x0000015658ef1940 JavaThread "Unconstrained build operations Thread 80"        [_thread_blocked, id=11236, stack(0x00000031e0000000,0x00000031e0100000) (1024K)]
  0x0000015658ef1fd0 JavaThread "Unconstrained build operations Thread 81"        [_thread_blocked, id=16284, stack(0x00000031e0100000,0x00000031e0200000) (1024K)]
  0x0000015658ef5ae0 JavaThread "Unconstrained build operations Thread 82"        [_thread_blocked, id=19004, stack(0x00000031e0200000,0x00000031e0300000) (1024K)]
  0x0000015658ef6170 JavaThread "Unconstrained build operations Thread 83"        [_thread_blocked, id=9268, stack(0x00000031e0300000,0x00000031e0400000) (1024K)]
  0x0000015658ef6800 JavaThread "Unconstrained build operations Thread 84"        [_thread_blocked, id=25236, stack(0x00000031e0400000,0x00000031e0500000) (1024K)]
  0x000001564e52e810 JavaThread "Unconstrained build operations Thread 85"        [_thread_blocked, id=7472, stack(0x00000031e0500000,0x00000031e0600000) (1024K)]
  0x000001564e52c0b0 JavaThread "Unconstrained build operations Thread 86"        [_thread_blocked, id=13164, stack(0x00000031e0600000,0x00000031e0700000) (1024K)]
  0x000001564e531600 JavaThread "Unconstrained build operations Thread 87"        [_thread_blocked, id=11728, stack(0x00000031e0700000,0x00000031e0800000) (1024K)]
  0x000001564e531c90 JavaThread "Unconstrained build operations Thread 88"        [_thread_blocked, id=24956, stack(0x00000031e0800000,0x00000031e0900000) (1024K)]
  0x000001564e5329b0 JavaThread "Unconstrained build operations Thread 89"        [_thread_blocked, id=29096, stack(0x00000031e0900000,0x00000031e0a00000) (1024K)]
  0x000001564e532320 JavaThread "Unconstrained build operations Thread 90"        [_thread_blocked, id=17768, stack(0x00000031e0a00000,0x00000031e0b00000) (1024K)]
  0x000001564e52fbc0 JavaThread "Unconstrained build operations Thread 91"        [_thread_blocked, id=24528, stack(0x00000031e0b00000,0x00000031e0c00000) (1024K)]
  0x000001564e52f530 JavaThread "Unconstrained build operations Thread 92"        [_thread_blocked, id=14524, stack(0x00000031e0c00000,0x00000031e0d00000) (1024K)]
  0x000001564e5336d0 JavaThread "Unconstrained build operations Thread 93"        [_thread_blocked, id=24948, stack(0x00000031e0d00000,0x00000031e0e00000) (1024K)]
  0x000001564e530f70 JavaThread "Unconstrained build operations Thread 94"        [_thread_blocked, id=13916, stack(0x00000031e0e00000,0x00000031e0f00000) (1024K)]
  0x000001564e530250 JavaThread "Unconstrained build operations Thread 95"        [_thread_blocked, id=26740, stack(0x00000031e0f00000,0x00000031e1000000) (1024K)]
  0x000001564e5308e0 JavaThread "Unconstrained build operations Thread 96"        [_thread_blocked, id=23844, stack(0x00000031e1000000,0x00000031e1100000) (1024K)]
  0x0000015657beb9f0 JavaThread "Unconstrained build operations Thread 97"        [_thread_blocked, id=26972, stack(0x00000031e1100000,0x00000031e1200000) (1024K)]
  0x0000015657be8570 JavaThread "Unconstrained build operations Thread 98"        [_thread_blocked, id=25212, stack(0x00000031e1200000,0x00000031e1300000) (1024K)]
  0x0000015657beb360 JavaThread "Unconstrained build operations Thread 99"        [_thread_blocked, id=12876, stack(0x00000031e1300000,0x00000031e1400000) (1024K)]
  0x0000015657be9fb0 JavaThread "Unconstrained build operations Thread 100"        [_thread_blocked, id=27352, stack(0x00000031e1400000,0x00000031e1500000) (1024K)]
  0x0000015657be9920 JavaThread "Unconstrained build operations Thread 101"        [_thread_blocked, id=19568, stack(0x00000031e1500000,0x00000031e1600000) (1024K)]
  0x0000015657bea640 JavaThread "Unconstrained build operations Thread 102"        [_thread_blocked, id=19224, stack(0x00000031e1600000,0x00000031e1700000) (1024K)]
  0x0000015657beacd0 JavaThread "Unconstrained build operations Thread 103"        [_thread_blocked, id=29264, stack(0x00000031e1700000,0x00000031e1800000) (1024K)]
  0x0000015657bec080 JavaThread "Unconstrained build operations Thread 104"        [_thread_blocked, id=22848, stack(0x00000031e1800000,0x00000031e1900000) (1024K)]
  0x0000015657be8c00 JavaThread "Unconstrained build operations Thread 105"        [_thread_blocked, id=24952, stack(0x00000031e1900000,0x00000031e1a00000) (1024K)]
  0x0000015657bec710 JavaThread "Unconstrained build operations Thread 106"        [_thread_blocked, id=25692, stack(0x00000031e1a00000,0x00000031e1b00000) (1024K)]
  0x0000015657be9290 JavaThread "Unconstrained build operations Thread 107"        [_thread_blocked, id=27464, stack(0x00000031e1b00000,0x00000031e1c00000) (1024K)]
  0x0000015657bee150 JavaThread "Unconstrained build operations Thread 108"        [_thread_blocked, id=25040, stack(0x00000031e1c00000,0x00000031e1d00000) (1024K)]
  0x0000015657bef500 JavaThread "Unconstrained build operations Thread 109"        [_thread_blocked, id=29448, stack(0x00000031e1d00000,0x00000031e1e00000) (1024K)]
  0x0000015657bedac0 JavaThread "Unconstrained build operations Thread 110"        [_thread_blocked, id=27940, stack(0x00000031e1e00000,0x00000031e1f00000) (1024K)]
  0x0000015657befb90 JavaThread "Unconstrained build operations Thread 111"        [_thread_blocked, id=23960, stack(0x00000031e1f00000,0x00000031e2000000) (1024K)]
  0x0000015657bed430 JavaThread "Unconstrained build operations Thread 112"        [_thread_blocked, id=12792, stack(0x00000031e2000000,0x00000031e2100000) (1024K)]
  0x0000015657bee7e0 JavaThread "Unconstrained build operations Thread 113"        [_thread_blocked, id=4532, stack(0x00000031e2100000,0x00000031e2200000) (1024K)]
  0x0000015657beee70 JavaThread "Unconstrained build operations Thread 114"        [_thread_blocked, id=20132, stack(0x00000031e2200000,0x00000031e2300000) (1024K)]
  0x0000015657bf0220 JavaThread "Unconstrained build operations Thread 115"        [_thread_blocked, id=26512, stack(0x00000031e2300000,0x00000031e2400000) (1024K)]
  0x0000015657becda0 JavaThread "Unconstrained build operations Thread 116"        [_thread_blocked, id=7084, stack(0x00000031e2400000,0x00000031e2500000) (1024K)]
  0x0000015657bf1c60 JavaThread "Unconstrained build operations Thread 117"        [_thread_blocked, id=9952, stack(0x00000031e2500000,0x00000031e2600000) (1024K)]
  0x0000015657bf36a0 JavaThread "Unconstrained build operations Thread 118"        [_thread_blocked, id=10988, stack(0x00000031e2600000,0x00000031e2700000) (1024K)]
  0x0000015657bf08b0 JavaThread "Unconstrained build operations Thread 119"        [_thread_blocked, id=17252, stack(0x00000031e2700000,0x00000031e2800000) (1024K)]
  0x0000015657bf22f0 JavaThread "Unconstrained build operations Thread 120"        [_thread_blocked, id=20288, stack(0x00000031e2800000,0x00000031e2900000) (1024K)]
  0x0000015657bf3010 JavaThread "Cache worker for Java compile cache (C:\Users\harsh\.gradle\caches\8.11.1\javaCompile)"        [_thread_blocked, id=7132, stack(0x00000031e2900000,0x00000031e2a00000) (1024K)]
  0x0000015657bf0f40 JavaThread "Build operations"                  [_thread_blocked, id=29056, stack(0x00000031e2a00000,0x00000031e2b00000) (1024K)]
  0x0000015657bf3d30 JavaThread "Build operations Thread 2"         [_thread_blocked, id=11620, stack(0x00000031e2b00000,0x00000031e2c00000) (1024K)]
  0x0000015657bf4a50 JavaThread "Build operations Thread 3"         [_thread_blocked, id=16864, stack(0x00000031e2c00000,0x00000031e2d00000) (1024K)]
  0x0000015657bf43c0 JavaThread "Build operations Thread 4"         [_thread_blocked, id=24912, stack(0x00000031e2d00000,0x00000031e2e00000) (1024K)]
  0x0000015657bf15d0 JavaThread "Build operations Thread 5"         [_thread_blocked, id=19676, stack(0x00000031e2e00000,0x00000031e2f00000) (1024K)]
  0x0000015657bf50e0 JavaThread "Build operations Thread 6"         [_thread_blocked, id=24840, stack(0x00000031e2f00000,0x00000031e3000000) (1024K)]
  0x0000015657bf5e00 JavaThread "Build operations Thread 7"         [_thread_blocked, id=26316, stack(0x00000031e3000000,0x00000031e3100000) (1024K)]
  0x0000015657bf5770 JavaThread "Build operations Thread 8"         [_thread_blocked, id=15444, stack(0x00000031e3100000,0x00000031e3200000) (1024K)]
  0x0000015657bf6490 JavaThread "Build operations Thread 9"         [_thread_blocked, id=17500, stack(0x00000031e3200000,0x00000031e3300000) (1024K)]
  0x0000015657bf6b20 JavaThread "Build operations Thread 10"        [_thread_blocked, id=17304, stack(0x00000031e3300000,0x00000031e3400000) (1024K)]
  0x0000015657bf71b0 JavaThread "Build operations Thread 11"        [_thread_blocked, id=15204, stack(0x00000031e3400000,0x00000031e3500000) (1024K)]
  0x0000015658bcbcc0 JavaThread "Build operations Thread 12"        [_thread_blocked, id=16548, stack(0x00000031e3600000,0x00000031e3700000) (1024K)]
  0x0000015658d8dbd0 JavaThread "WorkerExecutor Queue"              [_thread_blocked, id=10604, stack(0x00000031e3500000,0x00000031e3600000) (1024K)]
  0x0000015658d93120 JavaThread "WorkerExecutor Queue Thread 2"        [_thread_blocked, id=9668, stack(0x00000031e3700000,0x00000031e3800000) (1024K)]
  0x000001565857e940 JavaThread "WorkerExecutor Queue Thread 3"        [_thread_blocked, id=24768, stack(0x00000031e3800000,0x00000031e3900000) (1024K)]
  0x000001565857efd0 JavaThread "WorkerExecutor Queue Thread 4"        [_thread_blocked, id=29380, stack(0x00000031e3900000,0x00000031e3a00000) (1024K)]
  0x00000156517c2500 JavaThread "C2 CompilerThread1"         daemon [_thread_blocked, id=28828, stack(0x00000031e3a00000,0x00000031e3b00000) (1024K)]
Total: 197

Other Threads:
=>0x000001564d00b460 VMThread "VM Thread"                           [id=26932, stack(0x00000031d6b00000,0x00000031d6c00000) (1024K)]
  0x0000015648b6b220 WatcherThread "VM Periodic Task Thread"        [id=27712, stack(0x00000031d6a00000,0x00000031d6b00000) (1024K)]
  0x00000156310a4fd0 WorkerThread "GC Thread#0"                     [id=9592, stack(0x00000031d6500000,0x00000031d6600000) (1024K)]
  0x000001564d55c090 WorkerThread "GC Thread#1"                     [id=29184, stack(0x00000031d7600000,0x00000031d7700000) (1024K)]
  0x000001564d851610 WorkerThread "GC Thread#2"                     [id=4160, stack(0x00000031d7700000,0x00000031d7800000) (1024K)]
  0x000001564de2ac90 WorkerThread "GC Thread#3"                     [id=28728, stack(0x00000031d7800000,0x00000031d7900000) (1024K)]
  0x000001564de2b030 WorkerThread "GC Thread#4"                     [id=18448, stack(0x00000031d7900000,0x00000031d7a00000) (1024K)]
  0x000001564de2b3d0 WorkerThread "GC Thread#5"                     [id=3320, stack(0x00000031d7a00000,0x00000031d7b00000) (1024K)]
  0x000001564de2beb0 WorkerThread "GC Thread#6"                     [id=27500, stack(0x00000031d8500000,0x00000031d8600000) (1024K)]
  0x000001564f143c50 WorkerThread "GC Thread#7"                     [id=8312, stack(0x00000031d8600000,0x00000031d8700000) (1024K)]
  0x000001564f144e70 WorkerThread "GC Thread#8"                     [id=2088, stack(0x00000031d8700000,0x00000031d8800000) (1024K)]
  0x000001564f1455b0 WorkerThread "GC Thread#9"                     [id=17120, stack(0x00000031d8800000,0x00000031d8900000) (1024K)]
  0x00000156310b6020 ConcurrentGCThread "G1 Main Marker"            [id=19308, stack(0x00000031d6600000,0x00000031d6700000) (1024K)]
  0x00000156310b85c0 WorkerThread "G1 Conc#0"                       [id=14076, stack(0x00000031d6700000,0x00000031d6800000) (1024K)]
  0x000001564f144ad0 WorkerThread "G1 Conc#1"                       [id=25976, stack(0x00000031d8900000,0x00000031d8a00000) (1024K)]
  0x000001564f143170 WorkerThread "G1 Conc#2"                       [id=5252, stack(0x00000031d8a00000,0x00000031d8b00000) (1024K)]
  0x0000015648a30b00 ConcurrentGCThread "G1 Refine#0"               [id=2036, stack(0x00000031d6800000,0x00000031d6900000) (1024K)]
  0x0000015648a31030 ConcurrentGCThread "G1 Service"                [id=28616, stack(0x00000031d6900000,0x00000031d6a00000) (1024K)]
Total: 18

Threads with active compile tasks:
C2 CompilerThread0  26390 17820   !   4       com.android.tools.r8.dex.C::k (2746 bytes)
C2 CompilerThread1  26390 18021       4       com.google.common.collect.RegularImmutableMap::get (64 bytes)
Total: 2

VM state: at safepoint (normal execution)

VM Mutex/Monitor currently owned by a thread:  ([mutex/lock_event])
[0x00007ffcc148e3a0] Threads_lock - owner thread: 0x000001564d00b460
[0x00007ffcc148e4a0] Heap_lock - owner thread: 0x00000156310b6020

Heap address: 0x0000000080000000, size: 2048 MB, Compressed Oops mode: 32-bit

CDS archive(s) not mapped
Compressed class space mapped at: 0x0000000100000000-0x000000011a000000, reserved size: 436207616
Narrow klass base: 0x0000000000000000, Narrow klass shift: 3, Narrow klass range: 0x11a000000

GC Precious Log:
 CardTable entry size: 512
 Card Set container configuration: InlinePtr #cards 5 size 8 Array Of Cards #cards 12 size 40 Howl #buckets 4 coarsen threshold 1843 Howl Bitmap #cards 512 size 80 coarsen threshold 460 Card regions per heap region 1 cards per card region 2048
 CPUs: 12 total, 12 available
 Memory: 7581M
 Large Page Support: Disabled
 NUMA Support: Disabled
 Compressed Oops: Enabled (32-bit)
 Heap Region Size: 1M
 Heap Min Capacity: 8M
 Heap Initial Capacity: 120M
 Heap Max Capacity: 2G
 Pre-touch: Disabled
 Parallel Workers: 10
 Concurrent Workers: 3
 Concurrent Refinement Workers: 10
 Periodic GC: Disabled

Heap:
 garbage-first heap   total 667648K, used 582022K [0x0000000080000000, 0x0000000100000000)
  region size 1024K, 101 young (103424K), 13 survivors (13312K)
 Metaspace       used 132193K, committed 134528K, reserved 557056K
  class space    used 17698K, committed 18816K, reserved 425984K

Heap Regions: E=young(eden), S=young(survivor), O=old, HS=humongous(starts), HC=humongous(continues), CS=collection set, F=free, TAMS=top-at-mark-start, PB=parsable bottom
|   0|0x0000000080000000, 0x0000000080100000, 0x0000000080100000|100%| O|  |TAMS 0x0000000080100000| PB 0x0000000080100000| Updating 
|   1|0x0000000080100000, 0x0000000080200000, 0x0000000080200000|100%|HS|  |TAMS 0x0000000080200000| PB 0x0000000080100000| Complete 
|   2|0x0000000080200000, 0x0000000080300000, 0x0000000080300000|100%|HC|  |TAMS 0x0000000080300000| PB 0x0000000080200000| Complete 
|   3|0x0000000080300000, 0x0000000080400000, 0x0000000080400000|100%|HC|  |TAMS 0x0000000080400000| PB 0x0000000080300000| Complete 
|   4|0x0000000080400000, 0x0000000080500000, 0x0000000080500000|100%| O|  |TAMS 0x0000000080500000| PB 0x0000000080500000| Untracked 
|   5|0x0000000080500000, 0x0000000080600000, 0x0000000080600000|100%| O|  |TAMS 0x0000000080600000| PB 0x0000000080600000| Untracked 
|   6|0x0000000080600000, 0x0000000080700000, 0x0000000080700000|100%| O|  |TAMS 0x0000000080700000| PB 0x0000000080700000| Updating 
|   7|0x0000000080700000, 0x0000000080800000, 0x0000000080800000|100%|HS|  |TAMS 0x0000000080800000| PB 0x0000000080700000| Complete 
|   8|0x0000000080800000, 0x0000000080900000, 0x0000000080900000|100%| O|  |TAMS 0x0000000080900000| PB 0x0000000080900000| Untracked 
|   9|0x0000000080900000, 0x0000000080a00000, 0x0000000080a00000|100%| O|  |TAMS 0x0000000080a00000| PB 0x0000000080a00000| Untracked 
|  10|0x0000000080a00000, 0x0000000080b00000, 0x0000000080b00000|100%| O|  |TAMS 0x0000000080b00000| PB 0x0000000080b00000| Untracked 
|  11|0x0000000080b00000, 0x0000000080c00000, 0x0000000080c00000|100%| O|  |TAMS 0x0000000080c00000| PB 0x0000000080c00000| Untracked 
|  12|0x0000000080c00000, 0x0000000080d00000, 0x0000000080d00000|100%| O|  |TAMS 0x0000000080d00000| PB 0x0000000080d00000| Untracked 
|  13|0x0000000080d00000, 0x0000000080e00000, 0x0000000080e00000|100%| O|  |TAMS 0x0000000080e00000| PB 0x0000000080e00000| Untracked 
|  14|0x0000000080e00000, 0x0000000080f00000, 0x0000000080f00000|100%| O|  |TAMS 0x0000000080f00000| PB 0x0000000080f00000| Untracked 
|  15|0x0000000080f00000, 0x0000000081000000, 0x0000000081000000|100%| O|  |TAMS 0x0000000081000000| PB 0x0000000081000000| Updating 
|  16|0x0000000081000000, 0x0000000081100000, 0x0000000081100000|100%| O|  |TAMS 0x0000000081100000| PB 0x0000000081100000| Updating 
|  17|0x0000000081100000, 0x0000000081200000, 0x0000000081200000|100%| O|  |TAMS 0x0000000081200000| PB 0x0000000081200000| Untracked 
|  18|0x0000000081200000, 0x0000000081300000, 0x0000000081300000|100%| O|  |TAMS 0x0000000081300000| PB 0x0000000081300000| Updating 
|  19|0x0000000081300000, 0x0000000081400000, 0x0000000081400000|100%| O|  |TAMS 0x0000000081400000| PB 0x0000000081400000| Untracked 
|  20|0x0000000081400000, 0x0000000081500000, 0x0000000081500000|100%| O|  |TAMS 0x0000000081500000| PB 0x0000000081500000| Untracked 
|  21|0x0000000081500000, 0x0000000081600000, 0x0000000081600000|100%| O|  |TAMS 0x0000000081600000| PB 0x0000000081600000| Updating 
|  22|0x0000000081600000, 0x0000000081700000, 0x0000000081700000|100%| O|  |TAMS 0x0000000081600000| PB 0x0000000081600000| Untracked 
|  23|0x0000000081700000, 0x0000000081800000, 0x0000000081800000|100%| O|  |TAMS 0x0000000081800000| PB 0x0000000081800000| Untracked 
|  24|0x0000000081800000, 0x0000000081900000, 0x0000000081900000|100%| O|  |TAMS 0x0000000081900000| PB 0x0000000081900000| Updating 
|  25|0x0000000081900000, 0x0000000081a00000, 0x0000000081a00000|100%| O|  |TAMS 0x0000000081a00000| PB 0x0000000081a00000| Untracked 
|  26|0x0000000081a00000, 0x0000000081b00000, 0x0000000081b00000|100%| O|  |TAMS 0x0000000081b00000| PB 0x0000000081b00000| Untracked 
|  27|0x0000000081b00000, 0x0000000081c00000, 0x0000000081c00000|100%| O|  |TAMS 0x0000000081c00000| PB 0x0000000081c00000| Updating 
|  28|0x0000000081c00000, 0x0000000081d00000, 0x0000000081d00000|100%| O|  |TAMS 0x0000000081d00000| PB 0x0000000081d00000| Untracked 
|  29|0x0000000081d00000, 0x0000000081e00000, 0x0000000081e00000|100%| O|  |TAMS 0x0000000081e00000| PB 0x0000000081e00000| Untracked 
|  30|0x0000000081e00000, 0x0000000081f00000, 0x0000000081f00000|100%| O|  |TAMS 0x0000000081f00000| PB 0x0000000081f00000| Untracked 
|  31|0x0000000081f00000, 0x0000000082000000, 0x0000000082000000|100%| O|  |TAMS 0x0000000082000000| PB 0x0000000082000000| Untracked 
|  32|0x0000000082000000, 0x0000000082100000, 0x0000000082100000|100%| O|  |TAMS 0x0000000082100000| PB 0x0000000082100000| Updating 
|  33|0x0000000082100000, 0x00000000821ffff8, 0x0000000082200000| 99%| O|  |TAMS 0x00000000821ffff8| PB 0x00000000821ffff8| Untracked 
|  34|0x0000000082200000, 0x0000000082300000, 0x0000000082300000|100%| O|  |TAMS 0x0000000082300000| PB 0x0000000082300000| Untracked 
|  35|0x0000000082300000, 0x0000000082400000, 0x0000000082400000|100%| O|  |TAMS 0x0000000082400000| PB 0x0000000082400000| Untracked 
|  36|0x0000000082400000, 0x0000000082500000, 0x0000000082500000|100%| O|  |TAMS 0x0000000082500000| PB 0x0000000082500000| Untracked 
|  37|0x0000000082500000, 0x0000000082600000, 0x0000000082600000|100%| O|  |TAMS 0x0000000082600000| PB 0x0000000082600000| Updating 
|  38|0x0000000082600000, 0x0000000082700000, 0x0000000082700000|100%| O|  |TAMS 0x0000000082700000| PB 0x0000000082700000| Updating 
|  39|0x0000000082700000, 0x0000000082800000, 0x0000000082800000|100%| O|  |TAMS 0x0000000082800000| PB 0x0000000082800000| Untracked 
|  40|0x0000000082800000, 0x0000000082900000, 0x0000000082900000|100%| O|  |TAMS 0x0000000082900000| PB 0x0000000082900000| Untracked 
|  41|0x0000000082900000, 0x0000000082a00000, 0x0000000082a00000|100%| O|  |TAMS 0x0000000082a00000| PB 0x0000000082a00000| Untracked 
|  42|0x0000000082a00000, 0x0000000082b00000, 0x0000000082b00000|100%| O|  |TAMS 0x0000000082b00000| PB 0x0000000082b00000| Untracked 
|  43|0x0000000082b00000, 0x0000000082c00000, 0x0000000082c00000|100%| O|  |TAMS 0x0000000082c00000| PB 0x0000000082c00000| Updating 
|  44|0x0000000082c00000, 0x0000000082d00000, 0x0000000082d00000|100%| O|  |TAMS 0x0000000082d00000| PB 0x0000000082d00000| Untracked 
|  45|0x0000000082d00000, 0x0000000082e00000, 0x0000000082e00000|100%|HS|  |TAMS 0x0000000082e00000| PB 0x0000000082d00000| Complete 
|  46|0x0000000082e00000, 0x0000000082f00000, 0x0000000082f00000|100%|HS|  |TAMS 0x0000000082f00000| PB 0x0000000082e00000| Complete 
|  47|0x0000000082f00000, 0x0000000083000000, 0x0000000083000000|100%|HS|  |TAMS 0x0000000083000000| PB 0x0000000082f00000| Complete 
|  48|0x0000000083000000, 0x0000000083100000, 0x0000000083100000|100%|HC|  |TAMS 0x0000000083100000| PB 0x0000000083000000| Complete 
|  49|0x0000000083100000, 0x0000000083200000, 0x0000000083200000|100%|HS|  |TAMS 0x0000000083200000| PB 0x0000000083100000| Complete 
|  50|0x0000000083200000, 0x0000000083300000, 0x0000000083300000|100%|HC|  |TAMS 0x0000000083300000| PB 0x0000000083200000| Complete 
|  51|0x0000000083300000, 0x0000000083400000, 0x0000000083400000|100%|HS|  |TAMS 0x0000000083400000| PB 0x0000000083300000| Complete 
|  52|0x0000000083400000, 0x0000000083500000, 0x0000000083500000|100%|HS|  |TAMS 0x0000000083500000| PB 0x0000000083400000| Complete 
|  53|0x0000000083500000, 0x0000000083600000, 0x0000000083600000|100%| O|  |TAMS 0x0000000083600000| PB 0x0000000083600000| Updating 
|  54|0x0000000083600000, 0x0000000083700000, 0x0000000083700000|100%| O|  |TAMS 0x0000000083700000| PB 0x0000000083700000| Updating 
|  55|0x0000000083700000, 0x0000000083800000, 0x0000000083800000|100%| O|  |TAMS 0x0000000083800000| PB 0x0000000083800000| Updating 
|  56|0x0000000083800000, 0x0000000083900000, 0x0000000083900000|100%| O|  |TAMS 0x0000000083900000| PB 0x0000000083900000| Untracked 
|  57|0x0000000083900000, 0x0000000083a00000, 0x0000000083a00000|100%| O|  |TAMS 0x0000000083a00000| PB 0x0000000083a00000| Updating 
|  58|0x0000000083a00000, 0x0000000083b00000, 0x0000000083b00000|100%| O|  |TAMS 0x0000000083b00000| PB 0x0000000083b00000| Untracked 
|  59|0x0000000083b00000, 0x0000000083c00000, 0x0000000083c00000|100%|HS|  |TAMS 0x0000000083c00000| PB 0x0000000083b00000| Complete 
|  60|0x0000000083c00000, 0x0000000083d00000, 0x0000000083d00000|100%|HC|  |TAMS 0x0000000083d00000| PB 0x0000000083c00000| Complete 
|  61|0x0000000083d00000, 0x0000000083e00000, 0x0000000083e00000|100%|HC|  |TAMS 0x0000000083e00000| PB 0x0000000083d00000| Complete 
|  62|0x0000000083e00000, 0x0000000083f00000, 0x0000000083f00000|100%| O|  |TAMS 0x0000000083f00000| PB 0x0000000083f00000| Untracked 
|  63|0x0000000083f00000, 0x0000000084000000, 0x0000000084000000|100%| O|  |TAMS 0x0000000084000000| PB 0x0000000084000000| Untracked 
|  64|0x0000000084000000, 0x0000000084100000, 0x0000000084100000|100%| O|  |TAMS 0x0000000084100000| PB 0x0000000084100000| Untracked 
|  65|0x0000000084100000, 0x0000000084200000, 0x0000000084200000|100%| O|  |TAMS 0x0000000084200000| PB 0x0000000084200000| Untracked 
|  66|0x0000000084200000, 0x0000000084300000, 0x0000000084300000|100%|HS|  |TAMS 0x0000000084300000| PB 0x0000000084200000| Complete 
|  67|0x0000000084300000, 0x0000000084400000, 0x0000000084400000|100%| O|  |TAMS 0x0000000084400000| PB 0x0000000084400000| Untracked 
|  68|0x0000000084400000, 0x0000000084500000, 0x0000000084500000|100%|HS|  |TAMS 0x0000000084500000| PB 0x0000000084400000| Complete 
|  69|0x0000000084500000, 0x0000000084600000, 0x0000000084600000|100%|HS|  |TAMS 0x0000000084600000| PB 0x0000000084500000| Complete 
|  70|0x0000000084600000, 0x0000000084700000, 0x0000000084700000|100%| O|  |TAMS 0x0000000084700000| PB 0x0000000084700000| Updating 
|  71|0x0000000084700000, 0x0000000084800000, 0x0000000084800000|100%| O|  |TAMS 0x0000000084700000| PB 0x0000000084700000| Untracked 
|  72|0x0000000084800000, 0x0000000084900000, 0x0000000084900000|100%| O|  |TAMS 0x0000000084900000| PB 0x0000000084900000| Updating 
|  73|0x0000000084900000, 0x0000000084a00000, 0x0000000084a00000|100%| O|  |TAMS 0x0000000084a00000| PB 0x0000000084a00000| Updating 
|  74|0x0000000084a00000, 0x0000000084b00000, 0x0000000084b00000|100%|HS|  |TAMS 0x0000000084b00000| PB 0x0000000084a00000| Complete 
|  75|0x0000000084b00000, 0x0000000084c00000, 0x0000000084c00000|100%| O|  |TAMS 0x0000000084c00000| PB 0x0000000084c00000| Untracked 
|  76|0x0000000084c00000, 0x0000000084d00000, 0x0000000084d00000|100%| O|  |TAMS 0x0000000084d00000| PB 0x0000000084d00000| Untracked 
|  77|0x0000000084d00000, 0x0000000084e00000, 0x0000000084e00000|100%|HS|  |TAMS 0x0000000084e00000| PB 0x0000000084d00000| Complete 
|  78|0x0000000084e00000, 0x0000000084f00000, 0x0000000084f00000|100%|HC|  |TAMS 0x0000000084f00000| PB 0x0000000084e00000| Complete 
|  79|0x0000000084f00000, 0x0000000085000000, 0x0000000085000000|100%|HC|  |TAMS 0x0000000085000000| PB 0x0000000084f00000| Complete 
|  80|0x0000000085000000, 0x0000000085100000, 0x0000000085100000|100%| O|  |TAMS 0x0000000085100000| PB 0x0000000085100000| Updating 
|  81|0x0000000085100000, 0x0000000085200000, 0x0000000085200000|100%| O|  |TAMS 0x0000000085200000| PB 0x0000000085200000| Updating 
|  82|0x0000000085200000, 0x0000000085300000, 0x0000000085300000|100%| O|  |TAMS 0x0000000085300000| PB 0x0000000085300000| Untracked 
|  83|0x0000000085300000, 0x0000000085400000, 0x0000000085400000|100%| O|  |TAMS 0x0000000085400000| PB 0x0000000085400000| Updating 
|  84|0x0000000085400000, 0x0000000085500000, 0x0000000085500000|100%| O|  |TAMS 0x0000000085500000| PB 0x0000000085500000| Untracked 
|  85|0x0000000085500000, 0x0000000085600000, 0x0000000085600000|100%| O|  |TAMS 0x0000000085600000| PB 0x0000000085600000| Untracked 
|  86|0x0000000085600000, 0x0000000085700000, 0x0000000085700000|100%| O|  |TAMS 0x0000000085700000| PB 0x0000000085700000| Untracked 
|  87|0x0000000085700000, 0x0000000085800000, 0x0000000085800000|100%| O|  |TAMS 0x0000000085800000| PB 0x0000000085800000| Updating 
|  88|0x0000000085800000, 0x0000000085900000, 0x0000000085900000|100%| O|  |TAMS 0x0000000085900000| PB 0x0000000085900000| Updating 
|  89|0x0000000085900000, 0x0000000085a00000, 0x0000000085a00000|100%| O|  |TAMS 0x0000000085a00000| PB 0x0000000085a00000| Untracked 
|  90|0x0000000085a00000, 0x0000000085b00000, 0x0000000085b00000|100%| O|  |TAMS 0x0000000085b00000| PB 0x0000000085b00000| Updating 
|  91|0x0000000085b00000, 0x0000000085c00000, 0x0000000085c00000|100%| O|  |TAMS 0x0000000085c00000| PB 0x0000000085c00000| Untracked 
|  92|0x0000000085c00000, 0x0000000085d00000, 0x0000000085d00000|100%| O|  |TAMS 0x0000000085d00000| PB 0x0000000085d00000| Untracked 
|  93|0x0000000085d00000, 0x0000000085e00000, 0x0000000085e00000|100%| O|  |TAMS 0x0000000085e00000| PB 0x0000000085e00000| Updating 
|  94|0x0000000085e00000, 0x0000000085f00000, 0x0000000085f00000|100%| O|  |TAMS 0x0000000085f00000| PB 0x0000000085f00000| Untracked 
|  95|0x0000000085f00000, 0x0000000086000000, 0x0000000086000000|100%| O|  |TAMS 0x0000000086000000| PB 0x0000000086000000| Untracked 
|  96|0x0000000086000000, 0x0000000086100000, 0x0000000086100000|100%| O|  |TAMS 0x0000000086100000| PB 0x0000000086100000| Untracked 
|  97|0x0000000086100000, 0x0000000086200000, 0x0000000086200000|100%| O|  |TAMS 0x0000000086200000| PB 0x0000000086200000| Untracked 
|  98|0x0000000086200000, 0x0000000086300000, 0x0000000086300000|100%| O|  |TAMS 0x0000000086300000| PB 0x0000000086300000| Untracked 
|  99|0x0000000086300000, 0x0000000086400000, 0x0000000086400000|100%| O|  |TAMS 0x0000000086400000| PB 0x0000000086400000| Untracked 
| 100|0x0000000086400000, 0x0000000086500000, 0x0000000086500000|100%| O|  |TAMS 0x0000000086500000| PB 0x0000000086500000| Untracked 
| 101|0x0000000086500000, 0x0000000086600000, 0x0000000086600000|100%| O|  |TAMS 0x0000000086600000| PB 0x0000000086600000| Untracked 
| 102|0x0000000086600000, 0x0000000086700000, 0x0000000086700000|100%| O|  |TAMS 0x0000000086700000| PB 0x0000000086700000| Untracked 
| 103|0x0000000086700000, 0x0000000086800000, 0x0000000086800000|100%|HS|  |TAMS 0x0000000086800000| PB 0x0000000086700000| Complete 
| 104|0x0000000086800000, 0x0000000086900000, 0x0000000086900000|100%| O|  |TAMS 0x0000000086900000| PB 0x0000000086900000| Updating 
| 105|0x0000000086900000, 0x0000000086a00000, 0x0000000086a00000|100%| O|  |TAMS 0x0000000086a00000| PB 0x0000000086a00000| Updating 
| 106|0x0000000086a00000, 0x0000000086b00000, 0x0000000086b00000|100%| O|  |TAMS 0x0000000086b00000| PB 0x0000000086b00000| Untracked 
| 107|0x0000000086b00000, 0x0000000086c00000, 0x0000000086c00000|100%| O|  |TAMS 0x0000000086c00000| PB 0x0000000086c00000| Untracked 
| 108|0x0000000086c00000, 0x0000000086d00000, 0x0000000086d00000|100%| O|  |TAMS 0x0000000086d00000| PB 0x0000000086d00000| Updating 
| 109|0x0000000086d00000, 0x0000000086e00000, 0x0000000086e00000|100%| O|  |TAMS 0x0000000086e00000| PB 0x0000000086e00000| Updating 
| 110|0x0000000086e00000, 0x0000000086f00000, 0x0000000086f00000|100%| O|  |TAMS 0x0000000086f00000| PB 0x0000000086f00000| Updating 
| 111|0x0000000086f00000, 0x0000000087000000, 0x0000000087000000|100%| O|  |TAMS 0x0000000087000000| PB 0x0000000087000000| Untracked 
| 112|0x0000000087000000, 0x0000000087100000, 0x0000000087100000|100%| O|  |TAMS 0x0000000087100000| PB 0x0000000087100000| Untracked 
| 113|0x0000000087100000, 0x0000000087200000, 0x0000000087200000|100%| O|  |TAMS 0x0000000087200000| PB 0x0000000087200000| Untracked 
| 114|0x0000000087200000, 0x0000000087300000, 0x0000000087300000|100%| O|  |TAMS 0x0000000087300000| PB 0x0000000087300000| Untracked 
| 115|0x0000000087300000, 0x0000000087400000, 0x0000000087400000|100%| O|  |TAMS 0x0000000087400000| PB 0x0000000087400000| Untracked 
| 116|0x0000000087400000, 0x0000000087500000, 0x0000000087500000|100%| O|  |TAMS 0x0000000087500000| PB 0x0000000087500000| Untracked 
| 117|0x0000000087500000, 0x0000000087600000, 0x0000000087600000|100%| O|  |TAMS 0x0000000087600000| PB 0x0000000087600000| Untracked 
| 118|0x0000000087600000, 0x0000000087700000, 0x0000000087700000|100%| O|  |TAMS 0x0000000087700000| PB 0x0000000087700000| Untracked 
| 119|0x0000000087700000, 0x0000000087800000, 0x0000000087800000|100%| O|  |TAMS 0x0000000087800000| PB 0x0000000087800000| Untracked 
| 120|0x0000000087800000, 0x0000000087900000, 0x0000000087900000|100%| O|  |TAMS 0x0000000087900000| PB 0x0000000087900000| Updating 
| 121|0x0000000087900000, 0x0000000087a00000, 0x0000000087a00000|100%| O|  |TAMS 0x0000000087a00000| PB 0x0000000087a00000| Updating 
| 122|0x0000000087a00000, 0x0000000087b00000, 0x0000000087b00000|100%| O|  |TAMS 0x0000000087b00000| PB 0x0000000087b00000| Untracked 
| 123|0x0000000087b00000, 0x0000000087c00000, 0x0000000087c00000|100%| O|  |TAMS 0x0000000087c00000| PB 0x0000000087c00000| Updating 
| 124|0x0000000087c00000, 0x0000000087d00000, 0x0000000087d00000|100%| O|  |TAMS 0x0000000087d00000| PB 0x0000000087d00000| Untracked 
| 125|0x0000000087d00000, 0x0000000087e00000, 0x0000000087e00000|100%| O|  |TAMS 0x0000000087e00000| PB 0x0000000087e00000| Updating 
| 126|0x0000000087e00000, 0x0000000087f00000, 0x0000000087f00000|100%| O|  |TAMS 0x0000000087f00000| PB 0x0000000087f00000| Untracked 
| 127|0x0000000087f00000, 0x0000000088000000, 0x0000000088000000|100%|HS|  |TAMS 0x0000000088000000| PB 0x0000000087f00000| Complete 
| 128|0x0000000088000000, 0x0000000088100000, 0x0000000088100000|100%| O|  |TAMS 0x0000000088100000| PB 0x0000000088100000| Updating 
| 129|0x0000000088100000, 0x0000000088200000, 0x0000000088200000|100%| O|  |TAMS 0x0000000088200000| PB 0x0000000088200000| Untracked 
| 130|0x0000000088200000, 0x0000000088300000, 0x0000000088300000|100%| O|  |TAMS 0x0000000088300000| PB 0x0000000088300000| Untracked 
| 131|0x0000000088300000, 0x0000000088400000, 0x0000000088400000|100%| O|  |TAMS 0x0000000088400000| PB 0x0000000088400000| Updating 
| 132|0x0000000088400000, 0x0000000088500000, 0x0000000088500000|100%| O|  |TAMS 0x0000000088500000| PB 0x0000000088500000| Updating 
| 133|0x0000000088500000, 0x0000000088600000, 0x0000000088600000|100%| O|  |TAMS 0x0000000088600000| PB 0x0000000088600000| Updating 
| 134|0x0000000088600000, 0x0000000088700000, 0x0000000088700000|100%| O|  |TAMS 0x0000000088700000| PB 0x0000000088700000| Updating 
| 135|0x0000000088700000, 0x0000000088800000, 0x0000000088800000|100%| O|  |TAMS 0x0000000088800000| PB 0x0000000088800000| Updating 
| 136|0x0000000088800000, 0x0000000088900000, 0x0000000088900000|100%|HS|  |TAMS 0x0000000088900000| PB 0x0000000088800000| Complete 
| 137|0x0000000088900000, 0x0000000088a00000, 0x0000000088a00000|100%|HC|  |TAMS 0x0000000088a00000| PB 0x0000000088900000| Complete 
| 138|0x0000000088a00000, 0x0000000088b00000, 0x0000000088b00000|100%| O|  |TAMS 0x0000000088b00000| PB 0x0000000088b00000| Untracked 
| 139|0x0000000088b00000, 0x0000000088c00000, 0x0000000088c00000|100%|HS|  |TAMS 0x0000000088c00000| PB 0x0000000088b00000| Complete 
| 140|0x0000000088c00000, 0x0000000088d00000, 0x0000000088d00000|100%| O|  |TAMS 0x0000000088c00000| PB 0x0000000088c00000| Untracked 
| 141|0x0000000088d00000, 0x0000000088e00000, 0x0000000088e00000|100%|HS|  |TAMS 0x0000000088e00000| PB 0x0000000088d00000| Complete 
| 142|0x0000000088e00000, 0x0000000088f00000, 0x0000000088f00000|100%|HS|  |TAMS 0x0000000088f00000| PB 0x0000000088e00000| Complete 
| 143|0x0000000088f00000, 0x0000000089000000, 0x0000000089000000|100%|HS|  |TAMS 0x0000000089000000| PB 0x0000000088f00000| Complete 
| 144|0x0000000089000000, 0x0000000089100000, 0x0000000089100000|100%|HS|  |TAMS 0x0000000089100000| PB 0x0000000089000000| Complete 
| 145|0x0000000089100000, 0x0000000089200000, 0x0000000089200000|100%| O|  |TAMS 0x0000000089200000| PB 0x0000000089200000| Updating 
| 146|0x0000000089200000, 0x0000000089300000, 0x0000000089300000|100%| O|  |TAMS 0x0000000089200000| PB 0x0000000089200000| Untracked 
| 147|0x0000000089300000, 0x0000000089400000, 0x0000000089400000|100%| O|  |TAMS 0x0000000089300000| PB 0x0000000089300000| Untracked 
| 148|0x0000000089400000, 0x0000000089500000, 0x0000000089500000|100%| O|  |TAMS 0x0000000089500000| PB 0x0000000089500000| Untracked 
| 149|0x0000000089500000, 0x0000000089600000, 0x0000000089600000|100%| O|  |TAMS 0x0000000089600000| PB 0x0000000089600000| Untracked 
| 150|0x0000000089600000, 0x0000000089700000, 0x0000000089700000|100%| O|  |TAMS 0x0000000089700000| PB 0x0000000089700000| Updating 
| 151|0x0000000089700000, 0x0000000089800000, 0x0000000089800000|100%| O|  |TAMS 0x0000000089800000| PB 0x0000000089800000| Untracked 
| 152|0x0000000089800000, 0x0000000089900000, 0x0000000089900000|100%| O|  |TAMS 0x0000000089900000| PB 0x0000000089900000| Untracked 
| 153|0x0000000089900000, 0x0000000089a00000, 0x0000000089a00000|100%| O|  |TAMS 0x0000000089a00000| PB 0x0000000089a00000| Untracked 
| 154|0x0000000089a00000, 0x0000000089b00000, 0x0000000089b00000|100%| O|  |TAMS 0x0000000089b00000| PB 0x0000000089b00000| Untracked 
| 155|0x0000000089b00000, 0x0000000089c00000, 0x0000000089c00000|100%| O|  |TAMS 0x0000000089c00000| PB 0x0000000089c00000| Untracked 
| 156|0x0000000089c00000, 0x0000000089d00000, 0x0000000089d00000|100%| O|  |TAMS 0x0000000089d00000| PB 0x0000000089d00000| Untracked 
| 157|0x0000000089d00000, 0x0000000089e00000, 0x0000000089e00000|100%| O|  |TAMS 0x0000000089e00000| PB 0x0000000089e00000| Updating 
| 158|0x0000000089e00000, 0x0000000089f00000, 0x0000000089f00000|100%| O|  |TAMS 0x0000000089f00000| PB 0x0000000089f00000| Untracked 
| 159|0x0000000089f00000, 0x000000008a000000, 0x000000008a000000|100%| O|  |TAMS 0x000000008a000000| PB 0x000000008a000000| Untracked 
| 160|0x000000008a000000, 0x000000008a100000, 0x000000008a100000|100%| O|  |TAMS 0x000000008a100000| PB 0x000000008a100000| Untracked 
| 161|0x000000008a100000, 0x000000008a200000, 0x000000008a200000|100%| O|  |TAMS 0x000000008a200000| PB 0x000000008a200000| Untracked 
| 162|0x000000008a200000, 0x000000008a300000, 0x000000008a300000|100%| O|  |TAMS 0x000000008a300000| PB 0x000000008a300000| Untracked 
| 163|0x000000008a300000, 0x000000008a400000, 0x000000008a400000|100%| O|  |TAMS 0x000000008a300000| PB 0x000000008a300000| Untracked 
| 164|0x000000008a400000, 0x000000008a500000, 0x000000008a500000|100%| O|  |TAMS 0x000000008a500000| PB 0x000000008a500000| Updating 
| 165|0x000000008a500000, 0x000000008a600000, 0x000000008a600000|100%| O|  |TAMS 0x000000008a600000| PB 0x000000008a600000| Untracked 
| 166|0x000000008a600000, 0x000000008a700000, 0x000000008a700000|100%| O|  |TAMS 0x000000008a700000| PB 0x000000008a700000| Updating 
| 167|0x000000008a700000, 0x000000008a800000, 0x000000008a800000|100%| O|  |TAMS 0x000000008a800000| PB 0x000000008a800000| Untracked 
| 168|0x000000008a800000, 0x000000008a900000, 0x000000008a900000|100%| O|  |TAMS 0x000000008a800000| PB 0x000000008a800000| Untracked 
| 169|0x000000008a900000, 0x000000008aa00000, 0x000000008aa00000|100%| O|  |TAMS 0x000000008aa00000| PB 0x000000008aa00000| Untracked 
| 170|0x000000008aa00000, 0x000000008ab00000, 0x000000008ab00000|100%| O|  |TAMS 0x000000008ab00000| PB 0x000000008ab00000| Untracked 
| 171|0x000000008ab00000, 0x000000008ac00000, 0x000000008ac00000|100%| O|  |TAMS 0x000000008ac00000| PB 0x000000008ac00000| Untracked 
| 172|0x000000008ac00000, 0x000000008ad00000, 0x000000008ad00000|100%| O|  |TAMS 0x000000008ad00000| PB 0x000000008ad00000| Untracked 
| 173|0x000000008ad00000, 0x000000008ae00000, 0x000000008ae00000|100%|HS|  |TAMS 0x000000008ae00000| PB 0x000000008ad00000| Complete 
| 174|0x000000008ae00000, 0x000000008af00000, 0x000000008af00000|100%|HS|  |TAMS 0x000000008af00000| PB 0x000000008ae00000| Complete 
| 175|0x000000008af00000, 0x000000008b000000, 0x000000008b000000|100%|HC|  |TAMS 0x000000008b000000| PB 0x000000008af00000| Complete 
| 176|0x000000008b000000, 0x000000008b100000, 0x000000008b100000|100%| O|  |TAMS 0x000000008b100000| PB 0x000000008b100000| Untracked 
| 177|0x000000008b100000, 0x000000008b200000, 0x000000008b200000|100%| O|  |TAMS 0x000000008b200000| PB 0x000000008b200000| Updating 
| 178|0x000000008b200000, 0x000000008b300000, 0x000000008b300000|100%|HS|  |TAMS 0x000000008b300000| PB 0x000000008b200000| Complete 
| 179|0x000000008b300000, 0x000000008b400000, 0x000000008b400000|100%| O|  |TAMS 0x000000008b400000| PB 0x000000008b400000| Updating 
| 180|0x000000008b400000, 0x000000008b500000, 0x000000008b500000|100%| O|  |TAMS 0x000000008b500000| PB 0x000000008b500000| Updating 
| 181|0x000000008b500000, 0x000000008b600000, 0x000000008b600000|100%| O|  |TAMS 0x000000008b600000| PB 0x000000008b600000| Updating 
| 182|0x000000008b600000, 0x000000008b700000, 0x000000008b700000|100%| O|  |TAMS 0x000000008b700000| PB 0x000000008b700000| Updating 
| 183|0x000000008b700000, 0x000000008b800000, 0x000000008b800000|100%| O|  |TAMS 0x000000008b800000| PB 0x000000008b800000| Updating 
| 184|0x000000008b800000, 0x000000008b900000, 0x000000008b900000|100%| O|  |TAMS 0x000000008b900000| PB 0x000000008b900000| Updating 
| 185|0x000000008b900000, 0x000000008ba00000, 0x000000008ba00000|100%| O|  |TAMS 0x000000008ba00000| PB 0x000000008ba00000| Updating 
| 186|0x000000008ba00000, 0x000000008bb00000, 0x000000008bb00000|100%|HS|  |TAMS 0x000000008bb00000| PB 0x000000008ba00000| Complete 
| 187|0x000000008bb00000, 0x000000008bc00000, 0x000000008bc00000|100%|HC|  |TAMS 0x000000008bc00000| PB 0x000000008bb00000| Complete 
| 188|0x000000008bc00000, 0x000000008bd00000, 0x000000008bd00000|100%|HC|  |TAMS 0x000000008bd00000| PB 0x000000008bc00000| Complete 
| 189|0x000000008bd00000, 0x000000008be00000, 0x000000008be00000|100%|HC|  |TAMS 0x000000008be00000| PB 0x000000008bd00000| Complete 
| 190|0x000000008be00000, 0x000000008bf00000, 0x000000008bf00000|100%|HC|  |TAMS 0x000000008bf00000| PB 0x000000008be00000| Complete 
| 191|0x000000008bf00000, 0x000000008c000000, 0x000000008c000000|100%|HC|  |TAMS 0x000000008c000000| PB 0x000000008bf00000| Complete 
| 192|0x000000008c000000, 0x000000008c100000, 0x000000008c100000|100%|HS|  |TAMS 0x000000008c100000| PB 0x000000008c000000| Complete 
| 193|0x000000008c100000, 0x000000008c200000, 0x000000008c200000|100%|HC|  |TAMS 0x000000008c200000| PB 0x000000008c100000| Complete 
| 194|0x000000008c200000, 0x000000008c300000, 0x000000008c300000|100%|HC|  |TAMS 0x000000008c300000| PB 0x000000008c200000| Complete 
| 195|0x000000008c300000, 0x000000008c400000, 0x000000008c400000|100%|HC|  |TAMS 0x000000008c400000| PB 0x000000008c300000| Complete 
| 196|0x000000008c400000, 0x000000008c500000, 0x000000008c500000|100%|HC|  |TAMS 0x000000008c500000| PB 0x000000008c400000| Complete 
| 197|0x000000008c500000, 0x000000008c600000, 0x000000008c600000|100%|HS|  |TAMS 0x000000008c600000| PB 0x000000008c500000| Complete 
| 198|0x000000008c600000, 0x000000008c700000, 0x000000008c700000|100%|HC|  |TAMS 0x000000008c700000| PB 0x000000008c600000| Complete 
| 199|0x000000008c700000, 0x000000008c800000, 0x000000008c800000|100%|HS|  |TAMS 0x000000008c800000| PB 0x000000008c700000| Complete 
| 200|0x000000008c800000, 0x000000008c900000, 0x000000008c900000|100%|HC|  |TAMS 0x000000008c900000| PB 0x000000008c800000| Complete 
| 201|0x000000008c900000, 0x000000008ca00000, 0x000000008ca00000|100%|HS|  |TAMS 0x000000008ca00000| PB 0x000000008c900000| Complete 
| 202|0x000000008ca00000, 0x000000008cb00000, 0x000000008cb00000|100%|HC|  |TAMS 0x000000008cb00000| PB 0x000000008ca00000| Complete 
| 203|0x000000008cb00000, 0x000000008cc00000, 0x000000008cc00000|100%|HC|  |TAMS 0x000000008cc00000| PB 0x000000008cb00000| Complete 
| 204|0x000000008cc00000, 0x000000008cd00000, 0x000000008cd00000|100%|HC|  |TAMS 0x000000008cd00000| PB 0x000000008cc00000| Complete 
| 205|0x000000008cd00000, 0x000000008ce00000, 0x000000008ce00000|100%|HC|  |TAMS 0x000000008ce00000| PB 0x000000008cd00000| Complete 
| 206|0x000000008ce00000, 0x000000008cf00000, 0x000000008cf00000|100%|HC|  |TAMS 0x000000008cf00000| PB 0x000000008ce00000| Complete 
| 207|0x000000008cf00000, 0x000000008d000000, 0x000000008d000000|100%|HC|  |TAMS 0x000000008d000000| PB 0x000000008cf00000| Complete 
| 208|0x000000008d000000, 0x000000008d100000, 0x000000008d100000|100%|HC|  |TAMS 0x000000008d100000| PB 0x000000008d000000| Complete 
| 209|0x000000008d100000, 0x000000008d200000, 0x000000008d200000|100%|HC|  |TAMS 0x000000008d200000| PB 0x000000008d100000| Complete 
| 210|0x000000008d200000, 0x000000008d300000, 0x000000008d300000|100%|HC|  |TAMS 0x000000008d300000| PB 0x000000008d200000| Complete 
| 211|0x000000008d300000, 0x000000008d400000, 0x000000008d400000|100%|HC|  |TAMS 0x000000008d400000| PB 0x000000008d300000| Complete 
| 212|0x000000008d400000, 0x000000008d500000, 0x000000008d500000|100%|HC|  |TAMS 0x000000008d500000| PB 0x000000008d400000| Complete 
| 213|0x000000008d500000, 0x000000008d600000, 0x000000008d600000|100%|HC|  |TAMS 0x000000008d600000| PB 0x000000008d500000| Complete 
| 214|0x000000008d600000, 0x000000008d700000, 0x000000008d700000|100%|HC|  |TAMS 0x000000008d700000| PB 0x000000008d600000| Complete 
| 215|0x000000008d700000, 0x000000008d800000, 0x000000008d800000|100%|HC|  |TAMS 0x000000008d800000| PB 0x000000008d700000| Complete 
| 216|0x000000008d800000, 0x000000008d900000, 0x000000008d900000|100%|HC|  |TAMS 0x000000008d900000| PB 0x000000008d800000| Complete 
| 217|0x000000008d900000, 0x000000008da00000, 0x000000008da00000|100%|HC|  |TAMS 0x000000008da00000| PB 0x000000008d900000| Complete 
| 218|0x000000008da00000, 0x000000008db00000, 0x000000008db00000|100%|HC|  |TAMS 0x000000008db00000| PB 0x000000008da00000| Complete 
| 219|0x000000008db00000, 0x000000008dc00000, 0x000000008dc00000|100%|HC|  |TAMS 0x000000008dc00000| PB 0x000000008db00000| Complete 
| 220|0x000000008dc00000, 0x000000008dd00000, 0x000000008dd00000|100%|HC|  |TAMS 0x000000008dd00000| PB 0x000000008dc00000| Complete 
| 221|0x000000008dd00000, 0x000000008de00000, 0x000000008de00000|100%|HC|  |TAMS 0x000000008de00000| PB 0x000000008dd00000| Complete 
| 222|0x000000008de00000, 0x000000008df00000, 0x000000008df00000|100%|HC|  |TAMS 0x000000008df00000| PB 0x000000008de00000| Complete 
| 223|0x000000008df00000, 0x000000008e000000, 0x000000008e000000|100%|HC|  |TAMS 0x000000008e000000| PB 0x000000008df00000| Complete 
| 224|0x000000008e000000, 0x000000008e100000, 0x000000008e100000|100%|HC|  |TAMS 0x000000008e100000| PB 0x000000008e000000| Complete 
| 225|0x000000008e100000, 0x000000008e200000, 0x000000008e200000|100%|HC|  |TAMS 0x000000008e200000| PB 0x000000008e100000| Complete 
| 226|0x000000008e200000, 0x000000008e300000, 0x000000008e300000|100%|HC|  |TAMS 0x000000008e300000| PB 0x000000008e200000| Complete 
| 227|0x000000008e300000, 0x000000008e400000, 0x000000008e400000|100%|HC|  |TAMS 0x000000008e400000| PB 0x000000008e300000| Complete 
| 228|0x000000008e400000, 0x000000008e500000, 0x000000008e500000|100%|HC|  |TAMS 0x000000008e500000| PB 0x000000008e400000| Complete 
| 229|0x000000008e500000, 0x000000008e600000, 0x000000008e600000|100%|HC|  |TAMS 0x000000008e600000| PB 0x000000008e500000| Complete 
| 230|0x000000008e600000, 0x000000008e700000, 0x000000008e700000|100%|HC|  |TAMS 0x000000008e700000| PB 0x000000008e600000| Complete 
| 231|0x000000008e700000, 0x000000008e800000, 0x000000008e800000|100%|HS|  |TAMS 0x000000008e800000| PB 0x000000008e700000| Complete 
| 232|0x000000008e800000, 0x000000008e900000, 0x000000008e900000|100%|HS|  |TAMS 0x000000008e900000| PB 0x000000008e800000| Complete 
| 233|0x000000008e900000, 0x000000008ea00000, 0x000000008ea00000|100%|HC|  |TAMS 0x000000008ea00000| PB 0x000000008e900000| Complete 
| 234|0x000000008ea00000, 0x000000008eb00000, 0x000000008eb00000|100%|HC|  |TAMS 0x000000008eb00000| PB 0x000000008ea00000| Complete 
| 235|0x000000008eb00000, 0x000000008ec00000, 0x000000008ec00000|100%|HC|  |TAMS 0x000000008ec00000| PB 0x000000008eb00000| Complete 
| 236|0x000000008ec00000, 0x000000008ed00000, 0x000000008ed00000|100%|HS|  |TAMS 0x000000008ed00000| PB 0x000000008ec00000| Complete 
| 237|0x000000008ed00000, 0x000000008ee00000, 0x000000008ee00000|100%|HS|  |TAMS 0x000000008ee00000| PB 0x000000008ed00000| Complete 
| 238|0x000000008ee00000, 0x000000008ef00000, 0x000000008ef00000|100%|HC|  |TAMS 0x000000008ef00000| PB 0x000000008ee00000| Complete 
| 239|0x000000008ef00000, 0x000000008f000000, 0x000000008f000000|100%|HS|  |TAMS 0x000000008f000000| PB 0x000000008ef00000| Complete 
| 240|0x000000008f000000, 0x000000008f100000, 0x000000008f100000|100%|HC|  |TAMS 0x000000008f100000| PB 0x000000008f000000| Complete 
| 241|0x000000008f100000, 0x000000008f200000, 0x000000008f200000|100%|HS|  |TAMS 0x000000008f200000| PB 0x000000008f100000| Complete 
| 242|0x000000008f200000, 0x000000008f300000, 0x000000008f300000|100%|HC|  |TAMS 0x000000008f300000| PB 0x000000008f200000| Complete 
| 243|0x000000008f300000, 0x000000008f400000, 0x000000008f400000|100%|HC|  |TAMS 0x000000008f400000| PB 0x000000008f300000| Complete 
| 244|0x000000008f400000, 0x000000008f500000, 0x000000008f500000|100%|HS|  |TAMS 0x000000008f500000| PB 0x000000008f400000| Complete 
| 245|0x000000008f500000, 0x000000008f600000, 0x000000008f600000|100%|HC|  |TAMS 0x000000008f600000| PB 0x000000008f500000| Complete 
| 246|0x000000008f600000, 0x000000008f700000, 0x000000008f700000|100%|HC|  |TAMS 0x000000008f700000| PB 0x000000008f600000| Complete 
| 247|0x000000008f700000, 0x000000008f800000, 0x000000008f800000|100%| O|  |TAMS 0x000000008f800000| PB 0x000000008f800000| Updating 
| 248|0x000000008f800000, 0x000000008f900000, 0x000000008f900000|100%| O|  |TAMS 0x000000008f900000| PB 0x000000008f900000| Untracked 
| 249|0x000000008f900000, 0x000000008fa00000, 0x000000008fa00000|100%| O|  |TAMS 0x000000008fa00000| PB 0x000000008fa00000| Updating 
| 250|0x000000008fa00000, 0x000000008fb00000, 0x000000008fb00000|100%| O|  |TAMS 0x000000008fb00000| PB 0x000000008fb00000| Updating 
| 251|0x000000008fb00000, 0x000000008fc00000, 0x000000008fc00000|100%| O|  |TAMS 0x000000008fc00000| PB 0x000000008fc00000| Updating 
| 252|0x000000008fc00000, 0x000000008fd00000, 0x000000008fd00000|100%| O|  |TAMS 0x000000008fd00000| PB 0x000000008fd00000| Updating 
| 253|0x000000008fd00000, 0x000000008fe00000, 0x000000008fe00000|100%| O|  |TAMS 0x000000008fe00000| PB 0x000000008fe00000| Updating 
| 254|0x000000008fe00000, 0x000000008ff00000, 0x000000008ff00000|100%| O|  |TAMS 0x000000008ff00000| PB 0x000000008ff00000| Untracked 
| 255|0x000000008ff00000, 0x0000000090000000, 0x0000000090000000|100%| O|  |TAMS 0x0000000090000000| PB 0x0000000090000000| Untracked 
| 256|0x0000000090000000, 0x0000000090100000, 0x0000000090100000|100%| O|  |TAMS 0x0000000090100000| PB 0x0000000090100000| Untracked 
| 257|0x0000000090100000, 0x0000000090200000, 0x0000000090200000|100%| O|  |TAMS 0x0000000090200000| PB 0x0000000090200000| Untracked 
| 258|0x0000000090200000, 0x0000000090300000, 0x0000000090300000|100%| O|  |TAMS 0x0000000090300000| PB 0x0000000090300000| Untracked 
| 259|0x0000000090300000, 0x0000000090400000, 0x0000000090400000|100%| O|  |TAMS 0x0000000090400000| PB 0x0000000090400000| Untracked 
| 260|0x0000000090400000, 0x0000000090500000, 0x0000000090500000|100%| O|  |TAMS 0x0000000090400000| PB 0x0000000090400000| Untracked 
| 261|0x0000000090500000, 0x0000000090600000, 0x0000000090600000|100%| O|  |TAMS 0x0000000090600000| PB 0x0000000090600000| Untracked 
| 262|0x0000000090600000, 0x0000000090700000, 0x0000000090700000|100%|HS|  |TAMS 0x0000000090700000| PB 0x0000000090600000| Complete 
| 263|0x0000000090700000, 0x0000000090800000, 0x0000000090800000|100%|HC|  |TAMS 0x0000000090800000| PB 0x0000000090700000| Complete 
| 264|0x0000000090800000, 0x0000000090900000, 0x0000000090900000|100%| O|  |TAMS 0x0000000090800000| PB 0x0000000090800000| Untracked 
| 265|0x0000000090900000, 0x0000000090a00000, 0x0000000090a00000|100%| O|  |TAMS 0x0000000090900000| PB 0x0000000090900000| Untracked 
| 266|0x0000000090a00000, 0x0000000090b00000, 0x0000000090b00000|100%| O|  |TAMS 0x0000000090b00000| PB 0x0000000090b00000| Untracked 
| 267|0x0000000090b00000, 0x0000000090c00000, 0x0000000090c00000|100%| O|  |TAMS 0x0000000090c00000| PB 0x0000000090c00000| Updating 
| 268|0x0000000090c00000, 0x0000000090d00000, 0x0000000090d00000|100%| O|  |TAMS 0x0000000090d00000| PB 0x0000000090d00000| Updating 
| 269|0x0000000090d00000, 0x0000000090e00000, 0x0000000090e00000|100%|HS|  |TAMS 0x0000000090e00000| PB 0x0000000090d00000| Complete 
| 270|0x0000000090e00000, 0x0000000090f00000, 0x0000000090f00000|100%|HC|  |TAMS 0x0000000090f00000| PB 0x0000000090e00000| Complete 
| 271|0x0000000090f00000, 0x0000000091000000, 0x0000000091000000|100%|HS|  |TAMS 0x0000000091000000| PB 0x0000000090f00000| Complete 
| 272|0x0000000091000000, 0x0000000091100000, 0x0000000091100000|100%|HS|  |TAMS 0x0000000091100000| PB 0x0000000091000000| Complete 
| 273|0x0000000091100000, 0x0000000091200000, 0x0000000091200000|100%|HC|  |TAMS 0x0000000091200000| PB 0x0000000091100000| Complete 
| 274|0x0000000091200000, 0x0000000091300000, 0x0000000091300000|100%|HS|  |TAMS 0x0000000091300000| PB 0x0000000091200000| Complete 
| 275|0x0000000091300000, 0x0000000091400000, 0x0000000091400000|100%|HS|  |TAMS 0x0000000091400000| PB 0x0000000091300000| Complete 
| 276|0x0000000091400000, 0x0000000091500000, 0x0000000091500000|100%|HC|  |TAMS 0x0000000091500000| PB 0x0000000091400000| Complete 
| 277|0x0000000091500000, 0x0000000091600000, 0x0000000091600000|100%|HS|  |TAMS 0x0000000091600000| PB 0x0000000091500000| Complete 
| 278|0x0000000091600000, 0x0000000091700000, 0x0000000091700000|100%|HC|  |TAMS 0x0000000091700000| PB 0x0000000091600000| Complete 
| 279|0x0000000091700000, 0x0000000091800000, 0x0000000091800000|100%|HC|  |TAMS 0x0000000091800000| PB 0x0000000091700000| Complete 
| 280|0x0000000091800000, 0x0000000091900000, 0x0000000091900000|100%| O|  |TAMS 0x0000000091900000| PB 0x0000000091900000| Updating 
| 281|0x0000000091900000, 0x0000000091a00000, 0x0000000091a00000|100%| O|  |TAMS 0x0000000091a00000| PB 0x0000000091a00000| Untracked 
| 282|0x0000000091a00000, 0x0000000091b00000, 0x0000000091b00000|100%|HS|  |TAMS 0x0000000091b00000| PB 0x0000000091a00000| Complete 
| 283|0x0000000091b00000, 0x0000000091c00000, 0x0000000091c00000|100%|HC|  |TAMS 0x0000000091c00000| PB 0x0000000091b00000| Complete 
| 284|0x0000000091c00000, 0x0000000091d00000, 0x0000000091d00000|100%|HC|  |TAMS 0x0000000091d00000| PB 0x0000000091c00000| Complete 
| 285|0x0000000091d00000, 0x0000000091e00000, 0x0000000091e00000|100%|HC|  |TAMS 0x0000000091e00000| PB 0x0000000091d00000| Complete 
| 286|0x0000000091e00000, 0x0000000091f00000, 0x0000000091f00000|100%|HC|  |TAMS 0x0000000091f00000| PB 0x0000000091e00000| Complete 
| 287|0x0000000091f00000, 0x0000000092000000, 0x0000000092000000|100%|HC|  |TAMS 0x0000000092000000| PB 0x0000000091f00000| Complete 
| 288|0x0000000092000000, 0x0000000092100000, 0x0000000092100000|100%| O|  |TAMS 0x0000000092100000| PB 0x0000000092100000| Untracked 
| 289|0x0000000092100000, 0x0000000092200000, 0x0000000092200000|100%| O|  |TAMS 0x0000000092200000| PB 0x0000000092200000| Untracked 
| 290|0x0000000092200000, 0x0000000092300000, 0x0000000092300000|100%| O|  |TAMS 0x0000000092300000| PB 0x0000000092300000| Untracked 
| 291|0x0000000092300000, 0x0000000092400000, 0x0000000092400000|100%|HS|  |TAMS 0x0000000092400000| PB 0x0000000092300000| Complete 
| 292|0x0000000092400000, 0x0000000092500000, 0x0000000092500000|100%|HC|  |TAMS 0x0000000092500000| PB 0x0000000092400000| Complete 
| 293|0x0000000092500000, 0x0000000092600000, 0x0000000092600000|100%| O|  |TAMS 0x0000000092600000| PB 0x0000000092600000| Untracked 
| 294|0x0000000092600000, 0x0000000092700000, 0x0000000092700000|100%| O|  |TAMS 0x0000000092700000| PB 0x0000000092700000| Untracked 
| 295|0x0000000092700000, 0x0000000092800000, 0x0000000092800000|100%|HS|  |TAMS 0x0000000092800000| PB 0x0000000092700000| Complete 
| 296|0x0000000092800000, 0x0000000092900000, 0x0000000092900000|100%| O|  |TAMS 0x0000000092900000| PB 0x0000000092900000| Untracked 
| 297|0x0000000092900000, 0x0000000092a00000, 0x0000000092a00000|100%|HS|  |TAMS 0x0000000092a00000| PB 0x0000000092900000| Complete 
| 298|0x0000000092a00000, 0x0000000092b00000, 0x0000000092b00000|100%|HC|  |TAMS 0x0000000092b00000| PB 0x0000000092a00000| Complete 
| 299|0x0000000092b00000, 0x0000000092c00000, 0x0000000092c00000|100%| O|  |TAMS 0x0000000092c00000| PB 0x0000000092c00000| Untracked 
| 300|0x0000000092c00000, 0x0000000092d00000, 0x0000000092d00000|100%| O|  |TAMS 0x0000000092d00000| PB 0x0000000092d00000| Untracked 
| 301|0x0000000092d00000, 0x0000000092e00000, 0x0000000092e00000|100%| O|  |TAMS 0x0000000092e00000| PB 0x0000000092e00000| Untracked 
| 302|0x0000000092e00000, 0x0000000092f00000, 0x0000000092f00000|100%| O|  |TAMS 0x0000000092f00000| PB 0x0000000092f00000| Untracked 
| 303|0x0000000092f00000, 0x0000000093000000, 0x0000000093000000|100%| O|  |TAMS 0x0000000093000000| PB 0x0000000093000000| Untracked 
| 304|0x0000000093000000, 0x0000000093100000, 0x0000000093100000|100%| O|  |TAMS 0x0000000093100000| PB 0x0000000093100000| Untracked 
| 305|0x0000000093100000, 0x0000000093200000, 0x0000000093200000|100%| O|  |TAMS 0x0000000093200000| PB 0x0000000093200000| Untracked 
| 306|0x0000000093200000, 0x0000000093300000, 0x0000000093300000|100%| O|  |TAMS 0x0000000093300000| PB 0x0000000093300000| Untracked 
| 307|0x0000000093300000, 0x0000000093400000, 0x0000000093400000|100%| O|  |TAMS 0x0000000093400000| PB 0x0000000093400000| Untracked 
| 308|0x0000000093400000, 0x0000000093500000, 0x0000000093500000|100%| O|  |TAMS 0x0000000093500000| PB 0x0000000093500000| Untracked 
| 309|0x0000000093500000, 0x0000000093600000, 0x0000000093600000|100%|HS|  |TAMS 0x0000000093600000| PB 0x0000000093500000| Complete 
| 310|0x0000000093600000, 0x0000000093700000, 0x0000000093700000|100%|HC|  |TAMS 0x0000000093700000| PB 0x0000000093600000| Complete 
| 311|0x0000000093700000, 0x0000000093800000, 0x0000000093800000|100%|HC|  |TAMS 0x0000000093800000| PB 0x0000000093700000| Complete 
| 312|0x0000000093800000, 0x0000000093900000, 0x0000000093900000|100%|HC|  |TAMS 0x0000000093900000| PB 0x0000000093800000| Complete 
| 313|0x0000000093900000, 0x0000000093a00000, 0x0000000093a00000|100%|HC|  |TAMS 0x0000000093a00000| PB 0x0000000093900000| Complete 
| 314|0x0000000093a00000, 0x0000000093b00000, 0x0000000093b00000|100%| O|  |TAMS 0x0000000093b00000| PB 0x0000000093b00000| Untracked 
| 315|0x0000000093b00000, 0x0000000093c00000, 0x0000000093c00000|100%|HS|  |TAMS 0x0000000093c00000| PB 0x0000000093b00000| Complete 
| 316|0x0000000093c00000, 0x0000000093d00000, 0x0000000093d00000|100%| O|  |TAMS 0x0000000093d00000| PB 0x0000000093d00000| Untracked 
| 317|0x0000000093d00000, 0x0000000093e00000, 0x0000000093e00000|100%|HS|  |TAMS 0x0000000093e00000| PB 0x0000000093d00000| Complete 
| 318|0x0000000093e00000, 0x0000000093f00000, 0x0000000093f00000|100%| O|  |TAMS 0x0000000093f00000| PB 0x0000000093f00000| Untracked 
| 319|0x0000000093f00000, 0x0000000094000000, 0x0000000094000000|100%|HS|  |TAMS 0x0000000094000000| PB 0x0000000093f00000| Complete 
| 320|0x0000000094000000, 0x0000000094100000, 0x0000000094100000|100%| O|  |TAMS 0x0000000094100000| PB 0x0000000094100000| Updating 
| 321|0x0000000094100000, 0x0000000094200000, 0x0000000094200000|100%|HS|  |TAMS 0x0000000094200000| PB 0x0000000094100000| Complete 
| 322|0x0000000094200000, 0x0000000094300000, 0x0000000094300000|100%| O|  |TAMS 0x0000000094300000| PB 0x0000000094300000| Updating 
| 323|0x0000000094300000, 0x0000000094400000, 0x0000000094400000|100%|HS|  |TAMS 0x0000000094400000| PB 0x0000000094300000| Complete 
| 324|0x0000000094400000, 0x0000000094500000, 0x0000000094500000|100%| O|  |TAMS 0x0000000094500000| PB 0x0000000094500000| Untracked 
| 325|0x0000000094500000, 0x0000000094600000, 0x0000000094600000|100%|HS|  |TAMS 0x0000000094600000| PB 0x0000000094500000| Complete 
| 326|0x0000000094600000, 0x0000000094700000, 0x0000000094700000|100%| O|  |TAMS 0x0000000094700000| PB 0x0000000094700000| Untracked 
| 327|0x0000000094700000, 0x0000000094800000, 0x0000000094800000|100%|HS|  |TAMS 0x0000000094800000| PB 0x0000000094700000| Complete 
| 328|0x0000000094800000, 0x0000000094900000, 0x0000000094900000|100%| O|  |TAMS 0x0000000094900000| PB 0x0000000094900000| Untracked 
| 329|0x0000000094900000, 0x0000000094a00000, 0x0000000094a00000|100%|HS|  |TAMS 0x0000000094a00000| PB 0x0000000094900000| Complete 
| 330|0x0000000094a00000, 0x0000000094b00000, 0x0000000094b00000|100%| O|  |TAMS 0x0000000094b00000| PB 0x0000000094b00000| Untracked 
| 331|0x0000000094b00000, 0x0000000094c00000, 0x0000000094c00000|100%| O|  |TAMS 0x0000000094c00000| PB 0x0000000094c00000| Untracked 
| 332|0x0000000094c00000, 0x0000000094d00000, 0x0000000094d00000|100%| O|  |TAMS 0x0000000094d00000| PB 0x0000000094d00000| Untracked 
| 333|0x0000000094d00000, 0x0000000094e00000, 0x0000000094e00000|100%|HS|  |TAMS 0x0000000094e00000| PB 0x0000000094d00000| Complete 
| 334|0x0000000094e00000, 0x0000000094f00000, 0x0000000094f00000|100%|HC|  |TAMS 0x0000000094f00000| PB 0x0000000094e00000| Complete 
| 335|0x0000000094f00000, 0x0000000095000000, 0x0000000095000000|100%| O|  |TAMS 0x0000000095000000| PB 0x0000000095000000| Untracked 
| 336|0x0000000095000000, 0x0000000095100000, 0x0000000095100000|100%|HS|  |TAMS 0x0000000095100000| PB 0x0000000095000000| Complete 
| 337|0x0000000095100000, 0x0000000095200000, 0x0000000095200000|100%| O|  |TAMS 0x0000000095200000| PB 0x0000000095200000| Untracked 
| 338|0x0000000095200000, 0x0000000095300000, 0x0000000095300000|100%| O|  |TAMS 0x0000000095300000| PB 0x0000000095300000| Untracked 
| 339|0x0000000095300000, 0x0000000095400000, 0x0000000095400000|100%| O|  |TAMS 0x0000000095400000| PB 0x0000000095400000| Untracked 
| 340|0x0000000095400000, 0x0000000095500000, 0x0000000095500000|100%|HS|  |TAMS 0x0000000095500000| PB 0x0000000095400000| Complete 
| 341|0x0000000095500000, 0x0000000095600000, 0x0000000095600000|100%|HC|  |TAMS 0x0000000095600000| PB 0x0000000095500000| Complete 
| 342|0x0000000095600000, 0x0000000095700000, 0x0000000095700000|100%| O|  |TAMS 0x0000000095700000| PB 0x0000000095700000| Untracked 
| 343|0x0000000095700000, 0x0000000095800000, 0x0000000095800000|100%| O|  |TAMS 0x0000000095800000| PB 0x0000000095800000| Untracked 
| 344|0x0000000095800000, 0x0000000095900000, 0x0000000095900000|100%| O|  |TAMS 0x0000000095900000| PB 0x0000000095900000| Untracked 
| 345|0x0000000095900000, 0x0000000095a00000, 0x0000000095a00000|100%|HS|  |TAMS 0x0000000095a00000| PB 0x0000000095900000| Complete 
| 346|0x0000000095a00000, 0x0000000095b00000, 0x0000000095b00000|100%|HC|  |TAMS 0x0000000095b00000| PB 0x0000000095a00000| Complete 
| 347|0x0000000095b00000, 0x0000000095c00000, 0x0000000095c00000|100%| O|  |TAMS 0x0000000095c00000| PB 0x0000000095c00000| Untracked 
| 348|0x0000000095c00000, 0x0000000095d00000, 0x0000000095d00000|100%| O|  |TAMS 0x0000000095d00000| PB 0x0000000095d00000| Untracked 
| 349|0x0000000095d00000, 0x0000000095e00000, 0x0000000095e00000|100%| O|  |TAMS 0x0000000095e00000| PB 0x0000000095e00000| Untracked 
| 350|0x0000000095e00000, 0x0000000095f00000, 0x0000000095f00000|100%| O|  |TAMS 0x0000000095f00000| PB 0x0000000095f00000| Untracked 
| 351|0x0000000095f00000, 0x0000000096000000, 0x0000000096000000|100%| O|  |TAMS 0x0000000096000000| PB 0x0000000096000000| Untracked 
| 352|0x0000000096000000, 0x0000000096100000, 0x0000000096100000|100%| O|  |TAMS 0x0000000096100000| PB 0x0000000096100000| Untracked 
| 353|0x0000000096100000, 0x0000000096200000, 0x0000000096200000|100%| O|  |TAMS 0x0000000096200000| PB 0x0000000096200000| Untracked 
| 354|0x0000000096200000, 0x0000000096300000, 0x0000000096300000|100%| O|  |TAMS 0x0000000096300000| PB 0x0000000096300000| Untracked 
| 355|0x0000000096300000, 0x0000000096400000, 0x0000000096400000|100%| O|  |TAMS 0x0000000096400000| PB 0x0000000096400000| Untracked 
| 356|0x0000000096400000, 0x0000000096500000, 0x0000000096500000|100%| O|  |TAMS 0x0000000096500000| PB 0x0000000096500000| Untracked 
| 357|0x0000000096500000, 0x0000000096600000, 0x0000000096600000|100%| O|  |TAMS 0x0000000096600000| PB 0x0000000096600000| Untracked 
| 358|0x0000000096600000, 0x0000000096700000, 0x0000000096700000|100%| O|  |TAMS 0x0000000096700000| PB 0x0000000096700000| Untracked 
| 359|0x0000000096700000, 0x0000000096800000, 0x0000000096800000|100%| O|  |TAMS 0x0000000096800000| PB 0x0000000096800000| Untracked 
| 360|0x0000000096800000, 0x0000000096900000, 0x0000000096900000|100%| O|  |TAMS 0x0000000096900000| PB 0x0000000096900000| Untracked 
| 361|0x0000000096900000, 0x0000000096a00000, 0x0000000096a00000|100%| O|  |TAMS 0x0000000096a00000| PB 0x0000000096a00000| Untracked 
| 362|0x0000000096a00000, 0x0000000096b00000, 0x0000000096b00000|100%| O|  |TAMS 0x0000000096b00000| PB 0x0000000096b00000| Untracked 
| 363|0x0000000096b00000, 0x0000000096c00000, 0x0000000096c00000|100%| O|  |TAMS 0x0000000096c00000| PB 0x0000000096c00000| Untracked 
| 364|0x0000000096c00000, 0x0000000096d00000, 0x0000000096d00000|100%| O|  |TAMS 0x0000000096d00000| PB 0x0000000096d00000| Updating 
| 365|0x0000000096d00000, 0x0000000096e00000, 0x0000000096e00000|100%| O|  |TAMS 0x0000000096e00000| PB 0x0000000096e00000| Untracked 
| 366|0x0000000096e00000, 0x0000000096f00000, 0x0000000096f00000|100%| O|  |TAMS 0x0000000096f00000| PB 0x0000000096f00000| Updating 
| 367|0x0000000096f00000, 0x0000000097000000, 0x0000000097000000|100%| O|  |TAMS 0x0000000096ff45f8| PB 0x0000000096ff45f8| Updating 
| 368|0x0000000097000000, 0x0000000097100000, 0x0000000097100000|100%| O|  |TAMS 0x0000000097000000| PB 0x0000000097000000| Untracked 
| 369|0x0000000097100000, 0x0000000097200000, 0x0000000097200000|100%| O|  |TAMS 0x0000000097100000| PB 0x0000000097100000| Untracked 
| 370|0x0000000097200000, 0x0000000097300000, 0x0000000097300000|100%|HS|  |TAMS 0x0000000097200000| PB 0x0000000097200000| Complete 
| 371|0x0000000097300000, 0x0000000097400000, 0x0000000097400000|100%|HS|  |TAMS 0x0000000097300000| PB 0x0000000097300000| Complete 
| 372|0x0000000097400000, 0x0000000097500000, 0x0000000097500000|100%|HC|  |TAMS 0x0000000097400000| PB 0x0000000097400000| Complete 
| 373|0x0000000097500000, 0x0000000097600000, 0x0000000097600000|100%|HS|  |TAMS 0x0000000097500000| PB 0x0000000097500000| Complete 
| 374|0x0000000097600000, 0x0000000097700000, 0x0000000097700000|100%|HS|  |TAMS 0x0000000097600000| PB 0x0000000097600000| Complete 
| 375|0x0000000097700000, 0x0000000097800000, 0x0000000097800000|100%|HC|  |TAMS 0x0000000097700000| PB 0x0000000097700000| Complete 
| 376|0x0000000097800000, 0x0000000097900000, 0x0000000097900000|100%|HS|  |TAMS 0x0000000097800000| PB 0x0000000097800000| Complete 
| 377|0x0000000097900000, 0x0000000097a00000, 0x0000000097a00000|100%|HS|  |TAMS 0x0000000097900000| PB 0x0000000097900000| Complete 
| 378|0x0000000097a00000, 0x0000000097a00000, 0x0000000097b00000|  0%| F|  |TAMS 0x0000000097a00000| PB 0x0000000097a00000| Untracked 
| 379|0x0000000097b00000, 0x0000000097b00000, 0x0000000097c00000|  0%| F|  |TAMS 0x0000000097b00000| PB 0x0000000097b00000| Untracked 
| 380|0x0000000097c00000, 0x0000000097c00000, 0x0000000097d00000|  0%| F|  |TAMS 0x0000000097c00000| PB 0x0000000097c00000| Untracked 
| 381|0x0000000097d00000, 0x0000000097d00000, 0x0000000097e00000|  0%| F|  |TAMS 0x0000000097d00000| PB 0x0000000097d00000| Untracked 
| 382|0x0000000097e00000, 0x0000000097e00000, 0x0000000097f00000|  0%| F|  |TAMS 0x0000000097e00000| PB 0x0000000097e00000| Untracked 
| 383|0x0000000097f00000, 0x0000000097f00000, 0x0000000098000000|  0%| F|  |TAMS 0x0000000097f00000| PB 0x0000000097f00000| Untracked 
| 384|0x0000000098000000, 0x0000000098100000, 0x0000000098100000|100%|HS|  |TAMS 0x0000000098100000| PB 0x0000000098000000| Complete 
| 385|0x0000000098100000, 0x0000000098200000, 0x0000000098200000|100%|HC|  |TAMS 0x0000000098200000| PB 0x0000000098100000| Complete 
| 386|0x0000000098200000, 0x0000000098300000, 0x0000000098300000|100%|HC|  |TAMS 0x0000000098300000| PB 0x0000000098200000| Complete 
| 387|0x0000000098300000, 0x0000000098400000, 0x0000000098400000|100%|HC|  |TAMS 0x0000000098400000| PB 0x0000000098300000| Complete 
| 388|0x0000000098400000, 0x0000000098500000, 0x0000000098500000|100%|HC|  |TAMS 0x0000000098500000| PB 0x0000000098400000| Complete 
| 389|0x0000000098500000, 0x0000000098600000, 0x0000000098600000|100%|HC|  |TAMS 0x0000000098600000| PB 0x0000000098500000| Complete 
| 390|0x0000000098600000, 0x0000000098700000, 0x0000000098700000|100%|HC|  |TAMS 0x0000000098700000| PB 0x0000000098600000| Complete 
| 391|0x0000000098700000, 0x0000000098800000, 0x0000000098800000|100%|HC|  |TAMS 0x0000000098800000| PB 0x0000000098700000| Complete 
| 392|0x0000000098800000, 0x0000000098900000, 0x0000000098900000|100%|HC|  |TAMS 0x0000000098900000| PB 0x0000000098800000| Complete 
| 393|0x0000000098900000, 0x0000000098a00000, 0x0000000098a00000|100%|HC|  |TAMS 0x0000000098a00000| PB 0x0000000098900000| Complete 
| 394|0x0000000098a00000, 0x0000000098b00000, 0x0000000098b00000|100%|HC|  |TAMS 0x0000000098b00000| PB 0x0000000098a00000| Complete 
| 395|0x0000000098b00000, 0x0000000098c00000, 0x0000000098c00000|100%|HC|  |TAMS 0x0000000098c00000| PB 0x0000000098b00000| Complete 
| 396|0x0000000098c00000, 0x0000000098d00000, 0x0000000098d00000|100%|HC|  |TAMS 0x0000000098d00000| PB 0x0000000098c00000| Complete 
| 397|0x0000000098d00000, 0x0000000098e00000, 0x0000000098e00000|100%|HC|  |TAMS 0x0000000098e00000| PB 0x0000000098d00000| Complete 
| 398|0x0000000098e00000, 0x0000000098f00000, 0x0000000098f00000|100%|HC|  |TAMS 0x0000000098f00000| PB 0x0000000098e00000| Complete 
| 399|0x0000000098f00000, 0x0000000099000000, 0x0000000099000000|100%|HC|  |TAMS 0x0000000099000000| PB 0x0000000098f00000| Complete 
| 400|0x0000000099000000, 0x0000000099100000, 0x0000000099100000|100%|HC|  |TAMS 0x0000000099100000| PB 0x0000000099000000| Complete 
| 401|0x0000000099100000, 0x0000000099200000, 0x0000000099200000|100%|HC|  |TAMS 0x0000000099200000| PB 0x0000000099100000| Complete 
| 402|0x0000000099200000, 0x0000000099300000, 0x0000000099300000|100%|HC|  |TAMS 0x0000000099300000| PB 0x0000000099200000| Complete 
| 403|0x0000000099300000, 0x0000000099400000, 0x0000000099400000|100%|HC|  |TAMS 0x0000000099400000| PB 0x0000000099300000| Complete 
| 404|0x0000000099400000, 0x0000000099500000, 0x0000000099500000|100%|HC|  |TAMS 0x0000000099500000| PB 0x0000000099400000| Complete 
| 405|0x0000000099500000, 0x0000000099600000, 0x0000000099600000|100%|HC|  |TAMS 0x0000000099600000| PB 0x0000000099500000| Complete 
| 406|0x0000000099600000, 0x0000000099700000, 0x0000000099700000|100%|HC|  |TAMS 0x0000000099700000| PB 0x0000000099600000| Complete 
| 407|0x0000000099700000, 0x0000000099800000, 0x0000000099800000|100%|HC|  |TAMS 0x0000000099800000| PB 0x0000000099700000| Complete 
| 408|0x0000000099800000, 0x0000000099900000, 0x0000000099900000|100%|HC|  |TAMS 0x0000000099900000| PB 0x0000000099800000| Complete 
| 409|0x0000000099900000, 0x0000000099a00000, 0x0000000099a00000|100%|HC|  |TAMS 0x0000000099a00000| PB 0x0000000099900000| Complete 
| 410|0x0000000099a00000, 0x0000000099b00000, 0x0000000099b00000|100%|HC|  |TAMS 0x0000000099b00000| PB 0x0000000099a00000| Complete 
| 411|0x0000000099b00000, 0x0000000099c00000, 0x0000000099c00000|100%|HC|  |TAMS 0x0000000099c00000| PB 0x0000000099b00000| Complete 
| 412|0x0000000099c00000, 0x0000000099d00000, 0x0000000099d00000|100%|HC|  |TAMS 0x0000000099d00000| PB 0x0000000099c00000| Complete 
| 413|0x0000000099d00000, 0x0000000099e00000, 0x0000000099e00000|100%|HC|  |TAMS 0x0000000099e00000| PB 0x0000000099d00000| Complete 
| 414|0x0000000099e00000, 0x0000000099e00000, 0x0000000099f00000|  0%| F|  |TAMS 0x0000000099e00000| PB 0x0000000099e00000| Untracked 
| 415|0x0000000099f00000, 0x000000009a000000, 0x000000009a000000|100%|HS|  |TAMS 0x000000009a000000| PB 0x0000000099f00000| Complete 
| 416|0x000000009a000000, 0x000000009a000000, 0x000000009a100000|  0%| F|  |TAMS 0x000000009a000000| PB 0x000000009a000000| Untracked 
| 417|0x000000009a100000, 0x000000009a100000, 0x000000009a200000|  0%| F|  |TAMS 0x000000009a100000| PB 0x000000009a100000| Untracked 
| 418|0x000000009a200000, 0x000000009a200000, 0x000000009a300000|  0%| F|  |TAMS 0x000000009a200000| PB 0x000000009a200000| Untracked 
| 419|0x000000009a300000, 0x000000009a300000, 0x000000009a400000|  0%| F|  |TAMS 0x000000009a300000| PB 0x000000009a300000| Untracked 
| 420|0x000000009a400000, 0x000000009a400000, 0x000000009a500000|  0%| F|  |TAMS 0x000000009a400000| PB 0x000000009a400000| Untracked 
| 421|0x000000009a500000, 0x000000009a500000, 0x000000009a600000|  0%| F|  |TAMS 0x000000009a500000| PB 0x000000009a500000| Untracked 
| 422|0x000000009a600000, 0x000000009a700000, 0x000000009a700000|100%|HS|  |TAMS 0x000000009a700000| PB 0x000000009a600000| Complete 
| 423|0x000000009a700000, 0x000000009a800000, 0x000000009a800000|100%|HC|  |TAMS 0x000000009a800000| PB 0x000000009a700000| Complete 
| 424|0x000000009a800000, 0x000000009a900000, 0x000000009a900000|100%|HC|  |TAMS 0x000000009a900000| PB 0x000000009a800000| Complete 
| 425|0x000000009a900000, 0x000000009aa00000, 0x000000009aa00000|100%|HC|  |TAMS 0x000000009aa00000| PB 0x000000009a900000| Complete 
| 426|0x000000009aa00000, 0x000000009aa00000, 0x000000009ab00000|  0%| F|  |TAMS 0x000000009aa00000| PB 0x000000009aa00000| Untracked 
| 427|0x000000009ab00000, 0x000000009ac00000, 0x000000009ac00000|100%|HS|  |TAMS 0x000000009ac00000| PB 0x000000009ab00000| Complete 
| 428|0x000000009ac00000, 0x000000009ac00000, 0x000000009ad00000|  0%| F|  |TAMS 0x000000009ac00000| PB 0x000000009ac00000| Untracked 
| 429|0x000000009ad00000, 0x000000009ae00000, 0x000000009ae00000|100%| O|  |TAMS 0x000000009ad00000| PB 0x000000009ad00000| Untracked 
| 430|0x000000009ae00000, 0x000000009af00000, 0x000000009af00000|100%| O|  |TAMS 0x000000009ae00000| PB 0x000000009ae00000| Untracked 
| 431|0x000000009af00000, 0x000000009b000000, 0x000000009b000000|100%|HS|  |TAMS 0x000000009b000000| PB 0x000000009af00000| Complete 
| 432|0x000000009b000000, 0x000000009b100000, 0x000000009b100000|100%|HC|  |TAMS 0x000000009b100000| PB 0x000000009b000000| Complete 
| 433|0x000000009b100000, 0x000000009b200000, 0x000000009b200000|100%| O|  |TAMS 0x000000009b100000| PB 0x000000009b100000| Untracked 
| 434|0x000000009b200000, 0x000000009b300000, 0x000000009b300000|100%| O|  |TAMS 0x000000009b200000| PB 0x000000009b200000| Untracked 
| 435|0x000000009b300000, 0x000000009b400000, 0x000000009b400000|100%| O|  |TAMS 0x000000009b300000| PB 0x000000009b300000| Untracked 
| 436|0x000000009b400000, 0x000000009b500000, 0x000000009b500000|100%|HS|  |TAMS 0x000000009b500000| PB 0x000000009b400000| Complete 
| 437|0x000000009b500000, 0x000000009b600000, 0x000000009b600000|100%|HC|  |TAMS 0x000000009b600000| PB 0x000000009b500000| Complete 
| 438|0x000000009b600000, 0x000000009b700000, 0x000000009b700000|100%| O|  |TAMS 0x000000009b600000| PB 0x000000009b600000| Untracked 
| 439|0x000000009b700000, 0x000000009b800000, 0x000000009b800000|100%| O|  |TAMS 0x000000009b700000| PB 0x000000009b700000| Untracked 
| 440|0x000000009b800000, 0x000000009b900000, 0x000000009b900000|100%| O|  |TAMS 0x000000009b800000| PB 0x000000009b800000| Untracked 
| 441|0x000000009b900000, 0x000000009ba00000, 0x000000009ba00000|100%| O|  |TAMS 0x000000009b900000| PB 0x000000009b900000| Untracked 
| 442|0x000000009ba00000, 0x000000009bb00000, 0x000000009bb00000|100%| O|  |TAMS 0x000000009ba00000| PB 0x000000009ba00000| Untracked 
| 443|0x000000009bb00000, 0x000000009bc00000, 0x000000009bc00000|100%| O|  |TAMS 0x000000009bb00000| PB 0x000000009bb00000| Untracked 
| 444|0x000000009bc00000, 0x000000009bd00000, 0x000000009bd00000|100%|HS|  |TAMS 0x000000009bd00000| PB 0x000000009bc00000| Complete 
| 445|0x000000009bd00000, 0x000000009be00000, 0x000000009be00000|100%|HC|  |TAMS 0x000000009be00000| PB 0x000000009bd00000| Complete 
| 446|0x000000009be00000, 0x000000009bf00000, 0x000000009bf00000|100%|HC|  |TAMS 0x000000009bf00000| PB 0x000000009be00000| Complete 
| 447|0x000000009bf00000, 0x000000009c000000, 0x000000009c000000|100%| O|  |TAMS 0x000000009bf00000| PB 0x000000009bf00000| Untracked 
| 448|0x000000009c000000, 0x000000009c100000, 0x000000009c100000|100%| O|  |TAMS 0x000000009c000000| PB 0x000000009c000000| Untracked 
| 449|0x000000009c100000, 0x000000009c180000, 0x000000009c200000| 50%| O|  |TAMS 0x000000009c100000| PB 0x000000009c100000| Updating 
| 450|0x000000009c200000, 0x000000009c200000, 0x000000009c300000|  0%| F|  |TAMS 0x000000009c200000| PB 0x000000009c200000| Untracked 
| 451|0x000000009c300000, 0x000000009c300000, 0x000000009c400000|  0%| F|  |TAMS 0x000000009c300000| PB 0x000000009c300000| Untracked 
| 452|0x000000009c400000, 0x000000009c400000, 0x000000009c500000|  0%| F|  |TAMS 0x000000009c400000| PB 0x000000009c400000| Untracked 
| 453|0x000000009c500000, 0x000000009c500000, 0x000000009c600000|  0%| F|  |TAMS 0x000000009c500000| PB 0x000000009c500000| Untracked 
| 454|0x000000009c600000, 0x000000009c600000, 0x000000009c700000|  0%| F|  |TAMS 0x000000009c600000| PB 0x000000009c600000| Untracked 
| 455|0x000000009c700000, 0x000000009c700000, 0x000000009c800000|  0%| F|  |TAMS 0x000000009c700000| PB 0x000000009c700000| Untracked 
| 456|0x000000009c800000, 0x000000009c800000, 0x000000009c900000|  0%| F|  |TAMS 0x000000009c800000| PB 0x000000009c800000| Untracked 
| 457|0x000000009c900000, 0x000000009c900000, 0x000000009ca00000|  0%| F|  |TAMS 0x000000009c900000| PB 0x000000009c900000| Untracked 
| 458|0x000000009ca00000, 0x000000009cb00000, 0x000000009cb00000|100%|HS|  |TAMS 0x000000009cb00000| PB 0x000000009ca00000| Complete 
| 459|0x000000009cb00000, 0x000000009cc00000, 0x000000009cc00000|100%|HC|  |TAMS 0x000000009cc00000| PB 0x000000009cb00000| Complete 
| 460|0x000000009cc00000, 0x000000009cd00000, 0x000000009cd00000|100%|HC|  |TAMS 0x000000009cd00000| PB 0x000000009cc00000| Complete 
| 461|0x000000009cd00000, 0x000000009cd00000, 0x000000009ce00000|  0%| F|  |TAMS 0x000000009cd00000| PB 0x000000009cd00000| Untracked 
| 462|0x000000009ce00000, 0x000000009ce00000, 0x000000009cf00000|  0%| F|  |TAMS 0x000000009ce00000| PB 0x000000009ce00000| Untracked 
| 463|0x000000009cf00000, 0x000000009cf00000, 0x000000009d000000|  0%| F|  |TAMS 0x000000009cf00000| PB 0x000000009cf00000| Untracked 
| 464|0x000000009d000000, 0x000000009d000000, 0x000000009d100000|  0%| F|  |TAMS 0x000000009d000000| PB 0x000000009d000000| Untracked 
| 465|0x000000009d100000, 0x000000009d100000, 0x000000009d200000|  0%| F|  |TAMS 0x000000009d100000| PB 0x000000009d100000| Untracked 
| 466|0x000000009d200000, 0x000000009d200000, 0x000000009d300000|  0%| F|  |TAMS 0x000000009d200000| PB 0x000000009d200000| Untracked 
| 467|0x000000009d300000, 0x000000009d300000, 0x000000009d400000|  0%| F|  |TAMS 0x000000009d300000| PB 0x000000009d300000| Untracked 
| 468|0x000000009d400000, 0x000000009d400000, 0x000000009d500000|  0%| F|  |TAMS 0x000000009d400000| PB 0x000000009d400000| Untracked 
| 469|0x000000009d500000, 0x000000009d500000, 0x000000009d600000|  0%| F|  |TAMS 0x000000009d500000| PB 0x000000009d500000| Untracked 
| 470|0x000000009d600000, 0x000000009d600000, 0x000000009d700000|  0%| F|  |TAMS 0x000000009d600000| PB 0x000000009d600000| Untracked 
| 471|0x000000009d700000, 0x000000009d700000, 0x000000009d800000|  0%| F|  |TAMS 0x000000009d700000| PB 0x000000009d700000| Untracked 
| 472|0x000000009d800000, 0x000000009d800000, 0x000000009d900000|  0%| F|  |TAMS 0x000000009d800000| PB 0x000000009d800000| Untracked 
| 473|0x000000009d900000, 0x000000009d900000, 0x000000009da00000|  0%| F|  |TAMS 0x000000009d900000| PB 0x000000009d900000| Untracked 
| 474|0x000000009da00000, 0x000000009da00000, 0x000000009db00000|  0%| F|  |TAMS 0x000000009da00000| PB 0x000000009da00000| Untracked 
| 475|0x000000009db00000, 0x000000009db00000, 0x000000009dc00000|  0%| F|  |TAMS 0x000000009db00000| PB 0x000000009db00000| Untracked 
| 476|0x000000009dc00000, 0x000000009dc00000, 0x000000009dd00000|  0%| F|  |TAMS 0x000000009dc00000| PB 0x000000009dc00000| Untracked 
| 477|0x000000009dd00000, 0x000000009dd00000, 0x000000009de00000|  0%| F|  |TAMS 0x000000009dd00000| PB 0x000000009dd00000| Untracked 
| 478|0x000000009de00000, 0x000000009de00000, 0x000000009df00000|  0%| F|  |TAMS 0x000000009de00000| PB 0x000000009de00000| Untracked 
| 479|0x000000009df00000, 0x000000009df00000, 0x000000009e000000|  0%| F|  |TAMS 0x000000009df00000| PB 0x000000009df00000| Untracked 
| 480|0x000000009e000000, 0x000000009e000000, 0x000000009e100000|  0%| F|  |TAMS 0x000000009e000000| PB 0x000000009e000000| Untracked 
| 481|0x000000009e100000, 0x000000009e100000, 0x000000009e200000|  0%| F|  |TAMS 0x000000009e100000| PB 0x000000009e100000| Untracked 
| 482|0x000000009e200000, 0x000000009e200000, 0x000000009e300000|  0%| F|  |TAMS 0x000000009e200000| PB 0x000000009e200000| Untracked 
| 483|0x000000009e300000, 0x000000009e300000, 0x000000009e400000|  0%| F|  |TAMS 0x000000009e300000| PB 0x000000009e300000| Untracked 
| 484|0x000000009e400000, 0x000000009e400000, 0x000000009e500000|  0%| F|  |TAMS 0x000000009e400000| PB 0x000000009e400000| Untracked 
| 485|0x000000009e500000, 0x000000009e500000, 0x000000009e600000|  0%| F|  |TAMS 0x000000009e500000| PB 0x000000009e500000| Untracked 
| 486|0x000000009e600000, 0x000000009e600000, 0x000000009e700000|  0%| F|  |TAMS 0x000000009e600000| PB 0x000000009e600000| Untracked 
| 487|0x000000009e700000, 0x000000009e700000, 0x000000009e800000|  0%| F|  |TAMS 0x000000009e700000| PB 0x000000009e700000| Untracked 
| 488|0x000000009e800000, 0x000000009e800000, 0x000000009e900000|  0%| F|  |TAMS 0x000000009e800000| PB 0x000000009e800000| Untracked 
| 489|0x000000009e900000, 0x000000009e900000, 0x000000009ea00000|  0%| F|  |TAMS 0x000000009e900000| PB 0x000000009e900000| Untracked 
| 490|0x000000009ea00000, 0x000000009ea00000, 0x000000009eb00000|  0%| F|  |TAMS 0x000000009ea00000| PB 0x000000009ea00000| Untracked 
| 491|0x000000009eb00000, 0x000000009eb00000, 0x000000009ec00000|  0%| F|  |TAMS 0x000000009eb00000| PB 0x000000009eb00000| Untracked 
| 492|0x000000009ec00000, 0x000000009ec00000, 0x000000009ed00000|  0%| F|  |TAMS 0x000000009ec00000| PB 0x000000009ec00000| Untracked 
| 493|0x000000009ed00000, 0x000000009ed00000, 0x000000009ee00000|  0%| F|  |TAMS 0x000000009ed00000| PB 0x000000009ed00000| Untracked 
| 494|0x000000009ee00000, 0x000000009ee00000, 0x000000009ef00000|  0%| F|  |TAMS 0x000000009ee00000| PB 0x000000009ee00000| Untracked 
| 495|0x000000009ef00000, 0x000000009ef00000, 0x000000009f000000|  0%| F|  |TAMS 0x000000009ef00000| PB 0x000000009ef00000| Untracked 
| 496|0x000000009f000000, 0x000000009f000000, 0x000000009f100000|  0%| F|  |TAMS 0x000000009f000000| PB 0x000000009f000000| Untracked 
| 497|0x000000009f100000, 0x000000009f100000, 0x000000009f200000|  0%| F|  |TAMS 0x000000009f100000| PB 0x000000009f100000| Untracked 
| 498|0x000000009f200000, 0x000000009f200000, 0x000000009f300000|  0%| F|  |TAMS 0x000000009f200000| PB 0x000000009f200000| Untracked 
| 499|0x000000009f300000, 0x000000009f300000, 0x000000009f400000|  0%| F|  |TAMS 0x000000009f300000| PB 0x000000009f300000| Untracked 
| 500|0x000000009f400000, 0x000000009f400000, 0x000000009f500000|  0%| F|  |TAMS 0x000000009f400000| PB 0x000000009f400000| Untracked 
| 501|0x000000009f500000, 0x000000009f500000, 0x000000009f600000|  0%| F|  |TAMS 0x000000009f500000| PB 0x000000009f500000| Untracked 
| 502|0x000000009f600000, 0x000000009f600000, 0x000000009f700000|  0%| F|  |TAMS 0x000000009f600000| PB 0x000000009f600000| Untracked 
| 503|0x000000009f700000, 0x000000009f700000, 0x000000009f800000|  0%| F|  |TAMS 0x000000009f700000| PB 0x000000009f700000| Untracked 
| 504|0x000000009f800000, 0x000000009f800000, 0x000000009f900000|  0%| F|  |TAMS 0x000000009f800000| PB 0x000000009f800000| Untracked 
| 505|0x000000009f900000, 0x000000009f900000, 0x000000009fa00000|  0%| F|  |TAMS 0x000000009f900000| PB 0x000000009f900000| Untracked 
| 506|0x000000009fa00000, 0x000000009fa00000, 0x000000009fb00000|  0%| F|  |TAMS 0x000000009fa00000| PB 0x000000009fa00000| Untracked 
| 507|0x000000009fb00000, 0x000000009fb00000, 0x000000009fc00000|  0%| F|  |TAMS 0x000000009fb00000| PB 0x000000009fb00000| Untracked 
| 508|0x000000009fc00000, 0x000000009fc00000, 0x000000009fd00000|  0%| F|  |TAMS 0x000000009fc00000| PB 0x000000009fc00000| Untracked 
| 509|0x000000009fd00000, 0x000000009fd00000, 0x000000009fe00000|  0%| F|  |TAMS 0x000000009fd00000| PB 0x000000009fd00000| Untracked 
| 510|0x000000009fe00000, 0x000000009fe00000, 0x000000009ff00000|  0%| F|  |TAMS 0x000000009fe00000| PB 0x000000009fe00000| Untracked 
| 511|0x000000009ff00000, 0x000000009ff00000, 0x00000000a0000000|  0%| F|  |TAMS 0x000000009ff00000| PB 0x000000009ff00000| Untracked 
| 512|0x00000000a0000000, 0x00000000a0000000, 0x00000000a0100000|  0%| F|  |TAMS 0x00000000a0000000| PB 0x00000000a0000000| Untracked 
| 513|0x00000000a0100000, 0x00000000a0100000, 0x00000000a0200000|  0%| F|  |TAMS 0x00000000a0100000| PB 0x00000000a0100000| Untracked 
| 514|0x00000000a0200000, 0x00000000a0200000, 0x00000000a0300000|  0%| F|  |TAMS 0x00000000a0200000| PB 0x00000000a0200000| Untracked 
| 515|0x00000000a0300000, 0x00000000a0300000, 0x00000000a0400000|  0%| F|  |TAMS 0x00000000a0300000| PB 0x00000000a0300000| Untracked 
| 516|0x00000000a0400000, 0x00000000a0400000, 0x00000000a0500000|  0%| F|  |TAMS 0x00000000a0400000| PB 0x00000000a0400000| Untracked 
| 517|0x00000000a0500000, 0x00000000a0500000, 0x00000000a0600000|  0%| F|  |TAMS 0x00000000a0500000| PB 0x00000000a0500000| Untracked 
| 518|0x00000000a0600000, 0x00000000a0600000, 0x00000000a0700000|  0%| F|  |TAMS 0x00000000a0600000| PB 0x00000000a0600000| Untracked 
| 519|0x00000000a0700000, 0x00000000a0700000, 0x00000000a0800000|  0%| F|  |TAMS 0x00000000a0700000| PB 0x00000000a0700000| Untracked 
| 520|0x00000000a0800000, 0x00000000a0880000, 0x00000000a0900000| 50%| E|  |TAMS 0x00000000a0800000| PB 0x00000000a0800000| Complete 
| 521|0x00000000a0900000, 0x00000000a0a00000, 0x00000000a0a00000|100%| E|CS|TAMS 0x00000000a0900000| PB 0x00000000a0900000| Complete 
| 522|0x00000000a0a00000, 0x00000000a0b00000, 0x00000000a0b00000|100%| E|CS|TAMS 0x00000000a0a00000| PB 0x00000000a0a00000| Complete 
| 523|0x00000000a0b00000, 0x00000000a0c00000, 0x00000000a0c00000|100%| E|CS|TAMS 0x00000000a0b00000| PB 0x00000000a0b00000| Complete 
| 524|0x00000000a0c00000, 0x00000000a0d00000, 0x00000000a0d00000|100%| E|CS|TAMS 0x00000000a0c00000| PB 0x00000000a0c00000| Complete 
| 525|0x00000000a0d00000, 0x00000000a0e00000, 0x00000000a0e00000|100%| E|CS|TAMS 0x00000000a0d00000| PB 0x00000000a0d00000| Complete 
| 526|0x00000000a0e00000, 0x00000000a0f00000, 0x00000000a0f00000|100%| E|CS|TAMS 0x00000000a0e00000| PB 0x00000000a0e00000| Complete 
| 527|0x00000000a0f00000, 0x00000000a1000000, 0x00000000a1000000|100%| E|CS|TAMS 0x00000000a0f00000| PB 0x00000000a0f00000| Complete 
| 528|0x00000000a1000000, 0x00000000a1100000, 0x00000000a1100000|100%| E|CS|TAMS 0x00000000a1000000| PB 0x00000000a1000000| Complete 
| 529|0x00000000a1100000, 0x00000000a1200000, 0x00000000a1200000|100%| E|CS|TAMS 0x00000000a1100000| PB 0x00000000a1100000| Complete 
| 530|0x00000000a1200000, 0x00000000a1300000, 0x00000000a1300000|100%| E|CS|TAMS 0x00000000a1200000| PB 0x00000000a1200000| Complete 
| 531|0x00000000a1300000, 0x00000000a1400000, 0x00000000a1400000|100%| E|CS|TAMS 0x00000000a1300000| PB 0x00000000a1300000| Complete 
| 532|0x00000000a1400000, 0x00000000a1500000, 0x00000000a1500000|100%| E|CS|TAMS 0x00000000a1400000| PB 0x00000000a1400000| Complete 
| 533|0x00000000a1500000, 0x00000000a1600000, 0x00000000a1600000|100%| E|CS|TAMS 0x00000000a1500000| PB 0x00000000a1500000| Complete 
| 534|0x00000000a1600000, 0x00000000a1700000, 0x00000000a1700000|100%| E|CS|TAMS 0x00000000a1600000| PB 0x00000000a1600000| Complete 
| 535|0x00000000a1700000, 0x00000000a1800000, 0x00000000a1800000|100%| E|CS|TAMS 0x00000000a1700000| PB 0x00000000a1700000| Complete 
| 536|0x00000000a1800000, 0x00000000a1900000, 0x00000000a1900000|100%| E|CS|TAMS 0x00000000a1800000| PB 0x00000000a1800000| Complete 
| 537|0x00000000a1900000, 0x00000000a1a00000, 0x00000000a1a00000|100%| E|CS|TAMS 0x00000000a1900000| PB 0x00000000a1900000| Complete 
| 538|0x00000000a1a00000, 0x00000000a1b00000, 0x00000000a1b00000|100%| E|CS|TAMS 0x00000000a1a00000| PB 0x00000000a1a00000| Complete 
| 539|0x00000000a1b00000, 0x00000000a1c00000, 0x00000000a1c00000|100%| E|CS|TAMS 0x00000000a1b00000| PB 0x00000000a1b00000| Complete 
| 540|0x00000000a1c00000, 0x00000000a1d00000, 0x00000000a1d00000|100%| E|CS|TAMS 0x00000000a1c00000| PB 0x00000000a1c00000| Complete 
| 541|0x00000000a1d00000, 0x00000000a1e00000, 0x00000000a1e00000|100%| E|CS|TAMS 0x00000000a1d00000| PB 0x00000000a1d00000| Complete 
| 542|0x00000000a1e00000, 0x00000000a1f00000, 0x00000000a1f00000|100%| E|CS|TAMS 0x00000000a1e00000| PB 0x00000000a1e00000| Complete 
| 543|0x00000000a1f00000, 0x00000000a2000000, 0x00000000a2000000|100%| E|CS|TAMS 0x00000000a1f00000| PB 0x00000000a1f00000| Complete 
| 544|0x00000000a2000000, 0x00000000a2100000, 0x00000000a2100000|100%| E|CS|TAMS 0x00000000a2000000| PB 0x00000000a2000000| Complete 
| 545|0x00000000a2100000, 0x00000000a2200000, 0x00000000a2200000|100%| E|CS|TAMS 0x00000000a2100000| PB 0x00000000a2100000| Complete 
| 546|0x00000000a2200000, 0x00000000a2300000, 0x00000000a2300000|100%| E|CS|TAMS 0x00000000a2200000| PB 0x00000000a2200000| Complete 
| 547|0x00000000a2300000, 0x00000000a2400000, 0x00000000a2400000|100%| E|CS|TAMS 0x00000000a2300000| PB 0x00000000a2300000| Complete 
| 548|0x00000000a2400000, 0x00000000a24e1930, 0x00000000a2500000| 88%| S|CS|TAMS 0x00000000a2400000| PB 0x00000000a2400000| Complete 
| 549|0x00000000a2500000, 0x00000000a2600000, 0x00000000a2600000|100%| S|CS|TAMS 0x00000000a2500000| PB 0x00000000a2500000| Complete 
| 550|0x00000000a2600000, 0x00000000a2700000, 0x00000000a2700000|100%| S|CS|TAMS 0x00000000a2600000| PB 0x00000000a2600000| Complete 
| 551|0x00000000a2700000, 0x00000000a2800000, 0x00000000a2800000|100%| S|CS|TAMS 0x00000000a2700000| PB 0x00000000a2700000| Complete 
| 552|0x00000000a2800000, 0x00000000a2900000, 0x00000000a2900000|100%| S|CS|TAMS 0x00000000a2800000| PB 0x00000000a2800000| Complete 
| 553|0x00000000a2900000, 0x00000000a2a00000, 0x00000000a2a00000|100%| S|CS|TAMS 0x00000000a2900000| PB 0x00000000a2900000| Complete 
| 554|0x00000000a2a00000, 0x00000000a2b00000, 0x00000000a2b00000|100%| S|CS|TAMS 0x00000000a2a00000| PB 0x00000000a2a00000| Complete 
| 555|0x00000000a2b00000, 0x00000000a2c00000, 0x00000000a2c00000|100%| S|CS|TAMS 0x00000000a2b00000| PB 0x00000000a2b00000| Complete 
| 556|0x00000000a2c00000, 0x00000000a2d00000, 0x00000000a2d00000|100%| S|CS|TAMS 0x00000000a2c00000| PB 0x00000000a2c00000| Complete 
| 557|0x00000000a2d00000, 0x00000000a2e00000, 0x00000000a2e00000|100%| S|CS|TAMS 0x00000000a2d00000| PB 0x00000000a2d00000| Complete 
| 558|0x00000000a2e00000, 0x00000000a2f00000, 0x00000000a2f00000|100%| S|CS|TAMS 0x00000000a2e00000| PB 0x00000000a2e00000| Complete 
| 559|0x00000000a2f00000, 0x00000000a3000000, 0x00000000a3000000|100%| S|CS|TAMS 0x00000000a2f00000| PB 0x00000000a2f00000| Complete 
| 560|0x00000000a3000000, 0x00000000a3100000, 0x00000000a3100000|100%| S|CS|TAMS 0x00000000a3000000| PB 0x00000000a3000000| Complete 
| 561|0x00000000a3100000, 0x00000000a3200000, 0x00000000a3200000|100%| E|CS|TAMS 0x00000000a3100000| PB 0x00000000a3100000| Complete 
| 562|0x00000000a3200000, 0x00000000a3300000, 0x00000000a3300000|100%| E|CS|TAMS 0x00000000a3200000| PB 0x00000000a3200000| Complete 
| 563|0x00000000a3300000, 0x00000000a3400000, 0x00000000a3400000|100%| E|CS|TAMS 0x00000000a3300000| PB 0x00000000a3300000| Complete 
| 564|0x00000000a3400000, 0x00000000a3500000, 0x00000000a3500000|100%| E|CS|TAMS 0x00000000a3400000| PB 0x00000000a3400000| Complete 
| 565|0x00000000a3500000, 0x00000000a3600000, 0x00000000a3600000|100%| E|CS|TAMS 0x00000000a3500000| PB 0x00000000a3500000| Complete 
| 566|0x00000000a3600000, 0x00000000a3700000, 0x00000000a3700000|100%| E|CS|TAMS 0x00000000a3600000| PB 0x00000000a3600000| Complete 
| 567|0x00000000a3700000, 0x00000000a3800000, 0x00000000a3800000|100%| E|CS|TAMS 0x00000000a3700000| PB 0x00000000a3700000| Complete 
| 568|0x00000000a3800000, 0x00000000a3900000, 0x00000000a3900000|100%| E|CS|TAMS 0x00000000a3800000| PB 0x00000000a3800000| Complete 
| 569|0x00000000a3900000, 0x00000000a3a00000, 0x00000000a3a00000|100%| E|CS|TAMS 0x00000000a3900000| PB 0x00000000a3900000| Complete 
| 570|0x00000000a3a00000, 0x00000000a3b00000, 0x00000000a3b00000|100%| E|CS|TAMS 0x00000000a3a00000| PB 0x00000000a3a00000| Complete 
| 571|0x00000000a3b00000, 0x00000000a3c00000, 0x00000000a3c00000|100%| E|CS|TAMS 0x00000000a3b00000| PB 0x00000000a3b00000| Complete 
| 572|0x00000000a3c00000, 0x00000000a3d00000, 0x00000000a3d00000|100%| E|CS|TAMS 0x00000000a3c00000| PB 0x00000000a3c00000| Complete 
| 573|0x00000000a3d00000, 0x00000000a3e00000, 0x00000000a3e00000|100%| E|CS|TAMS 0x00000000a3d00000| PB 0x00000000a3d00000| Complete 
| 574|0x00000000a3e00000, 0x00000000a3f00000, 0x00000000a3f00000|100%| E|CS|TAMS 0x00000000a3e00000| PB 0x00000000a3e00000| Complete 
| 575|0x00000000a3f00000, 0x00000000a4000000, 0x00000000a4000000|100%| E|CS|TAMS 0x00000000a3f00000| PB 0x00000000a3f00000| Complete 
| 576|0x00000000a4000000, 0x00000000a4100000, 0x00000000a4100000|100%| E|CS|TAMS 0x00000000a4000000| PB 0x00000000a4000000| Complete 
| 577|0x00000000a4100000, 0x00000000a4200000, 0x00000000a4200000|100%| E|CS|TAMS 0x00000000a4100000| PB 0x00000000a4100000| Complete 
| 578|0x00000000a4200000, 0x00000000a4300000, 0x00000000a4300000|100%| E|CS|TAMS 0x00000000a4200000| PB 0x00000000a4200000| Complete 
| 579|0x00000000a4300000, 0x00000000a4400000, 0x00000000a4400000|100%| E|CS|TAMS 0x00000000a4300000| PB 0x00000000a4300000| Complete 
| 580|0x00000000a4400000, 0x00000000a4500000, 0x00000000a4500000|100%| E|CS|TAMS 0x00000000a4400000| PB 0x00000000a4400000| Complete 
| 581|0x00000000a4500000, 0x00000000a4600000, 0x00000000a4600000|100%| E|CS|TAMS 0x00000000a4500000| PB 0x00000000a4500000| Complete 
| 582|0x00000000a4600000, 0x00000000a4700000, 0x00000000a4700000|100%| E|CS|TAMS 0x00000000a4600000| PB 0x00000000a4600000| Complete 
| 583|0x00000000a4700000, 0x00000000a4800000, 0x00000000a4800000|100%| E|CS|TAMS 0x00000000a4700000| PB 0x00000000a4700000| Complete 
| 584|0x00000000a4800000, 0x00000000a4900000, 0x00000000a4900000|100%| E|CS|TAMS 0x00000000a4800000| PB 0x00000000a4800000| Complete 
| 585|0x00000000a4900000, 0x00000000a4a00000, 0x00000000a4a00000|100%| E|CS|TAMS 0x00000000a4900000| PB 0x00000000a4900000| Complete 
| 586|0x00000000a4a00000, 0x00000000a4b00000, 0x00000000a4b00000|100%| E|CS|TAMS 0x00000000a4a00000| PB 0x00000000a4a00000| Complete 
| 587|0x00000000a4b00000, 0x00000000a4c00000, 0x00000000a4c00000|100%| E|CS|TAMS 0x00000000a4b00000| PB 0x00000000a4b00000| Complete 
| 588|0x00000000a4c00000, 0x00000000a4d00000, 0x00000000a4d00000|100%| E|CS|TAMS 0x00000000a4c00000| PB 0x00000000a4c00000| Complete 
| 589|0x00000000a4d00000, 0x00000000a4e00000, 0x00000000a4e00000|100%| E|CS|TAMS 0x00000000a4d00000| PB 0x00000000a4d00000| Complete 
| 590|0x00000000a4e00000, 0x00000000a4f00000, 0x00000000a4f00000|100%| E|CS|TAMS 0x00000000a4e00000| PB 0x00000000a4e00000| Complete 
| 591|0x00000000a4f00000, 0x00000000a5000000, 0x00000000a5000000|100%| E|CS|TAMS 0x00000000a4f00000| PB 0x00000000a4f00000| Complete 
| 592|0x00000000a5000000, 0x00000000a5100000, 0x00000000a5100000|100%| E|CS|TAMS 0x00000000a5000000| PB 0x00000000a5000000| Complete 
| 593|0x00000000a5100000, 0x00000000a5200000, 0x00000000a5200000|100%| E|CS|TAMS 0x00000000a5100000| PB 0x00000000a5100000| Complete 
| 594|0x00000000a5200000, 0x00000000a5300000, 0x00000000a5300000|100%| E|CS|TAMS 0x00000000a5200000| PB 0x00000000a5200000| Complete 
| 595|0x00000000a5300000, 0x00000000a5400000, 0x00000000a5400000|100%| E|CS|TAMS 0x00000000a5300000| PB 0x00000000a5300000| Complete 
| 596|0x00000000a5400000, 0x00000000a5500000, 0x00000000a5500000|100%| E|CS|TAMS 0x00000000a5400000| PB 0x00000000a5400000| Complete 
| 597|0x00000000a5500000, 0x00000000a5600000, 0x00000000a5600000|100%| E|CS|TAMS 0x00000000a5500000| PB 0x00000000a5500000| Complete 
| 598|0x00000000a5600000, 0x00000000a5700000, 0x00000000a5700000|100%| E|CS|TAMS 0x00000000a5600000| PB 0x00000000a5600000| Complete 
| 599|0x00000000a5700000, 0x00000000a5800000, 0x00000000a5800000|100%| E|CS|TAMS 0x00000000a5700000| PB 0x00000000a5700000| Complete 
| 600|0x00000000a5800000, 0x00000000a5900000, 0x00000000a5900000|100%| E|CS|TAMS 0x00000000a5800000| PB 0x00000000a5800000| Complete 
| 601|0x00000000a5900000, 0x00000000a5a00000, 0x00000000a5a00000|100%| E|CS|TAMS 0x00000000a5900000| PB 0x00000000a5900000| Complete 
| 602|0x00000000a5a00000, 0x00000000a5b00000, 0x00000000a5b00000|100%| E|CS|TAMS 0x00000000a5a00000| PB 0x00000000a5a00000| Complete 
| 603|0x00000000a5b00000, 0x00000000a5c00000, 0x00000000a5c00000|100%| E|CS|TAMS 0x00000000a5b00000| PB 0x00000000a5b00000| Complete 
| 604|0x00000000a5c00000, 0x00000000a5d00000, 0x00000000a5d00000|100%| E|CS|TAMS 0x00000000a5c00000| PB 0x00000000a5c00000| Complete 
| 605|0x00000000a5d00000, 0x00000000a5e00000, 0x00000000a5e00000|100%| E|CS|TAMS 0x00000000a5d00000| PB 0x00000000a5d00000| Complete 
| 606|0x00000000a5e00000, 0x00000000a5f00000, 0x00000000a5f00000|100%| E|CS|TAMS 0x00000000a5e00000| PB 0x00000000a5e00000| Complete 
| 607|0x00000000a5f00000, 0x00000000a6000000, 0x00000000a6000000|100%| E|CS|TAMS 0x00000000a5f00000| PB 0x00000000a5f00000| Complete 
| 608|0x00000000a6000000, 0x00000000a6100000, 0x00000000a6100000|100%| E|CS|TAMS 0x00000000a6000000| PB 0x00000000a6000000| Complete 
| 609|0x00000000a6100000, 0x00000000a6200000, 0x00000000a6200000|100%| E|CS|TAMS 0x00000000a6100000| PB 0x00000000a6100000| Complete 
| 610|0x00000000a6200000, 0x00000000a6300000, 0x00000000a6300000|100%| E|CS|TAMS 0x00000000a6200000| PB 0x00000000a6200000| Complete 
| 611|0x00000000a6300000, 0x00000000a6400000, 0x00000000a6400000|100%| E|CS|TAMS 0x00000000a6300000| PB 0x00000000a6300000| Complete 
| 612|0x00000000a6400000, 0x00000000a6500000, 0x00000000a6500000|100%| E|CS|TAMS 0x00000000a6400000| PB 0x00000000a6400000| Complete 
| 613|0x00000000a6500000, 0x00000000a6600000, 0x00000000a6600000|100%| E|CS|TAMS 0x00000000a6500000| PB 0x00000000a6500000| Complete 
| 614|0x00000000a6600000, 0x00000000a6700000, 0x00000000a6700000|100%| E|CS|TAMS 0x00000000a6600000| PB 0x00000000a6600000| Complete 
| 615|0x00000000a6700000, 0x00000000a6800000, 0x00000000a6800000|100%| E|CS|TAMS 0x00000000a6700000| PB 0x00000000a6700000| Complete 
| 616|0x00000000a6800000, 0x00000000a6900000, 0x00000000a6900000|100%| E|CS|TAMS 0x00000000a6800000| PB 0x00000000a6800000| Complete 
|2013|0x00000000fdd00000, 0x00000000fde00000, 0x00000000fde00000|100%| O|  |TAMS 0x00000000fde00000| PB 0x00000000fde00000| Updating 
|2014|0x00000000fde00000, 0x00000000fdf00000, 0x00000000fdf00000|100%| O|  |TAMS 0x00000000fdf00000| PB 0x00000000fdf00000| Untracked 
|2015|0x00000000fdf00000, 0x00000000fe000000, 0x00000000fe000000|100%| O|  |TAMS 0x00000000fe000000| PB 0x00000000fe000000| Updating 
|2016|0x00000000fe000000, 0x00000000fe100000, 0x00000000fe100000|100%| O|  |TAMS 0x00000000fe100000| PB 0x00000000fe100000| Untracked 
|2017|0x00000000fe100000, 0x00000000fe200000, 0x00000000fe200000|100%| O|  |TAMS 0x00000000fe200000| PB 0x00000000fe200000| Untracked 
|2018|0x00000000fe200000, 0x00000000fe300000, 0x00000000fe300000|100%| O|  |TAMS 0x00000000fe300000| PB 0x00000000fe300000| Untracked 
|2019|0x00000000fe300000, 0x00000000fe400000, 0x00000000fe400000|100%| O|  |TAMS 0x00000000fe400000| PB 0x00000000fe400000| Updating 
|2020|0x00000000fe400000, 0x00000000fe500000, 0x00000000fe500000|100%| O|  |TAMS 0x00000000fe500000| PB 0x00000000fe500000| Untracked 
|2021|0x00000000fe500000, 0x00000000fe600000, 0x00000000fe600000|100%| O|  |TAMS 0x00000000fe600000| PB 0x00000000fe600000| Updating 
|2022|0x00000000fe600000, 0x00000000fe700000, 0x00000000fe700000|100%| O|  |TAMS 0x00000000fe700000| PB 0x00000000fe700000| Updating 
|2023|0x00000000fe700000, 0x00000000fe800000, 0x00000000fe800000|100%| O|  |TAMS 0x00000000fe800000| PB 0x00000000fe800000| Updating 
|2024|0x00000000fe800000, 0x00000000fe900000, 0x00000000fe900000|100%| O|  |TAMS 0x00000000fe900000| PB 0x00000000fe900000| Untracked 
|2025|0x00000000fe900000, 0x00000000fea00000, 0x00000000fea00000|100%| O|  |TAMS 0x00000000fea00000| PB 0x00000000fea00000| Untracked 
|2026|0x00000000fea00000, 0x00000000feb00000, 0x00000000feb00000|100%| O|  |TAMS 0x00000000feb00000| PB 0x00000000feb00000| Untracked 
|2027|0x00000000feb00000, 0x00000000fec00000, 0x00000000fec00000|100%| O|  |TAMS 0x00000000fec00000| PB 0x00000000fec00000| Untracked 
|2028|0x00000000fec00000, 0x00000000fed00000, 0x00000000fed00000|100%| O|  |TAMS 0x00000000fed00000| PB 0x00000000fed00000| Untracked 
|2029|0x00000000fed00000, 0x00000000fee00000, 0x00000000fee00000|100%| O|  |TAMS 0x00000000fee00000| PB 0x00000000fee00000| Untracked 
|2030|0x00000000fee00000, 0x00000000fef00000, 0x00000000fef00000|100%| O|  |TAMS 0x00000000fef00000| PB 0x00000000fef00000| Untracked 
|2031|0x00000000fef00000, 0x00000000ff000000, 0x00000000ff000000|100%| O|  |TAMS 0x00000000ff000000| PB 0x00000000ff000000| Updating 
|2032|0x00000000ff000000, 0x00000000ff100000, 0x00000000ff100000|100%| O|  |TAMS 0x00000000ff100000| PB 0x00000000ff100000| Untracked 
|2033|0x00000000ff100000, 0x00000000ff200000, 0x00000000ff200000|100%| O|  |TAMS 0x00000000ff200000| PB 0x00000000ff200000| Untracked 
|2034|0x00000000ff200000, 0x00000000ff300000, 0x00000000ff300000|100%| O|  |TAMS 0x00000000ff300000| PB 0x00000000ff300000| Untracked 
|2035|0x00000000ff300000, 0x00000000ff400000, 0x00000000ff400000|100%| O|  |TAMS 0x00000000ff400000| PB 0x00000000ff400000| Updating 
|2036|0x00000000ff400000, 0x00000000ff500000, 0x00000000ff500000|100%| O|  |TAMS 0x00000000ff500000| PB 0x00000000ff500000| Updating 
|2037|0x00000000ff500000, 0x00000000ff600000, 0x00000000ff600000|100%| E|CS|TAMS 0x00000000ff500000| PB 0x00000000ff500000| Complete 
|2038|0x00000000ff600000, 0x00000000ff700000, 0x00000000ff700000|100%| E|CS|TAMS 0x00000000ff600000| PB 0x00000000ff600000| Complete 
|2039|0x00000000ff700000, 0x00000000ff800000, 0x00000000ff800000|100%| E|CS|TAMS 0x00000000ff700000| PB 0x00000000ff700000| Complete 
|2040|0x00000000ff800000, 0x00000000ff900000, 0x00000000ff900000|100%| E|CS|TAMS 0x00000000ff800000| PB 0x00000000ff800000| Complete 
|2041|0x00000000ff900000, 0x00000000ffa00000, 0x00000000ffa00000|100%| O|  |TAMS 0x00000000ffa00000| PB 0x00000000ffa00000| Updating 
|2042|0x00000000ffa00000, 0x00000000ffb00000, 0x00000000ffb00000|100%| O|  |TAMS 0x00000000ffb00000| PB 0x00000000ffb00000| Updating 
|2043|0x00000000ffb00000, 0x00000000ffc00000, 0x00000000ffc00000|100%| O|  |TAMS 0x00000000ffc00000| PB 0x00000000ffc00000| Updating 
|2044|0x00000000ffc00000, 0x00000000ffd00000, 0x00000000ffd00000|100%| O|  |TAMS 0x00000000ffd00000| PB 0x00000000ffd00000| Untracked 
|2045|0x00000000ffd00000, 0x00000000ffe00000, 0x00000000ffe00000|100%| O|  |TAMS 0x00000000ffe00000| PB 0x00000000ffe00000| Untracked 
|2046|0x00000000ffe00000, 0x00000000fff00000, 0x00000000fff00000|100%| O|  |TAMS 0x00000000fff00000| PB 0x00000000fff00000| Untracked 
|2047|0x00000000fff00000, 0x0000000100000000, 0x0000000100000000|100%| O|  |TAMS 0x0000000100000000| PB 0x0000000100000000| Untracked 

Card table byte_map: [0x0000015643b10000,0x0000015643f10000] _byte_map_base: 0x0000015643710000

Marking Bits: (CMBitMap*) 0x00000156310a55e0
 Bits: [0x0000015643f10000, 0x0000015645f10000)

Polling page: 0x000001562ec90000

Metaspace:

Usage:
  Non-class:    111.81 MB used.
      Class:     17.28 MB used.
       Both:    129.10 MB used.

Virtual space:
  Non-class space:      128.00 MB reserved,     113.00 MB ( 88%) committed,  2 nodes.
      Class space:      416.00 MB reserved,      18.38 MB (  4%) committed,  1 nodes.
             Both:      544.00 MB reserved,     131.38 MB ( 24%) committed. 

Chunk freelists:
   Non-Class:  14.22 MB
       Class:  13.50 MB
        Both:  27.72 MB

MaxMetaspaceSize: 512.00 MB
CompressedClassSpaceSize: 416.00 MB
Initial GC threshold: 21.00 MB
Current GC threshold: 215.88 MB
CDS: off
 - commit_granule_bytes: 65536.
 - commit_granule_words: 8192.
 - virtual_space_node_default_size: 8388608.
 - enlarge_chunks_in_place: 1.
 - use_allocation_guard: 0.


Internal statistics:

num_allocs_failed_limit: 9.
num_arena_births: 4498.
num_arena_deaths: 0.
num_vsnodes_births: 3.
num_vsnodes_deaths: 0.
num_space_committed: 2101.
num_space_uncommitted: 0.
num_chunks_returned_to_freelist: 9.
num_chunks_taken_from_freelist: 10263.
num_chunk_merges: 9.
num_chunk_splits: 6664.
num_chunks_enlarged: 4190.
num_inconsistent_stats: 0.

CodeHeap 'non-profiled nmethods': size=120000Kb used=7822Kb max_used=8070Kb free=112178Kb
 bounds [0x000001563bc70000, 0x000001563c460000, 0x00000156431a0000]
CodeHeap 'profiled nmethods': size=120000Kb used=24626Kb max_used=25345Kb free=95373Kb
 bounds [0x00000156341a0000, 0x0000015635a80000, 0x000001563b6d0000]
CodeHeap 'non-nmethods': size=5760Kb used=2928Kb max_used=2979Kb free=2831Kb
 bounds [0x000001563b6d0000, 0x000001563b9c0000, 0x000001563bc70000]
 total_blobs=14963 nmethods=13935 adapters=930
 compilation: enabled
              stopped_count=0, restarted_count=0
 full_count=0

Compilation events (20 events):
Event: 26.212 Thread 0x000001564d0deb30 18013       2       com.google.common.collect.ImmutableSet::of (4 bytes)
Event: 26.212 Thread 0x000001564d0deb30 nmethod 18013 0x0000015634fae110 code [0x0000015634fae2a0, 0x0000015634fae390]
Event: 26.232 Thread 0x000001564d0deb30 18015       3       sun.nio.fs.WindowsPath::getFileName (87 bytes)
Event: 26.233 Thread 0x000001564d0deb30 nmethod 18015 0x0000015634f78d90 code [0x0000015634f79060, 0x0000015634f79e98]
Event: 26.233 Thread 0x000001564d0deb30 18016       2       sun.nio.fs.WindowsPath::getRoot (36 bytes)
Event: 26.233 Thread 0x000001564d0deb30 nmethod 18016 0x0000015634f78590 code [0x0000015634f78740, 0x0000015634f78a78]
Event: 26.253 Thread 0x00000156517c2500 nmethod 17970 0x000001563c448a10 code [0x000001563c448f40, 0x000001563c44c108]
Event: 26.254 Thread 0x00000156517c2500 18014       4       java.util.regex.Pattern$SliceU::match (99 bytes)
Event: 26.262 Thread 0x00000156517c2500 nmethod 18014 0x000001563c44e890 code [0x000001563c44ea80, 0x000001563c44efa8]
Event: 26.263 Thread 0x00000156517c2500 17961       4       com.google.common.collect.Lists::indexOfRandomAccess (70 bytes)
Event: 26.270 Thread 0x000001564d0deb30 18018       2       com.google.common.collect.RegularImmutableMap::size (6 bytes)
Event: 26.270 Thread 0x000001564d0deb30 nmethod 18018 0x00000156358c3690 code [0x00000156358c3820, 0x00000156358c3930]
Event: 26.272 Thread 0x00000156517c2500 nmethod 17961 0x000001563c44f390 code [0x000001563c44f560, 0x000001563c44fa70]
Event: 26.272 Thread 0x00000156517c2500 17989       4       com.android.tools.r8.internal.HS::a (368 bytes)
Event: 26.291 Thread 0x00000156517c2500 nmethod 17989 0x000001563c44fd10 code [0x000001563c44fee0, 0x000001563c4508c8]
Event: 26.291 Thread 0x00000156517c2500 17997       4       com.android.tools.r8.internal.F20::a (183 bytes)
Event: 26.300 Thread 0x000001564d0deb30 18019       3       kotlin.io.FilesKt__UtilsKt::resolve (130 bytes)
Event: 26.303 Thread 0x000001564d0deb30 nmethod 18019 0x0000015634bf3510 code [0x0000015634bf3a00, 0x0000015634bf5928]
Event: 26.304 Thread 0x00000156517c2500 nmethod 17997 0x000001563c450b10 code [0x000001563c450d40, 0x000001563c451588]
Event: 26.304 Thread 0x00000156517c2500 18021       4       com.google.common.collect.RegularImmutableMap::get (64 bytes)

GC Heap History (20 events):
Event: 20.565 GC heap before
{Heap before GC invocations=50 (full 0):
 garbage-first heap   total 324608K, used 301403K [0x0000000080000000, 0x0000000100000000)
  region size 1024K, 111 young (113664K), 2 survivors (2048K)
 Metaspace       used 126101K, committed 128384K, reserved 557056K
  class space    used 16889K, committed 18048K, reserved 425984K
}
Event: 20.568 GC heap after
{Heap after GC invocations=51 (full 0):
 garbage-first heap   total 324608K, used 188992K [0x0000000080000000, 0x0000000100000000)
  region size 1024K, 1 young (1024K), 1 survivors (1024K)
 Metaspace       used 126101K, committed 128384K, reserved 557056K
  class space    used 16889K, committed 18048K, reserved 425984K
}
Event: 20.950 GC heap before
{Heap before GC invocations=51 (full 0):
 garbage-first heap   total 324608K, used 304704K [0x0000000080000000, 0x0000000100000000)
  region size 1024K, 114 young (116736K), 1 survivors (1024K)
 Metaspace       used 126101K, committed 128384K, reserved 557056K
  class space    used 16889K, committed 18048K, reserved 425984K
}
Event: 20.954 GC heap after
{Heap after GC invocations=52 (full 0):
 garbage-first heap   total 324608K, used 182193K [0x0000000080000000, 0x0000000100000000)
  region size 1024K, 2 young (2048K), 2 survivors (2048K)
 Metaspace       used 126101K, committed 128384K, reserved 557056K
  class space    used 16889K, committed 18048K, reserved 425984K
}
Event: 21.318 GC heap before
{Heap before GC invocations=52 (full 0):
 garbage-first heap   total 324608K, used 304049K [0x0000000080000000, 0x0000000100000000)
  region size 1024K, 122 young (124928K), 2 survivors (2048K)
 Metaspace       used 126752K, committed 129088K, reserved 557056K
  class space    used 17001K, committed 18176K, reserved 425984K
}
Event: 21.325 GC heap after
{Heap after GC invocations=53 (full 0):
 garbage-first heap   total 324608K, used 185343K [0x0000000080000000, 0x0000000100000000)
  region size 1024K, 7 young (7168K), 7 survivors (7168K)
 Metaspace       used 126752K, committed 129088K, reserved 557056K
  class space    used 17001K, committed 18176K, reserved 425984K
}
Event: 21.821 GC heap before
{Heap before GC invocations=54 (full 0):
 garbage-first heap   total 324608K, used 323583K [0x0000000080000000, 0x0000000100000000)
  region size 1024K, 68 young (69632K), 7 survivors (7168K)
 Metaspace       used 127766K, committed 130048K, reserved 557056K
  class space    used 17115K, committed 18240K, reserved 425984K
}
Event: 21.843 GC heap after
{Heap after GC invocations=55 (full 0):
 garbage-first heap   total 350208K, used 279960K [0x0000000080000000, 0x0000000100000000)
  region size 1024K, 15 young (15360K), 15 survivors (15360K)
 Metaspace       used 127766K, committed 130048K, reserved 557056K
  class space    used 17115K, committed 18240K, reserved 425984K
}
Event: 22.180 GC heap before
{Heap before GC invocations=55 (full 0):
 garbage-first heap   total 350208K, used 314776K [0x0000000080000000, 0x0000000100000000)
  region size 1024K, 50 young (51200K), 15 survivors (15360K)
 Metaspace       used 128912K, committed 131264K, reserved 557056K
  class space    used 17265K, committed 18432K, reserved 425984K
}
Event: 22.200 GC heap after
{Heap after GC invocations=56 (full 0):
 garbage-first heap   total 350208K, used 282617K [0x0000000080000000, 0x0000000100000000)
  region size 1024K, 7 young (7168K), 7 survivors (7168K)
 Metaspace       used 128912K, committed 131264K, reserved 557056K
  class space    used 17265K, committed 18432K, reserved 425984K
}
Event: 22.416 GC heap before
{Heap before GC invocations=56 (full 0):
 garbage-first heap   total 350208K, used 312313K [0x0000000080000000, 0x0000000100000000)
  region size 1024K, 38 young (38912K), 7 survivors (7168K)
 Metaspace       used 129692K, committed 132096K, reserved 557056K
  class space    used 17377K, committed 18560K, reserved 425984K
}
Event: 22.426 GC heap after
{Heap after GC invocations=57 (full 0):
 garbage-first heap   total 350208K, used 289203K [0x0000000080000000, 0x0000000100000000)
  region size 1024K, 6 young (6144K), 6 survivors (6144K)
 Metaspace       used 129692K, committed 132096K, reserved 557056K
  class space    used 17377K, committed 18560K, reserved 425984K
}
Event: 22.689 GC heap before
{Heap before GC invocations=57 (full 0):
 garbage-first heap   total 490496K, used 322995K [0x0000000080000000, 0x0000000100000000)
  region size 1024K, 36 young (36864K), 6 survivors (6144K)
 Metaspace       used 130388K, committed 132736K, reserved 557056K
  class space    used 17474K, committed 18624K, reserved 425984K
}
Event: 22.706 GC heap after
{Heap after GC invocations=58 (full 0):
 garbage-first heap   total 622592K, used 299664K [0x0000000080000000, 0x0000000100000000)
  region size 1024K, 5 young (5120K), 5 survivors (5120K)
 Metaspace       used 130388K, committed 132736K, reserved 557056K
  class space    used 17474K, committed 18624K, reserved 425984K
}
Event: 24.508 GC heap before
{Heap before GC invocations=59 (full 0):
 garbage-first heap   total 622592K, used 621200K [0x0000000080000000, 0x0000000100000000)
  region size 1024K, 132 young (135168K), 5 survivors (5120K)
 Metaspace       used 131863K, committed 134208K, reserved 557056K
  class space    used 17666K, committed 18816K, reserved 425984K
}
Event: 24.546 GC heap after
{Heap after GC invocations=60 (full 0):
 garbage-first heap   total 667648K, used 421509K [0x0000000080000000, 0x0000000100000000)
  region size 1024K, 32 young (32768K), 32 survivors (32768K)
 Metaspace       used 131863K, committed 134208K, reserved 557056K
  class space    used 17666K, committed 18816K, reserved 425984K
}
Event: 25.672 GC heap before
{Heap before GC invocations=60 (full 0):
 garbage-first heap   total 667648K, used 582277K [0x0000000080000000, 0x0000000100000000)
  region size 1024K, 181 young (185344K), 32 survivors (32768K)
 Metaspace       used 131977K, committed 134336K, reserved 557056K
  class space    used 17670K, committed 18816K, reserved 425984K
}
Event: 25.751 GC heap after
{Heap after GC invocations=61 (full 0):
 garbage-first heap   total 667648K, used 469969K [0x0000000080000000, 0x0000000100000000)
  region size 1024K, 23 young (23552K), 23 survivors (23552K)
 Metaspace       used 131977K, committed 134336K, reserved 557056K
  class space    used 17670K, committed 18816K, reserved 425984K
}
Event: 25.993 GC heap before
{Heap before GC invocations=61 (full 0):
 garbage-first heap   total 667648K, used 530385K [0x0000000080000000, 0x0000000100000000)
  region size 1024K, 83 young (84992K), 23 survivors (23552K)
 Metaspace       used 132191K, committed 134528K, reserved 557056K
  class space    used 17698K, committed 18816K, reserved 425984K
}
Event: 26.027 GC heap after
{Heap after GC invocations=62 (full 0):
 garbage-first heap   total 667648K, used 485766K [0x0000000080000000, 0x0000000100000000)
  region size 1024K, 13 young (13312K), 13 survivors (13312K)
 Metaspace       used 132191K, committed 134528K, reserved 557056K
  class space    used 17698K, committed 18816K, reserved 425984K
}

Dll operation events (3 events):
Event: 0.012 Loaded shared library C:\Program Files\Android\Android Studio1\jbr\bin\java.dll
Event: 0.016 Loaded shared library C:\Program Files\Android\Android Studio1\jbr\bin\zip.dll
Event: 0.485 Loaded shared library C:\Program Files\Android\Android Studio1\jbr\bin\verify.dll

Deoptimization events (20 events):
Event: 26.159 Thread 0x0000015658d8dbd0 DEOPT PACKING pc=0x000001563c4484f4 sp=0x00000031e35fd4c0
Event: 26.159 Thread 0x0000015658d8dbd0 DEOPT UNPACKING pc=0x000001563b7246a2 sp=0x00000031e35fd448 mode 2
Event: 26.163 Thread 0x000001565857e940 DEOPT PACKING pc=0x0000015635a770c8 sp=0x00000031e38fd480
Event: 26.163 Thread 0x000001565857e940 DEOPT UNPACKING pc=0x000001563b724e42 sp=0x00000031e38fcb60 mode 0
Event: 26.231 Thread 0x0000015658d8dbd0 Uncommon trap: trap_request=0xffffff45 fr.pc=0x000001563c246004 relative=0x0000000000000ae4
Event: 26.231 Thread 0x0000015658d8dbd0 Uncommon trap: reason=unstable_if action=reinterpret pc=0x000001563c246004 method=sun.nio.fs.WindowsPath.getFileName()Ljava/nio/file/Path; @ 45 c2
Event: 26.231 Thread 0x0000015658d8dbd0 DEOPT PACKING pc=0x000001563c246004 sp=0x00000031e35fd510
Event: 26.231 Thread 0x0000015658d8dbd0 DEOPT UNPACKING pc=0x000001563b7246a2 sp=0x00000031e35fd4f0 mode 2
Event: 26.261 Thread 0x000001565857e940 DEOPT PACKING pc=0x0000015635a770c8 sp=0x00000031e38fd480
Event: 26.261 Thread 0x000001565857e940 DEOPT UNPACKING pc=0x000001563b724e42 sp=0x00000031e38fcb60 mode 0
Event: 26.269 Thread 0x000001565857e940 DEOPT PACKING pc=0x0000015635a770c8 sp=0x00000031e38fd480
Event: 26.269 Thread 0x000001565857e940 DEOPT UNPACKING pc=0x000001563b724e42 sp=0x00000031e38fcb60 mode 0
Event: 26.271 Thread 0x000001565857e940 DEOPT PACKING pc=0x0000015635a770c8 sp=0x00000031e38fd480
Event: 26.271 Thread 0x000001565857e940 DEOPT UNPACKING pc=0x000001563b724e42 sp=0x00000031e38fcb60 mode 0
Event: 26.284 Thread 0x000001565857e940 DEOPT PACKING pc=0x0000015635a770c8 sp=0x00000031e38fd480
Event: 26.284 Thread 0x000001565857e940 DEOPT UNPACKING pc=0x000001563b724e42 sp=0x00000031e38fcb60 mode 0
Event: 26.293 Thread 0x000001565857e940 DEOPT PACKING pc=0x0000015635a770c8 sp=0x00000031e38fd480
Event: 26.293 Thread 0x000001565857e940 DEOPT UNPACKING pc=0x000001563b724e42 sp=0x00000031e38fcb60 mode 0
Event: 26.298 Thread 0x000001565857e940 DEOPT PACKING pc=0x0000015635a770c8 sp=0x00000031e38fd480
Event: 26.298 Thread 0x000001565857e940 DEOPT UNPACKING pc=0x000001563b724e42 sp=0x00000031e38fcb60 mode 0

Classes loaded (20 events):
Event: 21.261 Loading class sun/nio/fs/WindowsFileSystem$2
Event: 21.261 Loading class sun/nio/fs/WindowsFileSystem$2 done
Event: 21.393 Loading class java/nio/file/TempFileHelper
Event: 21.393 Loading class java/nio/file/TempFileHelper done
Event: 21.411 Loading class java/nio/file/FileTreeIterator
Event: 21.411 Loading class java/nio/file/FileTreeIterator done
Event: 21.415 Loading class sun/nio/cs/US_ASCII$Decoder
Event: 21.415 Loading class sun/nio/cs/US_ASCII$Decoder done
Event: 22.144 Loading class java/io/UTFDataFormatException
Event: 22.146 Loading class java/io/UTFDataFormatException done
Event: 22.895 Loading class java/nio/BufferUnderflowException
Event: 22.896 Loading class java/nio/BufferUnderflowException done
Event: 23.870 Loading class java/util/concurrent/ConcurrentHashMap$TreeNode
Event: 23.874 Loading class java/util/concurrent/ConcurrentHashMap$TreeNode done
Event: 23.874 Loading class java/util/concurrent/ConcurrentHashMap$TreeBin
Event: 23.876 Loading class java/util/concurrent/ConcurrentHashMap$TreeBin done
Event: 25.796 Loading class java/util/stream/ReferencePipeline$15
Event: 25.797 Loading class java/util/stream/ReferencePipeline$15 done
Event: 25.798 Loading class java/util/stream/ReferencePipeline$15$1
Event: 25.799 Loading class java/util/stream/ReferencePipeline$15$1 done

Classes unloaded (0 events):
No events

Classes redefined (0 events):
No events

Internal exceptions (20 events):
Event: 26.189 Thread 0x000001565857efd0 Exception <a 'sun/nio/fs/WindowsException'{0x00000000a3d92cf8}> (0x00000000a3d92cf8) 
thrown [s\src\hotspot\share\prims\jni.cpp, line 535]
Event: 26.194 Thread 0x000001565857efd0 Exception <a 'sun/nio/fs/WindowsException'{0x00000000a3d9a978}> (0x00000000a3d9a978) 
thrown [s\src\hotspot\share\prims\jni.cpp, line 535]
Event: 26.199 Thread 0x000001565857efd0 Exception <a 'sun/nio/fs/WindowsException'{0x00000000a3da2170}> (0x00000000a3da2170) 
thrown [s\src\hotspot\share\prims\jni.cpp, line 535]
Event: 26.205 Thread 0x000001565857efd0 Exception <a 'sun/nio/fs/WindowsException'{0x00000000a3da9970}> (0x00000000a3da9970) 
thrown [s\src\hotspot\share\prims\jni.cpp, line 535]
Event: 26.213 Thread 0x000001565857efd0 Exception <a 'sun/nio/fs/WindowsException'{0x00000000a3db0a18}> (0x00000000a3db0a18) 
thrown [s\src\hotspot\share\prims\jni.cpp, line 535]
Event: 26.217 Thread 0x000001565857efd0 Exception <a 'sun/nio/fs/WindowsException'{0x00000000a2387328}> (0x00000000a2387328) 
thrown [s\src\hotspot\share\prims\jni.cpp, line 535]
Event: 26.222 Thread 0x000001565857efd0 Exception <a 'sun/nio/fs/WindowsException'{0x00000000a238f658}> (0x00000000a238f658) 
thrown [s\src\hotspot\share\prims\jni.cpp, line 535]
Event: 26.231 Thread 0x000001565857efd0 Exception <a 'sun/nio/fs/WindowsException'{0x00000000a2399938}> (0x00000000a2399938) 
thrown [s\src\hotspot\share\prims\jni.cpp, line 535]
Event: 26.236 Thread 0x000001565857efd0 Exception <a 'sun/nio/fs/WindowsException'{0x00000000a23a0fc0}> (0x00000000a23a0fc0) 
thrown [s\src\hotspot\share\prims\jni.cpp, line 535]
Event: 26.239 Thread 0x000001565857efd0 Exception <a 'sun/nio/fs/WindowsException'{0x00000000a23a8770}> (0x00000000a23a8770) 
thrown [s\src\hotspot\share\prims\jni.cpp, line 535]
Event: 26.243 Thread 0x000001565857efd0 Exception <a 'sun/nio/fs/WindowsException'{0x00000000a23af7e0}> (0x00000000a23af7e0) 
thrown [s\src\hotspot\share\prims\jni.cpp, line 535]
Event: 26.248 Thread 0x000001565857efd0 Exception <a 'sun/nio/fs/WindowsException'{0x00000000a1a00220}> (0x00000000a1a00220) 
thrown [s\src\hotspot\share\prims\jni.cpp, line 535]
Event: 26.251 Thread 0x000001565857efd0 Exception <a 'sun/nio/fs/WindowsException'{0x00000000a1a08340}> (0x00000000a1a08340) 
thrown [s\src\hotspot\share\prims\jni.cpp, line 535]
Event: 26.280 Thread 0x000001565857efd0 Exception <a 'sun/nio/fs/WindowsException'{0x00000000a1a10090}> (0x00000000a1a10090) 
thrown [s\src\hotspot\share\prims\jni.cpp, line 535]
Event: 26.284 Thread 0x000001565857efd0 Exception <a 'sun/nio/fs/WindowsException'{0x00000000a1a17848}> (0x00000000a1a17848) 
thrown [s\src\hotspot\share\prims\jni.cpp, line 535]
Event: 26.287 Thread 0x000001565857efd0 Exception <a 'sun/nio/fs/WindowsException'{0x00000000a1a1f0c8}> (0x00000000a1a1f0c8) 
thrown [s\src\hotspot\share\prims\jni.cpp, line 535]
Event: 26.291 Thread 0x000001565857efd0 Exception <a 'sun/nio/fs/WindowsException'{0x00000000a1a26218}> (0x00000000a1a26218) 
thrown [s\src\hotspot\share\prims\jni.cpp, line 535]
Event: 26.294 Thread 0x000001565857efd0 Exception <a 'sun/nio/fs/WindowsException'{0x00000000a1a2e038}> (0x00000000a1a2e038) 
thrown [s\src\hotspot\share\prims\jni.cpp, line 535]
Event: 26.298 Thread 0x000001565857efd0 Exception <a 'sun/nio/fs/WindowsException'{0x00000000a0c84930}> (0x00000000a0c84930) 
thrown [s\src\hotspot\share\prims\jni.cpp, line 535]
Event: 26.303 Thread 0x000001565857efd0 Exception <a 'sun/nio/fs/WindowsException'{0x00000000a0c8bb88}> (0x00000000a0c8bb88) 
thrown [s\src\hotspot\share\prims\jni.cpp, line 535]

ZGC Phase Switch (0 events):
No events

VM Operations (20 events):
Event: 22.631 Executing VM operation: G1PauseRemark done
Event: 22.682 Executing VM operation: G1CollectForAllocation (G1 Evacuation Pause)
Event: 22.707 Executing VM operation: G1CollectForAllocation (G1 Evacuation Pause) done
Event: 22.708 Executing VM operation: HandshakeAllThreads (Deoptimize)
Event: 22.709 Executing VM operation: HandshakeAllThreads (Deoptimize) done
Event: 22.738 Executing VM operation: G1PauseCleanup
Event: 22.739 Executing VM operation: G1PauseCleanup done
Event: 23.082 Executing VM operation: HandshakeAllThreads (Deoptimize)
Event: 23.083 Executing VM operation: HandshakeAllThreads (Deoptimize) done
Event: 24.094 Executing VM operation: Cleanup
Event: 24.094 Executing VM operation: Cleanup done
Event: 24.507 Executing VM operation: G1CollectForAllocation (G1 Evacuation Pause)
Event: 24.546 Executing VM operation: G1CollectForAllocation (G1 Evacuation Pause) done
Event: 25.558 Executing VM operation: Cleanup
Event: 25.574 Executing VM operation: Cleanup done
Event: 25.671 Executing VM operation: G1CollectForAllocation (G1 Evacuation Pause)
Event: 25.752 Executing VM operation: G1CollectForAllocation (G1 Evacuation Pause) done
Event: 25.993 Executing VM operation: G1TryInitiateConcMark (G1 Humongous Allocation)
Event: 26.027 Executing VM operation: G1TryInitiateConcMark (G1 Humongous Allocation) done
Event: 26.307 Executing VM operation: G1PauseRemark

Memory protections (0 events):
No events

Nmethod flushes (20 events):
Event: 26.318 Thread 0x000001564d00b460 flushing  nmethod 0x0000015634255090
Event: 26.318 Thread 0x000001564d00b460 flushing  nmethod 0x0000015634289990
Event: 26.318 Thread 0x000001564d00b460 flushing  nmethod 0x000001563434ec10
Event: 26.318 Thread 0x000001564d00b460 flushing  nmethod 0x00000156343cc310
Event: 26.318 Thread 0x000001564d00b460 flushing  nmethod 0x000001563448d490
Event: 26.318 Thread 0x000001564d00b460 flushing  nmethod 0x00000156348a8e90
Event: 26.318 Thread 0x000001564d00b460 flushing  nmethod 0x0000015634a82a90
Event: 26.318 Thread 0x000001564d00b460 flushing  nmethod 0x0000015634a83190
Event: 26.318 Thread 0x000001564d00b460 flushing  nmethod 0x0000015634b3ab10
Event: 26.318 Thread 0x000001564d00b460 flushing  nmethod 0x0000015634bfc890
Event: 26.318 Thread 0x000001564d00b460 flushing  nmethod 0x0000015634cd0a10
Event: 26.318 Thread 0x000001564d00b460 flushing  nmethod 0x0000015634e5fc10
Event: 26.318 Thread 0x000001564d00b460 flushing  nmethod 0x0000015634ed9310
Event: 26.318 Thread 0x000001564d00b460 flushing  nmethod 0x0000015634eda590
Event: 26.318 Thread 0x000001564d00b460 flushing  nmethod 0x0000015634f40c10
Event: 26.318 Thread 0x000001564d00b460 flushing  nmethod 0x00000156350c8810
Event: 26.318 Thread 0x000001564d00b460 flushing  nmethod 0x00000156350f2710
Event: 26.318 Thread 0x000001564d00b460 flushing  nmethod 0x00000156351d4890
Event: 26.318 Thread 0x000001564d00b460 flushing  nmethod 0x0000015635660210
Event: 26.318 Thread 0x000001564d00b460 flushing  nmethod 0x000001563597e510

Events (20 events):
Event: 17.478 Thread 0x0000015658ef7520 Thread added: 0x0000015657bf3010
Event: 17.528 Thread 0x0000015658ef7520 Thread added: 0x0000015657bf0f40
Event: 17.528 Thread 0x0000015658ef7520 Thread added: 0x0000015657bf3d30
Event: 17.528 Thread 0x0000015658ef7520 Thread added: 0x0000015657bf4a50
Event: 17.528 Thread 0x0000015658ef7520 Thread added: 0x0000015657bf43c0
Event: 17.529 Thread 0x0000015658ef7520 Thread added: 0x0000015657bf15d0
Event: 17.529 Thread 0x0000015658ef7520 Thread added: 0x0000015657bf50e0
Event: 17.529 Thread 0x0000015658ef7520 Thread added: 0x0000015657bf5e00
Event: 17.529 Thread 0x0000015658ef7520 Thread added: 0x0000015657bf5770
Event: 17.529 Thread 0x0000015658ef7520 Thread added: 0x0000015657bf6490
Event: 17.529 Thread 0x0000015658ef7520 Thread added: 0x0000015657bf6b20
Event: 17.529 Thread 0x0000015658ef7520 Thread added: 0x0000015657bf71b0
Event: 18.302 Thread 0x000001564d0deb30 Thread added: 0x00000156517c09c0
Event: 19.338 Thread 0x0000015657a474b0 Thread added: 0x0000015658bcbcc0
Event: 20.332 Thread 0x00000156517c09c0 Thread exited: 0x00000156517c09c0
Event: 21.193 Thread 0x0000015657a474b0 Thread added: 0x0000015658d8dbd0
Event: 21.389 Thread 0x0000015657a47b40 Thread added: 0x0000015658d93120
Event: 21.479 Thread 0x0000015658d93120 Thread added: 0x000001565857e940
Event: 22.302 Thread 0x0000015658ef6e90 Thread added: 0x000001565857efd0
Event: 24.161 Thread 0x000001564d0deb30 Thread added: 0x00000156517c2500


Dynamic libraries:
0x00007ff7cd990000 - 0x00007ff7cd99a000 	C:\Program Files\Android\Android Studio1\jbr\bin\java.exe
0x00007ffd82880000 - 0x00007ffd82ae6000 	C:\WINDOWS\SYSTEM32\ntdll.dll
0x00007ffd805d0000 - 0x00007ffd80699000 	C:\WINDOWS\System32\KERNEL32.DLL
0x00007ffd80070000 - 0x00007ffd8046e000 	C:\WINDOWS\System32\KERNELBASE.dll
0x00007ffd7fe50000 - 0x00007ffd7ff9c000 	C:\WINDOWS\System32\ucrtbase.dll
0x00007ffd57a10000 - 0x00007ffd57a2b000 	C:\Program Files\Android\Android Studio1\jbr\bin\VCRUNTIME140.dll
0x00007ffd5d900000 - 0x00007ffd5d918000 	C:\Program Files\Android\Android Studio1\jbr\bin\jli.dll
0x00007ffd81400000 - 0x00007ffd815c7000 	C:\WINDOWS\System32\USER32.dll
0x00007ffd6d520000 - 0x00007ffd6d7b2000 	C:\WINDOWS\WinSxS\amd64_microsoft.windows.common-controls_6595b64144ccf1df_6.0.26100.8875_none_3e0d5d42e32fe9dd\COMCTL32.dll
0x00007ffd80040000 - 0x00007ffd80067000 	C:\WINDOWS\System32\win32u.dll
0x00007ffd80df0000 - 0x00007ffd80e99000 	C:\WINDOWS\System32\msvcrt.dll
0x00007ffd81a20000 - 0x00007ffd81a4b000 	C:\WINDOWS\System32\GDI32.dll
0x00007ffd80480000 - 0x00007ffd805aa000 	C:\WINDOWS\System32\gdi32full.dll
0x00007ffd7fc20000 - 0x00007ffd7fcc3000 	C:\WINDOWS\System32\msvcp_win.dll
0x00007ffd82350000 - 0x00007ffd82382000 	C:\WINDOWS\System32\IMM32.DLL
0x00007ffd63980000 - 0x00007ffd6398c000 	C:\Program Files\Android\Android Studio1\jbr\bin\vcruntime140_1.dll
0x00007ffd19200000 - 0x00007ffd1928d000 	C:\Program Files\Android\Android Studio1\jbr\bin\msvcp140.dll
0x00007ffcc08e0000 - 0x00007ffcc156b000 	C:\Program Files\Android\Android Studio1\jbr\bin\server\jvm.dll
0x00007ffd80d30000 - 0x00007ffd80de7000 	C:\WINDOWS\System32\ADVAPI32.dll
0x00007ffd80b70000 - 0x00007ffd80c1a000 	C:\WINDOWS\System32\sechost.dll
0x00007ffd81010000 - 0x00007ffd81128000 	C:\WINDOWS\System32\RPCRT4.dll
0x00007ffd80c20000 - 0x00007ffd80ca0000 	C:\WINDOWS\System32\WS2_32.dll
0x00007ffd7f900000 - 0x00007ffd7f95e000 	C:\WINDOWS\SYSTEM32\POWRPROF.dll
0x00007ffd77b10000 - 0x00007ffd77b46000 	C:\WINDOWS\SYSTEM32\WINMM.dll
0x00007ffd77b50000 - 0x00007ffd77b5b000 	C:\WINDOWS\SYSTEM32\VERSION.dll
0x00007ffd7f8e0000 - 0x00007ffd7f8f4000 	C:\WINDOWS\SYSTEM32\UMPDC.dll
0x00007ffd7e780000 - 0x00007ffd7e79b000 	C:\WINDOWS\SYSTEM32\kernel.appcore.dll
0x00007ffd63970000 - 0x00007ffd6397a000 	C:\Program Files\Android\Android Studio1\jbr\bin\jimage.dll
0x00007ffd7ce90000 - 0x00007ffd7d0d2000 	C:\WINDOWS\SYSTEM32\DBGHELP.DLL
0x00007ffd807a0000 - 0x00007ffd80b23000 	C:\WINDOWS\System32\combase.dll
0x00007ffd81130000 - 0x00007ffd81209000 	C:\WINDOWS\System32\OLEAUT32.dll
0x00007ffd6b400000 - 0x00007ffd6b43b000 	C:\WINDOWS\SYSTEM32\dbgcore.DLL
0x00007ffd7fb60000 - 0x00007ffd7fc0c000 	C:\WINDOWS\System32\bcryptPrimitives.dll
0x00007ffd5d8f0000 - 0x00007ffd5d8fe000 	C:\Program Files\Android\Android Studio1\jbr\bin\instrument.dll
0x00007ffd579f0000 - 0x00007ffd57a10000 	C:\Program Files\Android\Android Studio1\jbr\bin\java.dll
0x00007ffd55dc0000 - 0x00007ffd55dd8000 	C:\Program Files\Android\Android Studio1\jbr\bin\zip.dll
0x00007ffd81a50000 - 0x00007ffd821e2000 	C:\WINDOWS\System32\SHELL32.dll
0x00007ffd7d510000 - 0x00007ffd7dda2000 	C:\WINDOWS\SYSTEM32\windows.storage.dll
0x00007ffd806a0000 - 0x00007ffd80797000 	C:\WINDOWS\System32\SHCORE.dll
0x00007ffd80cb0000 - 0x00007ffd80d17000 	C:\WINDOWS\System32\shlwapi.dll
0x00007ffd7f9c0000 - 0x00007ffd7f9e9000 	C:\WINDOWS\SYSTEM32\profapi.dll
0x00007ffd5d8a0000 - 0x00007ffd5d8b0000 	C:\Program Files\Android\Android Studio1\jbr\bin\net.dll
0x00007ffd79540000 - 0x00007ffd79667000 	C:\WINDOWS\SYSTEM32\WINHTTP.dll
0x00007ffd7ed30000 - 0x00007ffd7ed9c000 	C:\WINDOWS\system32\mswsock.dll
0x00007ffd52bb0000 - 0x00007ffd52bc6000 	C:\Program Files\Android\Android Studio1\jbr\bin\nio.dll
0x00007ffd504b0000 - 0x00007ffd504c0000 	C:\Program Files\Android\Android Studio1\jbr\bin\verify.dll
0x00007ffd55df0000 - 0x00007ffd55e17000 	C:\Users\harsh\.gradle\native\c067742578af261105cb4f569cf0c3c89f3d7b1fecec35dd04571415982c5e48\windows-amd64\native-platform.dll
0x00007ffd1f330000 - 0x00007ffd1f474000 	C:\Users\harsh\.gradle\native\100fb08df4bc3b14c8652ba06237920a3bd2aa13389f12d3474272988ae205f9\windows-amd64\native-platform-file-events.dll
0x00007ffd57960000 - 0x00007ffd57969000 	C:\Program Files\Android\Android Studio1\jbr\bin\management.dll
0x00007ffd52470000 - 0x00007ffd5247b000 	C:\Program Files\Android\Android Studio1\jbr\bin\management_ext.dll
0x00007ffd813f0000 - 0x00007ffd813f8000 	C:\WINDOWS\System32\PSAPI.DLL
0x00007ffd7f030000 - 0x00007ffd7f04b000 	C:\WINDOWS\SYSTEM32\CRYPTSP.dll
0x00007ffd7e6c0000 - 0x00007ffd7e6f9000 	C:\WINDOWS\system32\rsaenh.dll
0x00007ffd7edf0000 - 0x00007ffd7ee22000 	C:\WINDOWS\SYSTEM32\USERENV.dll
0x00007ffd7f990000 - 0x00007ffd7f9ba000 	C:\WINDOWS\SYSTEM32\bcrypt.dll
0x00007ffd7f050000 - 0x00007ffd7f05c000 	C:\WINDOWS\SYSTEM32\CRYPTBASE.dll
0x00007ffd7e100000 - 0x00007ffd7e133000 	C:\WINDOWS\SYSTEM32\IPHLPAPI.DLL
0x00007ffd80d20000 - 0x00007ffd80d2a000 	C:\WINDOWS\System32\NSI.dll
0x00007ffd58c60000 - 0x00007ffd58c69000 	C:\Program Files\Android\Android Studio1\jbr\bin\extnet.dll
0x00007ffd46910000 - 0x00007ffd46918000 	C:\WINDOWS\system32\wshunix.dll
0x00007ffd68880000 - 0x00007ffd68898000 	C:\WINDOWS\system32\napinsp.dll
0x00007ffd7e1f0000 - 0x00007ffd7e346000 	C:\WINDOWS\SYSTEM32\DNSAPI.dll
0x00007ffd7eb30000 - 0x00007ffd7eb3d000 	C:\WINDOWS\SYSTEM32\DSPARSE.dll
0x00007ffd68860000 - 0x00007ffd68873000 	C:\WINDOWS\System32\winrnr.dll
0x00007ffd68830000 - 0x00007ffd68852000 	C:\WINDOWS\system32\nlansp_c.dll
0x00007ffd68810000 - 0x00007ffd68826000 	C:\WINDOWS\system32\wshbth.dll
0x00007ffd78db0000 - 0x00007ffd78dbb000 	C:\Windows\System32\rasadhlp.dll
0x00007ffd7a1a0000 - 0x00007ffd7a226000 	C:\WINDOWS\System32\fwpuclnt.dll
0x00007ffd7e8b0000 - 0x00007ffd7e8e6000 	C:\WINDOWS\SYSTEM32\ntmarta.dll

dbghelp: loaded successfully - version: 4.0.5 - missing functions: none
symbol engine: initialized successfully - sym options: 0x614 - pdb path: .;C:\Program Files\Android\Android Studio1\jbr\bin;C:\WINDOWS\SYSTEM32;C:\WINDOWS\WinSxS\amd64_microsoft.windows.common-controls_6595b64144ccf1df_6.0.26100.8875_none_3e0d5d42e32fe9dd;C:\Program Files\Android\Android Studio1\jbr\bin\server;C:\Users\harsh\.gradle\native\c067742578af261105cb4f569cf0c3c89f3d7b1fecec35dd04571415982c5e48\windows-amd64;C:\Users\harsh\.gradle\native\100fb08df4bc3b14c8652ba06237920a3bd2aa13389f12d3474272988ae205f9\windows-amd64

VM Arguments:
jvm_args: --add-opens=java.base/java.lang=ALL-UNNAMED --add-opens=java.base/java.lang.invoke=ALL-UNNAMED --add-opens=java.base/java.util=ALL-UNNAMED --add-opens=java.prefs/java.util.prefs=ALL-UNNAMED --add-exports=jdk.compiler/com.sun.tools.javac.api=ALL-UNNAMED --add-exports=jdk.compiler/com.sun.tools.javac.util=ALL-UNNAMED --add-opens=java.base/java.util=ALL-UNNAMED --add-opens=java.prefs/java.util.prefs=ALL-UNNAMED --add-opens=java.base/java.nio.charset=ALL-UNNAMED --add-opens=java.base/java.net=ALL-UNNAMED --add-opens=java.base/java.util.concurrent.atomic=ALL-UNNAMED --add-opens=java.xml/javax.xml.namespace=ALL-UNNAMED -XX:MaxMetaspaceSize=512m -XX:+UseG1GC -Xmx2048m -Dfile.encoding=UTF-8 -Duser.country=IN -Duser.language=en -Duser.variant -javaagent:C:\Users\harsh\.gradle\wrapper\dists\gradle-8.11.1-bin\bpt9gzteqjrbo1mjrsomdt32c\gradle-8.11.1\lib\agents\gradle-instrumentation-agent-8.11.1.jar 
java_command: org.gradle.launcher.daemon.bootstrap.GradleDaemon 8.11.1
java_class_path (initial): C:\Users\harsh\.gradle\wrapper\dists\gradle-8.11.1-bin\bpt9gzteqjrbo1mjrsomdt32c\gradle-8.11.1\lib\gradle-daemon-main-8.11.1.jar
Launcher Type: SUN_STANDARD

[Global flags]
     intx CICompilerCount                          = 4                                         {product} {ergonomic}
   size_t CompressedClassSpaceSize                 = 436207616                                 {product} {ergonomic}
     uint ConcGCThreads                            = 3                                         {product} {ergonomic}
     uint G1ConcRefinementThreads                  = 10                                        {product} {ergonomic}
   size_t G1HeapRegionSize                         = 1048576                                   {product} {ergonomic}
    uintx GCDrainStackTargetSize                   = 64                                        {product} {ergonomic}
   size_t InitialHeapSize                          = 125829120                                 {product} {ergonomic}
   size_t MarkStackSize                            = 4194304                                   {product} {ergonomic}
   size_t MaxHeapSize                              = 2147483648                                {product} {command line}
   size_t MaxMetaspaceSize                         = 536870912                                 {product} {command line}
   size_t MaxNewSize                               = 1287651328                                {product} {ergonomic}
   size_t MinHeapDeltaBytes                        = 1048576                                   {product} {ergonomic}
   size_t MinHeapSize                              = 8388608                                   {product} {ergonomic}
    uintx NonNMethodCodeHeapSize                   = 5839372                                {pd product} {ergonomic}
    uintx NonProfiledCodeHeapSize                  = 122909434                              {pd product} {ergonomic}
    uintx ProfiledCodeHeapSize                     = 122909434                              {pd product} {ergonomic}
    uintx ReservedCodeCacheSize                    = 251658240                              {pd product} {ergonomic}
     bool SegmentedCodeCache                       = true                                      {product} {ergonomic}
   size_t SoftMaxHeapSize                          = 2147483648                             {manageable} {ergonomic}
     bool UseCompressedOops                        = true                           {product lp64_product} {ergonomic}
     bool UseG1GC                                  = true                                      {product} {command line}
     bool UseLargePagesIndividualAllocation        = false                                  {pd product} {ergonomic}

Logging:
Log output configuration:
 #0: stdout all=warning uptime,level,tags foldmultilines=false
 #1: stderr all=off uptime,level,tags foldmultilines=false

Environment Variables:
JAVA_HOME=C:\Program Files\Java\jdk-21
PATH=C:\Program Files\Eclipse Adoptium\jdk-11.0.29.7-hotspot\bin;C:\Program Files\Python313\Scripts\;C:\Program Files\Python313\;C:\Program Files\Common Files\Oracle\Java\javapath;C:\WINDOWS\system32;C:\WINDOWS;C:\WINDOWS\System32\Wbem;C:\WINDOWS\System32\WindowsPowerShell\v1.0\;C:\WINDOWS\System32\OpenSSH\;C:\Program Files\Java\jdk-21\bin;C:\Program Files\nodejs\;C:\Program Files\Git\cmd;C:\Program Files\Docker\Docker\resources\bin;C:\Program Files\Go\bin;C:\flutter_windows_3.32.8-stable\flutter\bin\;C:\platform-tools;C:\Program Files\MySQL\MySQL Shell 8.0\bin\;C:\Users\harsh\AppData\Local\Microsoft\WindowsApps;C:\MinGW\bin;C:\Users\harsh\AppData\Roaming\npm;C:\Program Files\MongoDB\Server\7.0\bin;C:\Users\harsh\AppData\Local\GitHubDesktop\bin;C:\Users\harsh\AppData\Local\Programs\Microsoft VS Code\bin;C:\Users\harsh\AppData\Local\Microsoft\WindowsApps\python.exe;C:\users\harsh\appdata\roaming\python\python313\site-packages\git_filter_repo.py;C:\Users\harsh\AppData\Local\Programs\cursor\resources\app\bin;C:\Users\harsh\flutter_windows_3.32.6-stable\flutter\bin;C:\Program Files\MongoDB\Server\7.0\bin;C:\Users\harsh\go\bin;C:\Users\harsh\AppData\Local\Programs\Antigravity\bin
USERNAME=harsh
OS=Windows_NT
PROCESSOR_IDENTIFIER=AMD64 Family 25 Model 80 Stepping 0, AuthenticAMD
TMP=C:\Users\harsh\AppData\Local\Temp
TEMP=C:\Users\harsh\AppData\Local\Temp




Periodic native trim disabled

JNI global refs:
JNI global refs: 29, weak refs: 30

JNI global refs memory usage: 835, weak refs: 833

Process memory usage:
Resident Set Size: 859312K (11% of 7763336K total physical memory with 225500K free physical memory)

OOME stack traces (most recent first):
Classloader memory used:
Loader org.gradle.internal.classloader.VisitableURLClassLoader                         : 46455K
Loader org.gradle.internal.classloader.VisitableURLClassLoader$InstrumentingVisitableURLClassLoader: 40380K
Loader bootstrap                                                                       : 29695K
Loader org.gradle.initialization.MixInLegacyTypesClassLoader                           : 13872K
Loader jdk.internal.loader.ClassLoaders$PlatformClassLoader                            : 526K
Loader jdk.internal.reflect.DelegatingClassLoader                                      : 503K
Loader org.gradle.internal.classloader.VisitableURLClassLoader                         : 359K
Loader jdk.internal.loader.ClassLoaders$AppClassLoader                                 : 240K
Loader org.gradle.groovy.scripts.internal.DefaultScriptCompilationHandler$ScriptClassLoader: 134K
Loader org.codehaus.groovy.runtime.callsite.CallSiteClassLoader                        : 27232B

Classes loaded by more than one classloader:
Class Program                                                                         : loaded 5 times (x 68B)
Class Build_gradle                                                                    : loaded 3 times (x 126B)
Class Build_gradle$1                                                                  : loaded 3 times (x 71B)
Class org.gradle.internal.classloader.FilteringClassLoader                            : loaded 2 times (x 101B)
Class com.google.common.collect.SortedSetMultimap                                     : loaded 2 times (x 66B)
Class [Lcom.google.common.base.AbstractIterator$State;                                : loaded 2 times (x 65B)
Class com.google.common.base.CharMatcher$IsEither                                     : loaded 2 times (x 107B)
Class org.gradle.internal.classloader.ClassLoaderHierarchy                            : loaded 2 times (x 66B)
Class com.google.common.collect.AbstractMapBasedMultimap$WrappedCollection            : loaded 2 times (x 120B)
Class com.google.common.collect.ImmutableEnumSet                                      : loaded 2 times (x 142B)
Class com.google.common.util.concurrent.ExecutionError                                : loaded 2 times (x 78B)
Class com.google.common.collect.ImmutableList$1                                       : loaded 2 times (x 93B)
Class org.gradle.api.internal.classpath.ManifestUtil                                  : loaded 2 times (x 67B)
Class com.google.common.io.ByteArrayDataOutput                                        : loaded 2 times (x 66B)
Class com.google.common.collect.RegularImmutableMap                                   : loaded 2 times (x 117B)
Class com.google.common.collect.ImmutableMap$MapViewOfValuesAsSingletonSets           : loaded 2 times (x 122B)
Class ijKotlinCoroutineJvmDebugInit1_2eovp4i7fe2uxxb8xa5pnidz7$_run_closure1$_closure2: loaded 2 times (x 135B)
Class [Lorg.objectweb.asm.Symbol;                                                     : loaded 2 times (x 65B)
Class org.objectweb.asm.ClassVisitor                                                  : loaded 2 times (x 84B)
Class com.google.common.collect.UnmodifiableListIterator                              : loaded 2 times (x 91B)
Class com.google.common.base.Platform$JdkPatternCompiler                              : loaded 2 times (x 71B)
Class org.objectweb.asm.MethodTooLargeException                                       : loaded 2 times (x 79B)
Class [Lcom.google.common.cache.CacheBuilder$OneWeigher;                              : loaded 2 times (x 65B)
Class com.google.common.base.Suppliers                                                : loaded 2 times (x 67B)
Class org.gradle.internal.classloader.DefaultClassLoaderFactory                       : loaded 2 times (x 78B)
Class com.google.common.io.ByteSource$ConcatenatedByteSource                          : loaded 2 times (x 81B)
Class com.google.common.base.CharMatcher$None                                         : loaded 2 times (x 108B)
Class org.gradle.internal.classloader.ClassLoaderVisitor                              : loaded 2 times (x 72B)
Class [Lcom.google.common.collect.ImmutableMapEntry;                                  : loaded 2 times (x 65B)
Class org.gradle.api.internal.classpath.EffectiveClassPath                            : loaded 2 times (x 86B)
Class com.google.common.collect.CollectSpliterators$1WithCharacteristics              : loaded 2 times (x 86B)
Class com.google.common.collect.ImmutableRangeSet                                     : loaded 2 times (x 111B)
Class com.google.common.collect.ListMultimap                                          : loaded 2 times (x 66B)
Class com.google.common.collect.ImmutableEnumMap                                      : loaded 2 times (x 122B)
Class ijKotlinCoroutineJvmDebugInit1_2eovp4i7fe2uxxb8xa5pnidz7                        : loaded 2 times (x 175B)
Class com.google.common.collect.Sets$1                                                : loaded 2 times (x 135B)
Class org.objectweb.asm.AnnotationVisitor                                             : loaded 2 times (x 74B)
Class com.google.common.base.Splitter                                                 : loaded 2 times (x 68B)
Class org.gradle.api.internal.DefaultClassPathProvider                                : loaded 2 times (x 72B)
Class com.google.common.collect.Maps$ViewCachingAbstractMap                           : loaded 2 times (x 121B)
Class com.google.common.collect.Sets$2                                                : loaded 2 times (x 135B)
Class [Lorg.gradle.api.internal.ClassPathProvider;                                    : loaded 2 times (x 65B)
Class org.gradle.api.internal.ClassPathProvider                                       : loaded 2 times (x 66B)
Class [Lorg.objectweb.asm.AnnotationVisitor;                                          : loaded 2 times (x 65B)
Class com.google.common.collect.Sets$3                                                : loaded 2 times (x 135B)
Class com.google.common.util.concurrent.AbstractFuture$SafeAtomicHelper               : loaded 2 times (x 75B)
Class com.google.common.cache.LocalCache$LocalLoadingCache                            : loaded 2 times (x 130B)
Class com.google.common.base.AbstractIterator$State                                   : loaded 2 times (x 75B)
Class org.gradle.internal.service.UnknownServiceException                             : loaded 2 times (x 79B)
Class com.google.common.io.ByteArrayDataInput                                         : loaded 2 times (x 66B)
Class com.google.common.collect.Sets$4                                                : loaded 2 times (x 135B)
Class org.objectweb.asm.ModuleVisitor                                                 : loaded 2 times (x 77B)
Class com.google.common.cache.LocalCache$Strength$1                                   : loaded 2 times (x 77B)
Class com.google.common.util.concurrent.SettableFuture                                : loaded 2 times (x 110B)
Class com.google.common.cache.LocalCache$Strength$2                                   : loaded 2 times (x 77B)
Class com.google.common.collect.TransformedIterator                                   : loaded 2 times (x 76B)
Class org.objectweb.asm.Handle                                                        : loaded 2 times (x 68B)
Class com.google.common.io.ByteStreams                                                : loaded 2 times (x 67B)
Class com.google.common.cache.LocalCache$Strength$3                                   : loaded 2 times (x 77B)
Class com.google.common.collect.MapDifference                                         : loaded 2 times (x 66B)
Class com.google.common.base.Splitter$1                                               : loaded 2 times (x 73B)
Class org.objectweb.asm.FieldWriter                                                   : loaded 2 times (x 74B)
Class com.google.common.cache.CacheBuilder$NullListener                               : loaded 2 times (x 78B)
Class org.gradle.internal.classpath.TransformedClassPath                              : loaded 2 times (x 92B)
Class org.gradle.internal.classloader.InstrumentingClassLoader                        : loaded 2 times (x 66B)
Class com.google.common.collect.ImmutableRangeSet$AsSet                               : loaded 2 times (x 296B)
Class com.google.common.cache.CacheLoader$FunctionToCacheLoader                       : loaded 2 times (x 71B)
Class com.google.common.collect.Iterators$ArrayItr                                    : loaded 2 times (x 93B)
Class com.google.common.collect.ImmutableCollection$Builder                           : loaded 2 times (x 72B)
Class com.google.common.base.Joiner                                                   : loaded 2 times (x 75B)
Class com.google.common.base.MoreObjects                                              : loaded 2 times (x 67B)
Class [Lorg.objectweb.asm.Attribute;                                                  : loaded 2 times (x 65B)
Class com.google.common.collect.Platform                                              : loaded 2 times (x 67B)
Class [Lorg.objectweb.asm.Type;                                                       : loaded 2 times (x 65B)
Class com.google.common.collect.UnmodifiableIterator                                  : loaded 2 times (x 76B)
Class org.gradle.internal.service.ServiceLocator                                      : loaded 2 times (x 66B)
Class com.google.common.collect.HashBiMap$BiEntry                                     : loaded 2 times (x 79B)
Class com.google.common.base.Ascii                                                    : loaded 2 times (x 67B)
Class com.google.common.collect.SingletonImmutableBiMap                               : loaded 2 times (x 139B)
Class com.google.common.cache.LocalCache$1                                            : loaded 2 times (x 85B)
Class com.google.common.collect.AbstractMapEntry                                      : loaded 2 times (x 77B)
Class com.google.common.collect.AbstractSetMultimap                                   : loaded 2 times (x 170B)
Class com.google.common.io.ByteSource$ByteArrayByteSource                             : loaded 2 times (x 81B)
Class com.google.common.collect.Sets$ImprovedAbstractSet                              : loaded 2 times (x 131B)
Class com.google.common.collect.ImmutableList$Builder                                 : loaded 2 times (x 73B)
Class com.google.common.collect.AbstractMultimap                                      : loaded 2 times (x 119B)
Class com.google.common.cache.LocalCache$2                                            : loaded 2 times (x 138B)
Class com.google.common.collect.ImmutableRangeSet$1                                   : loaded 2 times (x 206B)
Class com.google.common.util.concurrent.AbstractFuture$UnsafeAtomicHelper$1           : loaded 2 times (x 72B)
Class com.google.common.collect.RegularImmutableAsList                                : loaded 2 times (x 213B)
Class ijKotlinCoroutineJvmDebugInit1_2eovp4i7fe2uxxb8xa5pnidz7$_run_closure1          : loaded 2 times (x 135B)
Class com.google.common.base.Optional                                                 : loaded 2 times (x 76B)
Class com.google.common.collect.Range                                                 : loaded 2 times (x 83B)
Class com.google.common.util.concurrent.AbstractFuture$Trusted                        : loaded 2 times (x 66B)
Class com.google.common.collect.Iterators                                             : loaded 2 times (x 67B)
Class ijJvmDebugger1_31ufxz1ig5718d0k7yvns5ynk$_run_closure1$_closure2                : loaded 2 times (x 136B)
Class com.google.common.util.concurrent.UncheckedExecutionException                   : loaded 2 times (x 78B)
Class com.google.common.collect.Lists$StringAsImmutableList                           : loaded 2 times (x 203B)
Class org.gradle.kotlin.dsl.VersionCatalogAccessorsKt                                 : loaded 2 times (x 67B)
Class org.gradle.internal.InternalTransformer                                         : loaded 2 times (x 66B)
Class com.google.common.collect.AbstractMapBasedMultimap$KeySet$1                     : loaded 2 times (x 78B)
Class org.objectweb.asm.ClassWriter                                                   : loaded 2 times (x 102B)
Class com.google.common.cache.CacheLoader$UnsupportedLoadingOperationException        : loaded 2 times (x 78B)
Class com.google.common.base.CharMatcher$And                                          : loaded 2 times (x 108B)
Class org.gradle.internal.classloader.ClasspathUtil$1                                 : loaded 2 times (x 72B)
Class com.google.common.base.Objects                                                  : loaded 2 times (x 67B)
Class org.objectweb.asm.FieldVisitor                                                  : loaded 2 times (x 73B)
Class com.google.common.collect.IndexedImmutableSet                                   : loaded 2 times (x 148B)
Class com.google.common.collect.ImmutableMap$1                                        : loaded 2 times (x 77B)
Class com.google.common.collect.BiMap                                                 : loaded 2 times (x 66B)
Class com.google.common.collect.RegularImmutableMap$KeySet                            : loaded 2 times (x 148B)
Class com.google.common.base.Absent                                                   : loaded 2 times (x 76B)
Class com.google.common.primitives.Ints                                               : loaded 2 times (x 67B)
Class com.google.common.collect.AbstractIterator                                      : loaded 2 times (x 78B)
Class com.google.common.collect.Multiset                                              : loaded 2 times (x 66B)
Class com.google.common.collect.ArrayListMultimapGwtSerializationDependencies         : loaded 2 times (x 168B)
Class com.google.common.math.MathPreconditions                                        : loaded 2 times (x 67B)
Class com.google.common.collect.ObjectArrays                                          : loaded 2 times (x 67B)
Class com.google.common.collect.AbstractIndexedListIterator                           : loaded 2 times (x 92B)
Class com.google.common.collect.ImmutableMapEntrySet                                  : loaded 2 times (x 148B)
Class org.gradle.api.internal.classpath.Module                                        : loaded 2 times (x 66B)
Class com.google.common.cache.Weigher                                                 : loaded 2 times (x 66B)
Class org.gradle.api.internal.classpath.UnknownModuleException                        : loaded 2 times (x 78B)
Class com.google.common.base.Stopwatch                                                : loaded 2 times (x 68B)
Class com.google.common.cache.LocalCache$Strength                                     : loaded 2 times (x 77B)
Class com.google.common.cache.Cache                                                   : loaded 2 times (x 66B)
Class com.google.common.util.concurrent.AbstractFuture$Cancellation                   : loaded 2 times (x 68B)
Class com.google.common.collect.ImmutableMap$Builder                                  : loaded 2 times (x 78B)
Class com.google.common.base.NullnessCasts                                            : loaded 2 times (x 67B)
Class ijJvmDebugger1_31ufxz1ig5718d0k7yvns5ynk$_run_closure1                          : loaded 2 times (x 135B)
Class com.google.common.collect.AbstractMapBasedMultimap$WrappedCollection$WrappedIterator: loaded 2 times (x 80B)
Class com.google.common.base.Present                                                  : loaded 2 times (x 77B)
Class com.google.common.cache.RemovalListener                                         : loaded 2 times (x 66B)
Class org.gradle.api.internal.DefaultClassPathRegistry                                : loaded 2 times (x 72B)
Class com.google.common.primitives.IntsMethodsForWeb                                  : loaded 2 times (x 67B)
Class com.google.common.collect.Multimap                                              : loaded 2 times (x 66B)
Class org.gradle.api.internal.ClassPathRegistry                                       : loaded 2 times (x 66B)
Class org.gradle.internal.classpath.DefaultClassPath$ImmutableUniqueList              : loaded 2 times (x 195B)
Class com.google.common.base.ExtraObjectsMethodsForWeb                                : loaded 2 times (x 67B)
Class com.google.common.base.Equivalence$Identity                                     : loaded 2 times (x 78B)
Class com.google.common.cache.CacheBuilder                                            : loaded 2 times (x 68B)
Class com.google.common.collect.SingletonImmutableList                                : loaded 2 times (x 203B)
Class Settings_gradle$1                                                               : loaded 2 times (x 70B)
Class org.gradle.internal.classpath.ClassPath                                         : loaded 2 times (x 66B)
Class org.gradle.api.UncheckedIOException                                             : loaded 2 times (x 78B)
Class com.google.common.collect.ImmutableList$ReverseImmutableList                    : loaded 2 times (x 205B)
Class com.google.common.base.JdkPattern                                               : loaded 2 times (x 71B)
Class org.objectweb.asm.SymbolTable$Entry                                             : loaded 2 times (x 70B)
Class com.google.common.util.concurrent.AbstractFuture$AtomicHelper                   : loaded 2 times (x 74B)
Class org.objectweb.asm.Edge                                                          : loaded 2 times (x 68B)
Class com.google.common.base.Suppliers$SupplierOfInstance                             : loaded 2 times (x 75B)
Class com.google.common.collect.Iterators$1                                           : loaded 2 times (x 77B)
Class ijJvmDebugger1_31ufxz1ig5718d0k7yvns5ynk                                        : loaded 2 times (x 175B)
Class com.google.common.cache.LocalCache$ComputingValueReference                      : loaded 2 times (x 92B)
Class com.google.common.collect.SingletonImmutableSet                                 : loaded 2 times (x 142B)
Class com.google.common.collect.ImmutableMap$IteratorBasedImmutableMap                : loaded 2 times (x 122B)
Class com.google.common.cache.LocalCache$Segment                                      : loaded 2 times (x 150B)
Class com.google.common.collect.SortedIterable                                        : loaded 2 times (x 66B)
Class com.google.common.collect.AbstractListMultimap                                  : loaded 2 times (x 168B)
Class [Lorg.objectweb.asm.SymbolTable$Entry;                                          : loaded 2 times (x 65B)
Class com.google.common.cache.CacheLoader                                             : loaded 2 times (x 70B)
Class com.google.common.collect.Iterators$4                                           : loaded 2 times (x 78B)
Class com.google.common.collect.ImmutableBiMap                                        : loaded 2 times (x 139B)
Class org.gradle.internal.installation.GradleInstallation$1                           : loaded 2 times (x 71B)
Class org.gradle.api.internal.classpath.ModuleRegistry                                : loaded 2 times (x 66B)
Class com.google.common.util.concurrent.internal.InternalFutureFailureAccess          : loaded 2 times (x 68B)
Class com.google.common.collect.Iterators$5                                           : loaded 2 times (x 78B)
Class com.google.common.collect.ImmutableSet$JdkBackedSetBuilderImpl                  : loaded 2 times (x 72B)
Class com.google.common.base.Splitter$SplittingIterator                               : loaded 2 times (x 80B)
Class com.google.common.collect.HashBiMap$Inverse                                     : loaded 2 times (x 138B)
Class com.google.common.util.concurrent.AbstractFuture$UnsafeAtomicHelper             : loaded 2 times (x 74B)
Class com.google.common.cache.LocalCache$LocalManualCache$1                           : loaded 2 times (x 71B)
Class com.google.common.base.CharMatcher$ForPredicate                                 : loaded 2 times (x 108B)
Class com.google.common.collect.Multimaps$CustomSetMultimap                           : loaded 2 times (x 174B)
Class com.google.common.collect.ImmutableCollection                                   : loaded 2 times (x 121B)
Class com.google.common.base.CharMatcher$AnyOf                                        : loaded 2 times (x 108B)
Class org.gradle.api.internal.classpath.DefaultModuleRegistry                         : loaded 2 times (x 82B)
Class com.google.common.util.concurrent.ListenableFuture                              : loaded 2 times (x 66B)
Class com.google.common.cache.ReferenceEntry                                          : loaded 2 times (x 66B)
Class com.google.common.base.Converter                                                : loaded 2 times (x 86B)
Class com.google.common.collect.ImmutableSet$CachingAsList                            : loaded 2 times (x 144B)
Class com.google.common.collect.Lists                                                 : loaded 2 times (x 67B)
Class com.google.common.collect.AbstractMapBasedMultimap                              : loaded 2 times (x 135B)
Class com.google.common.util.concurrent.AbstractFuture                                : loaded 2 times (x 102B)
Class com.google.common.base.FunctionalEquivalence                                    : loaded 2 times (x 79B)
Class com.google.common.collect.Iterators$9                                           : loaded 2 times (x 77B)
Class com.google.common.collect.ImmutableAsList                                       : loaded 2 times (x 205B)
Class org.objectweb.asm.RecordComponentVisitor                                        : loaded 2 times (x 73B)
Class com.google.common.cache.CacheLoader$SupplierToCacheLoader                       : loaded 2 times (x 71B)
Class com.google.common.collect.Maps$EntryTransformer                                 : loaded 2 times (x 66B)
Class org.gradle.internal.service.ServiceLookupException                              : loaded 2 times (x 78B)
Class com.google.common.collect.Lists$ReverseList                                     : loaded 2 times (x 196B)
Class com.google.common.collect.ImmutableSortedSet                                    : loaded 2 times (x 296B)
Class [Lcom.google.common.cache.LocalCache$EntryFactory;                              : loaded 2 times (x 65B)
Class org.gradle.internal.classloader.ClassLoaderFactory                              : loaded 2 times (x 66B)
Class com.google.common.collect.ImmutableMap$SerializedForm                           : loaded 2 times (x 69B)
Class com.google.common.cache.LocalCache$LocalManualCache                             : loaded 2 times (x 95B)
Class com.google.common.base.CharMatcher$IsNot                                        : loaded 2 times (x 107B)
Class com.google.common.base.CommonPattern                                            : loaded 2 times (x 70B)
Class org.gradle.internal.service.CachingServiceLocator                               : loaded 2 times (x 78B)
Class com.google.common.collect.AbstractMapBasedMultimap$KeySet                       : loaded 2 times (x 133B)
Class com.google.common.collect.RegularImmutableSortedSet                             : loaded 2 times (x 296B)
Class com.google.common.math.IntMath                                                  : loaded 2 times (x 67B)
Class [Lcom.google.common.collect.HashBiMap$BiEntry;                                  : loaded 2 times (x 65B)
Class com.google.common.collect.ImmutableMapEntry                                     : loaded 2 times (x 81B)
Class com.google.common.base.Equivalence                                              : loaded 2 times (x 78B)
Class com.google.common.base.Function                                                 : loaded 2 times (x 66B)
Class com.google.common.collect.ImmutableMapEntry$NonTerminalImmutableMapEntry        : loaded 2 times (x 81B)
Class com.google.common.collect.IndexedImmutableSet$1                                 : loaded 2 times (x 209B)
Class com.google.common.cache.CacheBuilder$OneWeigher                                 : loaded 2 times (x 78B)
Class com.google.common.collect.RegularImmutableList                                  : loaded 2 times (x 209B)
Class org.gradle.internal.classloader.ClasspathUtil                                   : loaded 2 times (x 67B)
Class com.google.common.base.Charsets                                                 : loaded 2 times (x 67B)
Class com.google.common.util.concurrent.Uninterruptibles                              : loaded 2 times (x 67B)
Class com.google.common.collect.AbstractMapBasedMultimap$WrappedSet                   : loaded 2 times (x 138B)
Class com.google.common.io.CharSource                                                 : loaded 2 times (x 81B)
Class com.google.common.collect.Maps                                                  : loaded 2 times (x 67B)
Class org.gradle.api.specs.Spec                                                       : loaded 2 times (x 66B)
Class [Lcom.google.common.collect.ImmutableEntry;                                     : loaded 2 times (x 65B)
Class com.google.common.cache.LocalCache$LoadingValueReference                        : loaded 2 times (x 92B)
Class org.gradle.api.internal.classpath.DefaultModuleRegistry$DefaultModule           : loaded 2 times (x 82B)
Class com.google.common.collect.CollectSpliterators                                   : loaded 2 times (x 67B)
Class com.google.common.base.Platform                                                 : loaded 2 times (x 67B)
Class [Lorg.objectweb.asm.AnnotationWriter;                                           : loaded 2 times (x 65B)
Class com.google.common.collect.Maps$8                                                : loaded 2 times (x 78B)
Class com.google.common.collect.Lists$ReverseList$1                                   : loaded 2 times (x 95B)
Class com.google.common.collect.ImmutableRangeSet$Builder                             : loaded 2 times (x 73B)
Class com.google.common.collect.Sets$SetView                                          : loaded 2 times (x 134B)
Class com.google.common.cache.LocalCache$StrongValueReference                         : loaded 2 times (x 86B)
Class com.google.common.util.concurrent.AbstractFuture$SynchronizedHelper             : loaded 2 times (x 74B)
Class org.objectweb.asm.Type                                                          : loaded 2 times (x 68B)
Class org.gradle.internal.classloader.VisitableURLClassLoader$InstrumentingVisitableURLClassLoader: loaded 2 times (x 119B)
Class org.objectweb.asm.ByteVector                                                    : loaded 2 times (x 75B)
Class [Lcom.google.common.cache.CacheBuilder$NullListener;                            : loaded 2 times (x 65B)
Class com.google.common.math.IntMath$1                                                : loaded 2 times (x 67B)
Class org.gradle.internal.classloader.VisitableURLClassLoader$Spec                    : loaded 2 times (x 70B)
Class org.gradle.internal.classpath.DefaultClassPath                                  : loaded 2 times (x 86B)
Class org.objectweb.asm.Symbol                                                        : loaded 2 times (x 69B)
Class com.google.common.base.AbstractIterator                                         : loaded 2 times (x 76B)
Class com.google.common.io.Closer                                                     : loaded 2 times (x 74B)
Class com.google.common.base.CharMatcher$Ascii                                        : loaded 2 times (x 108B)
Class com.google.common.collect.RegularImmutableMap$Values                            : loaded 2 times (x 203B)
Class com.google.common.collect.ImmutableSet                                          : loaded 2 times (x 141B)
Class com.google.common.base.CharMatcher$BitSetMatcher                                : loaded 2 times (x 108B)
Class org.gradle.internal.classloader.ClassLoaderSpec                                 : loaded 2 times (x 67B)
Class com.google.common.io.ByteSource$EmptyByteSource                                 : loaded 2 times (x 81B)
Class org.objectweb.asm.AnnotationWriter                                              : loaded 2 times (x 75B)
Class com.google.common.cache.CacheStats                                              : loaded 2 times (x 67B)
Class com.google.common.io.Closer$Suppressor                                          : loaded 2 times (x 66B)
Class org.objectweb.asm.RecordComponentWriter                                         : loaded 2 times (x 74B)
Class com.google.common.util.concurrent.AbstractFuture$Listener                       : loaded 2 times (x 68B)
Class com.google.common.base.CharMatcher$Or                                           : loaded 2 times (x 108B)
Class Settings_gradle$1$1                                                             : loaded 2 times (x 70B)
Class [Lorg.objectweb.asm.Label;                                                      : loaded 2 times (x 65B)
Class org.objectweb.asm.Attribute                                                     : loaded 2 times (x 73B)
Class com.google.common.base.Supplier                                                 : loaded 2 times (x 66B)
Class org.gradle.internal.classloader.VisitableURLClassLoader                         : loaded 2 times (x 113B)
Class com.google.common.collect.ImmutableList$SerializedForm                          : loaded 2 times (x 69B)
Class com.google.common.util.concurrent.AbstractFuture$Waiter                         : loaded 2 times (x 68B)
Class Settings_gradle                                                                 : loaded 2 times (x 124B)
Class org.gradle.internal.Cast                                                        : loaded 2 times (x 67B)
Class org.gradle.api.Action                                                           : loaded 2 times (x 66B)
Class com.google.common.collect.HashBiMap                                             : loaded 2 times (x 139B)
Class com.google.common.base.Strings                                                  : loaded 2 times (x 67B)
Class com.google.common.collect.Sets                                                  : loaded 2 times (x 67B)
Class org.objectweb.asm.Handler                                                       : loaded 2 times (x 68B)
Class com.google.common.base.Ticker                                                   : loaded 2 times (x 68B)
Class com.google.common.base.CharMatcher$FastMatcher                                  : loaded 2 times (x 107B)
Class [Lcom.google.common.cache.LocalCache$Segment;                                   : loaded 2 times (x 65B)
Class [Lcom.google.common.cache.LocalCache$Strength;                                  : loaded 2 times (x 65B)
Class com.google.common.cache.CacheBuilder$1                                          : loaded 2 times (x 81B)
Class com.google.common.collect.ImmutableMap                                          : loaded 2 times (x 116B)
Class com.google.common.base.Predicate                                                : loaded 2 times (x 66B)
Class org.gradle.internal.classpath.DefaultClassPath$ImmutableUniqueList$Builder      : loaded 2 times (x 71B)
Class com.google.common.collect.AbstractRangeSet                                      : loaded 2 times (x 110B)
Class com.google.common.cache.LocalCache                                              : loaded 2 times (x 183B)
Class com.google.common.cache.CacheBuilder$2                                          : loaded 2 times (x 75B)
Class com.google.common.base.CharMatcher$NegatedFastMatcher                           : loaded 2 times (x 109B)
Class com.google.common.collect.ArrayListMultimap                                     : loaded 2 times (x 168B)
Class com.google.common.cache.CacheBuilder$3                                          : loaded 2 times (x 68B)
Class [Lcom.google.common.collect.AbstractMapEntry;                                   : loaded 2 times (x 65B)
Class com.google.common.collect.ImmutableEntry                                        : loaded 2 times (x 78B)
Class org.gradle.api.GradleException                                                  : loaded 2 times (x 78B)
Class com.google.common.base.Suppliers$MemoizingSupplier                              : loaded 2 times (x 75B)
Class com.google.common.collect.CollectPreconditions                                  : loaded 2 times (x 67B)
Class com.google.common.collect.SortedMapDifference                                   : loaded 2 times (x 66B)
Class com.google.common.cache.LocalCache$EntryFactory                                 : loaded 2 times (x 79B)
Class com.google.common.cache.LocalCache$AbstractReferenceEntry                       : loaded 2 times (x 103B)
Class com.google.common.base.Splitter$1$1                                             : loaded 2 times (x 82B)
Class org.gradle.internal.IoActions                                                   : loaded 2 times (x 67B)
Class com.google.common.collect.ImmutableRangeSet$ComplementRanges                    : loaded 2 times (x 203B)
Class org.objectweb.asm.SymbolTable                                                   : loaded 2 times (x 68B)
Class com.google.common.cache.CacheLoader$InvalidCacheLoadException                   : loaded 2 times (x 78B)
Class com.google.common.collect.ImmutableSet$RegularSetBuilderImpl                    : loaded 2 times (x 73B)
Class org.gradle.internal.classloader.SystemClassLoaderSpec                           : loaded 2 times (x 67B)
Class com.google.common.cache.LocalCache$StrongEntry                                  : loaded 2 times (x 104B)
Class com.google.common.util.concurrent.AbstractFuture$TrustedFuture                  : loaded 2 times (x 110B)
Class com.google.common.cache.LoadingCache                                            : loaded 2 times (x 66B)
Class com.google.common.io.ByteStreams$LimitedInputStream                             : loaded 2 times (x 88B)
Class com.google.common.base.Suppliers$NonSerializableMemoizingSupplier               : loaded 2 times (x 75B)
Class org.objectweb.asm.MethodWriter                                                  : loaded 2 times (x 102B)
Class [Lcom.google.common.cache.Weigher;                                              : loaded 2 times (x 65B)
Class com.google.common.collect.RegularImmutableMap$BucketOverflowException           : loaded 2 times (x 78B)
Class com.google.common.collect.RegularImmutableBiMap                                 : loaded 2 times (x 145B)
Class com.google.common.cache.LocalCache$ValueReference                               : loaded 2 times (x 66B)
Class com.google.common.base.CharMatcher$Negated                                      : loaded 2 times (x 109B)
Class com.google.common.base.CharMatcher$Is                                           : loaded 2 times (x 107B)
Class com.google.common.hash.PrimitiveSink                                            : loaded 2 times (x 66B)
Class com.google.common.base.PatternCompiler                                          : loaded 2 times (x 66B)
Class com.google.common.util.concurrent.AbstractFuture$Failure                        : loaded 2 times (x 68B)
Class com.google.common.base.Equivalence$Equals                                       : loaded 2 times (x 78B)
Class com.google.common.collect.Hashing                                               : loaded 2 times (x 67B)
Class com.google.common.base.Preconditions                                            : loaded 2 times (x 67B)
Class com.google.common.base.Joiner$1                                                 : loaded 2 times (x 76B)
Class org.objectweb.asm.Label                                                         : loaded 2 times (x 69B)
Class org.objectweb.asm.CurrentFrame                                                  : loaded 2 times (x 69B)
Class org.objectweb.asm.ClassTooLargeException                                        : loaded 2 times (x 79B)
Class com.google.common.collect.PeekingIterator                                       : loaded 2 times (x 66B)
Class com.google.common.base.CharMatcher                                              : loaded 2 times (x 107B)
Class com.google.common.io.ByteSource$AsCharSource                                    : loaded 2 times (x 82B)
Class com.google.common.collect.Maps$IteratorBasedAbstractMap                         : loaded 2 times (x 121B)
Class com.google.common.collect.RangeGwtSerializationDependencies                     : loaded 2 times (x 67B)
Class com.google.common.base.Joiner$2                                                 : loaded 2 times (x 75B)
Class org.objectweb.asm.Frame                                                         : loaded 2 times (x 69B)
Class org.objectweb.asm.MethodVisitor                                                 : loaded 2 times (x 101B)
Class com.google.common.cache.LocalCache$EntryFactory$1                               : loaded 2 times (x 79B)
Class [Lcom.google.common.cache.RemovalListener;                                      : loaded 2 times (x 65B)
Class com.google.common.base.CharMatcher$1                                            : loaded 2 times (x 109B)
Class com.google.common.base.CharMatcher$NamedFastMatcher                             : loaded 2 times (x 108B)
Class com.google.common.collect.RangeSet                                              : loaded 2 times (x 66B)
Class com.google.common.cache.LocalCache$EntryFactory$2                               : loaded 2 times (x 79B)
Class org.gradle.api.internal.classpath.GlobalCacheRootsProvider                      : loaded 2 times (x 66B)
Class com.google.common.collect.Multimaps                                             : loaded 2 times (x 67B)
Class com.google.common.collect.CollectCollectors                                     : loaded 2 times (x 67B)
Class org.objectweb.asm.ModuleWriter                                                  : loaded 2 times (x 78B)
Class com.google.common.cache.LocalCache$EntryFactory$3                               : loaded 2 times (x 79B)
Class com.google.common.base.Ticker$1                                                 : loaded 2 times (x 68B)
Class com.google.common.collect.Maps$BiMapConverter                                   : loaded 2 times (x 86B)
Class com.google.common.collect.ImmutableMapEntrySet$RegularEntrySet                  : loaded 2 times (x 148B)
Class com.google.common.collect.SetMultimap                                           : loaded 2 times (x 66B)
Class com.google.common.cache.LocalCache$EntryFactory$4                               : loaded 2 times (x 79B)
Class com.google.common.collect.ImmutableSet$Builder                                  : loaded 2 times (x 81B)
Class com.google.common.base.CharMatcher$InRange                                      : loaded 2 times (x 107B)
Class com.google.common.io.ByteStreams$1                                              : loaded 2 times (x 81B)
Class com.google.common.cache.LocalCache$EntryFactory$5                               : loaded 2 times (x 79B)
Class com.google.common.base.PairwiseEquivalence                                      : loaded 2 times (x 79B)
Class com.google.common.cache.LocalCache$EntryFactory$6                               : loaded 2 times (x 79B)
Class org.gradle.internal.installation.CurrentGradleInstallationLocator               : loaded 2 times (x 67B)
Class org.objectweb.asm.ClassReader                                                   : loaded 2 times (x 90B)
Class com.google.common.io.ByteSource$SlicedByteSource                                : loaded 2 times (x 81B)
Class com.google.common.collect.Maps$KeySet                                           : loaded 2 times (x 133B)
Class com.google.common.cache.LocalCache$EntryFactory$7                               : loaded 2 times (x 79B)
Class com.google.common.collect.ImmutableSet$EmptySetBuilderImpl                      : loaded 2 times (x 72B)
Class com.google.common.collect.ImmutableList                                         : loaded 2 times (x 202B)
Class org.gradle.internal.service.DefaultServiceLocator                               : loaded 2 times (x 79B)
Class com.google.common.collect.Maps$EntrySet                                         : loaded 2 times (x 132B)
Class com.google.common.cache.LocalCache$EntryFactory$8                               : loaded 2 times (x 79B)
Class com.google.common.collect.ImmutableSet$SetBuilderImpl                           : loaded 2 times (x 72B)
Class org.gradle.internal.installation.CurrentGradleInstallation                      : loaded 2 times (x 69B)
Class org.objectweb.asm.Opcodes                                                       : loaded 2 times (x 66B)
Class com.google.common.cache.CacheLoader$1                                           : loaded 2 times (x 71B)
Class com.google.common.collect.ForwardingObject                                      : loaded 2 times (x 68B)
Class com.google.common.collect.ImmutableList$SubList                                 : loaded 2 times (x 205B)
Class org.gradle.util.internal.GUtil                                                  : loaded 2 times (x 67B)
Class com.google.common.io.ByteSource                                                 : loaded 2 times (x 80B)
Class com.google.common.util.concurrent.AbstractFuture$SetFuture                      : loaded 2 times (x 71B)
Class com.google.common.cache.AbstractCache$StatsCounter                              : loaded 2 times (x 66B)
Class org.objectweb.asm.Context                                                       : loaded 2 times (x 68B)
Class com.google.common.collect.Iterators$MergingIterator                             : loaded 2 times (x 77B)
Class com.google.common.collect.RegularImmutableSet                                   : loaded 2 times (x 145B)
Class org.gradle.internal.installation.GradleInstallation                             : loaded 2 times (x 71B)
Class com.google.common.collect.Iterables                                             : loaded 2 times (x 67B)
Class com.google.common.base.Splitter$Strategy                                        : loaded 2 times (x 66B)
Class com.google.common.collect.Lists$RandomAccessReverseList                         : loaded 2 times (x 196B)

---------------  S Y S T E M  ---------------

OS:
 Windows 11 , 64 bit Build 26100 (10.0.26100.8875)
OS uptime: 2 days 19:54 hours
Hyper-V role detected

CPU: total 12 (initial active 12) (12 cores per cpu, 2 threads per core) family 25 model 80 stepping 0 microcode 0xa50000d, cx8, cmov, fxsr, ht, mmx, 3dnowpref, sse, sse2, sse3, ssse3, sse4a, sse4.1, sse4.2, popcnt, lzcnt, tsc, tscinvbit, avx, avx2, aes, erms, clmul, bmi1, bmi2, adx, sha, fma, vzeroupper, clflush, clflushopt, hv, rdtscp, rdpid, fsrm, f16c, cet_ss
Processor Information for the first 12 processors :
  Max Mhz: 3301, Current Mhz: 3301, Mhz Limit: 3301

Memory: 4k page, system-wide physical 7581M (164M free)
TotalPageFile size 31133M (AvailPageFile size 37M)
current process WorkingSet (physical memory assigned to process): 839M, peak: 841M
current process commit charge ("private bytes"): 1055M, peak: 1211M

vm_info: OpenJDK 64-Bit Server VM (21.0.6+-13391695-b895.109) for windows-amd64 JRE (21.0.6+-13391695-b895.109), built on 2025-04-22T21:19:17Z by "builder" with MS VC++ 16.10 / 16.11 (VS2019)

END.
