#
# There is insufficient memory for the Java Runtime Environment to continue.
# Native memory allocation (mmap) failed to map 744488960 bytes for G1 virtual space
# Possible reasons:
#   The system is out of physical RAM or swap space
#   The process is running with CompressedOops enabled, and the Java Heap may be blocking the growth of the native heap
# Possible solutions:
#   Reduce memory load on the system
#   Increase physical memory or swap space
#   Check if swap backing store is full
#   Decrease Java heap size (-Xmx/-Xms)
#   Decrease number of Java threads
#   Decrease Java thread stack sizes (-Xss)
#   Set larger code cache with -XX:ReservedCodeCacheSize=
#   JVM is running with Zero Based Compressed Oops mode in which the Java heap is
#     placed in the first 32GB address space. The Java Heap base address is the
#     maximum limit for the native heap growth. Please use -XX:HeapBaseMinAddress
#     to set the Java Heap base and to place the Java Heap above 32GB virtual address.
# This output file may be truncated or incomplete.
#
#  Out of Memory Error (os_windows.cpp:3600), pid=5412, tid=18336
#
# JRE version: Java(TM) SE Runtime Environment (21.0.2+13) (build 21.0.2+13-LTS-58)
# Java VM: Java HotSpot(TM) 64-Bit Server VM (21.0.2+13-LTS-58, mixed mode, sharing, tiered, compressed oops, compressed class ptrs, g1 gc, windows-amd64)
# No core dump will be written. Minidumps are not enabled by default on client versions of Windows
#

---------------  S U M M A R Y ------------

Command Line: --add-opens=java.base/java.lang=ALL-UNNAMED --add-opens=java.base/java.lang.invoke=ALL-UNNAMED --add-opens=java.base/java.util=ALL-UNNAMED --add-opens=java.prefs/java.util.prefs=ALL-UNNAMED --add-exports=jdk.compiler/com.sun.tools.javac.api=ALL-UNNAMED --add-exports=jdk.compiler/com.sun.tools.javac.util=ALL-UNNAMED --add-opens=java.base/java.util=ALL-UNNAMED --add-opens=java.prefs/java.util.prefs=ALL-UNNAMED --add-opens=java.base/java.nio.charset=ALL-UNNAMED --add-opens=java.base/java.net=ALL-UNNAMED --add-opens=java.base/java.util.concurrent.atomic=ALL-UNNAMED --add-opens=java.xml/javax.xml.namespace=ALL-UNNAMED -Xmx4096m -Dfile.encoding=UTF-8 -Duser.country=IN -Duser.language=en -Duser.variant -javaagent:C:\Users\harsh\.gradle\wrapper\dists\gradle-8.11.1-bin\bpt9gzteqjrbo1mjrsomdt32c\gradle-8.11.1\lib\agents\gradle-instrumentation-agent-8.11.1.jar org.gradle.launcher.daemon.bootstrap.GradleDaemon 8.11.1

Host: AMD Ryzen 5 5600H with Radeon Graphics         , 12 cores, 7G,  Windows 11 , 64 bit Build 26100 (10.0.26100.7920)
Time: Fri Mar 27 14:35:27 2026 India Standard Time elapsed time: 54.147447 seconds (0d 0h 0m 54s)

---------------  T H R E A D  ---------------

Current thread (0x00000213e6b54ea0):  VMThread "VM Thread"          [id=18336, stack(0x000000fea0e00000,0x000000fea0f00000) (1024K)]

Stack: [0x000000fea0e00000,0x000000fea0f00000]
Native frames: (J=compiled Java code, j=interpreted, Vv=VM code, C=native code)
V  [jvm.dll+0x6cade9]
V  [jvm.dll+0x8569c1]
V  [jvm.dll+0x858d2e]
V  [jvm.dll+0x859413]
V  [jvm.dll+0x280e56]
V  [jvm.dll+0x6c74d5]
V  [jvm.dll+0x6bbeca]
V  [jvm.dll+0x355bca]
V  [jvm.dll+0x35d816]
V  [jvm.dll+0x3ae67e]
V  [jvm.dll+0x3ae928]
V  [jvm.dll+0x3295dc]
V  [jvm.dll+0x32be86]
V  [jvm.dll+0x335dde]
V  [jvm.dll+0x36c045]
V  [jvm.dll+0x85ef18]
V  [jvm.dll+0x860014]
V  [jvm.dll+0x860550]
V  [jvm.dll+0x8607f3]
V  [jvm.dll+0x7ff568]
V  [jvm.dll+0x6c953d]
C  [ucrtbase.dll+0x37b0]
C  [KERNEL32.DLL+0x2e8d7]
C  [ntdll.dll+0x8c48c]

VM_Operation (0x000000fea09ff600): G1PauseRemark, mode: safepoint, requested by thread 0x00000213c80c6d30


---------------  P R O C E S S  ---------------

Threads class SMR info:
_java_thread_list=0x00000213f3307de0, length=194, elements={
0x00000213c5cfc040, 0x00000213e6b70a00, 0x00000213e6b71460, 0x00000213e6b783b0,
0x00000213e6b78f40, 0x00000213e6b7daf0, 0x00000213e6b7fcb0, 0x00000213e6b8f630,
0x00000213e6b900d0, 0x00000213e6b816f0, 0x00000213e6b81d80, 0x00000213e6b7f620,
0x00000213e6b80340, 0x00000213e6b809d0, 0x00000213ed9e70b0, 0x00000213ed9e6390,
0x00000213ed9e7dd0, 0x00000213ed9e6a20, 0x00000213ed9e7740, 0x00000213ed9e8460,
0x00000213ed9e4fe0, 0x00000213ed9e8af0, 0x00000213ed9e5670, 0x00000213ed9e9180,
0x00000213ed9e9ea0, 0x00000213ed9e9810, 0x00000213ed9ea530, 0x00000213ed9eabc0,
0x00000213ed9eb250, 0x00000213ed9eb8e0, 0x00000213ed9ebf70, 0x00000213ed9ec600,
0x00000213f250c930, 0x00000213f250bc10, 0x00000213f250a860, 0x00000213f250c2a0,
0x00000213f250cfc0, 0x00000213f250b580, 0x00000213f250e370, 0x00000213f250d650,
0x00000213f250dce0, 0x00000213f250aef0, 0x00000213f250fdb0, 0x00000213f2511160,
0x00000213f2510440, 0x00000213f2510ad0, 0x00000213f25117f0, 0x00000213f2511e80,
0x00000213f250ea00, 0x00000213f250f090, 0x00000213f250f720, 0x00000213f1af1a50,
0x00000213f1af3490, 0x00000213f1af3b20, 0x00000213f1af41b0, 0x00000213f1af0d30,
0x00000213f1af2e00, 0x00000213f1af4840, 0x00000213f1af13c0, 0x00000213f1af4ed0,
0x00000213f1af5560, 0x00000213f1af20e0, 0x00000213f1af5bf0, 0x00000213f1af2770,
0x00000213f1af7630, 0x00000213ef056040, 0x00000213ef053f70, 0x00000213f1af6910,
0x00000213f1b04430, 0x00000213f1b03da0, 0x00000213f1b00fb0, 0x00000213f1b06b90,
0x00000213f1b05e70, 0x00000213f1b06500, 0x00000213f1b05150, 0x00000213f1b057e0,
0x00000213f0e0c7c0, 0x00000213f0e0b410, 0x00000213f0e0ad80, 0x00000213f0e0d4e0,
0x00000213f0e0baa0, 0x00000213f0e0ce50, 0x00000213f0e0c130, 0x00000213f0e0a6f0,
0x00000213f0e0a060, 0x00000213f0e0fc40, 0x00000213f0e0e890, 0x00000213f0e10ff0,
0x00000213f0e102d0, 0x00000213f0e0ef20, 0x00000213f0e0db70, 0x00000213f0e11680,
0x00000213f0e0f5b0, 0x00000213f0e10960, 0x00000213f045f890, 0x00000213f045d7c0,
0x00000213f04612d0, 0x00000213f0461960, 0x00000213f0461ff0, 0x00000213f0462680,
0x00000213ee5e8cc0, 0x00000213ee5e7fa0, 0x00000213ee5ea070, 0x00000213ee5e7910,
0x00000213ee5ead90, 0x00000213ee5e8630, 0x00000213ee5eb420, 0x00000213ee5ec7d0,
0x00000213ee5ec140, 0x00000213ee5ea700, 0x00000213ee5ebab0, 0x00000213ee5e9350,
0x00000213ee5ee210, 0x00000213ee5ece60, 0x00000213ee5ed4f0, 0x00000213ee5ee8a0,
0x00000213ee5eef30, 0x00000213ee5edb80, 0x00000213f045caa0, 0x00000213f045e4e0,
0x00000213f045b060, 0x00000213f045eb70, 0x00000213f045b6f0, 0x00000213f045bd80,
0x00000213f045f200, 0x00000213f045c410, 0x00000213f045ff20, 0x00000213f04605b0,
0x00000213f045d130, 0x00000213ef0566d0, 0x00000213f911dc00, 0x00000213f911d570,
0x00000213f911fcd0, 0x00000213f911f640, 0x00000213f911e920, 0x00000213f911e290,
0x00000213f9120360, 0x00000213f911cee0, 0x00000213f9121da0, 0x00000213f9122430,
0x00000213f911efb0, 0x00000213f91209f0, 0x00000213f9121080, 0x00000213f9124500,
0x00000213f9123e70, 0x00000213f9123150, 0x00000213f91237e0, 0x00000213f9122ac0,
0x00000213f9121710, 0x00000213f3eb13a0, 0x00000213f3eb0680, 0x00000213f3eadf20,
0x00000213f3eae5b0, 0x00000213f3eb20c0, 0x00000213f3eaf2d0, 0x00000213f3eaec40,
0x00000213f3eb1a30, 0x00000213f3eb2750, 0x00000213f3eafff0, 0x00000213f3eb2de0,
0x00000213f3eaf960, 0x00000213f3eb3b00, 0x00000213f3eb5bd0, 0x00000213f3eb4820,
0x00000213f3eb6260, 0x00000213f3eb68f0, 0x00000213f3eb3470, 0x00000213f3eb6f80,
0x00000213f3eb7610, 0x00000213f3eb4190, 0x00000213f3fb91b0, 0x00000213f9baac40,
0x00000213f9baa5b0, 0x00000213f9bab2d0, 0x00000213f9ba9890, 0x00000213f9bb77b0,
0x00000213f9bb84d0, 0x00000213f3eb7ca0, 0x00000213f3eb8330, 0x00000213f3eb5540,
0x00000213f3ebaa90, 0x00000213f3fba620, 0x00000213f09ddb70, 0x00000213f09de890,
0x00000213f09def20, 0x00000213f09de200, 0x00000213f09df5b0, 0x00000213f09dc7c0,
0x00000213f09e02d0, 0x00000213f09dd4e0, 0x00000213f09dce50, 0x00000213f09e3de0,
0x00000213f09e0ff0, 0x00000213f09e1d10
}

Java Threads: ( => current thread )
  0x00000213c5cfc040 JavaThread "main"                              [_thread_blocked, id=18080, stack(0x000000fea0700000,0x000000fea0800000) (1024K)]
  0x00000213e6b70a00 JavaThread "Reference Handler"          daemon [_thread_blocked, id=11516, stack(0x000000fea0f00000,0x000000fea1000000) (1024K)]
  0x00000213e6b71460 JavaThread "Finalizer"                  daemon [_thread_blocked, id=21404, stack(0x000000fea1000000,0x000000fea1100000) (1024K)]
  0x00000213e6b783b0 JavaThread "Signal Dispatcher"          daemon [_thread_blocked, id=21896, stack(0x000000fea1100000,0x000000fea1200000) (1024K)]
  0x00000213e6b78f40 JavaThread "Attach Listener"            daemon [_thread_blocked, id=21904, stack(0x000000fea1200000,0x000000fea1300000) (1024K)]
  0x00000213e6b7daf0 JavaThread "Service Thread"             daemon [_thread_blocked, id=13148, stack(0x000000fea1300000,0x000000fea1400000) (1024K)]
  0x00000213e6b7fcb0 JavaThread "Monitor Deflation Thread"   daemon [_thread_blocked, id=12000, stack(0x000000fea1400000,0x000000fea1500000) (1024K)]
  0x00000213e6b8f630 JavaThread "C2 CompilerThread0"         daemon [_thread_blocked, id=21776, stack(0x000000fea1500000,0x000000fea1600000) (1024K)]
  0x00000213e6b900d0 JavaThread "C1 CompilerThread0"         daemon [_thread_blocked, id=18296, stack(0x000000fea1600000,0x000000fea1700000) (1024K)]
  0x00000213e6b816f0 JavaThread "Common-Cleaner"             daemon [_thread_blocked, id=3400, stack(0x000000fea1700000,0x000000fea1800000) (1024K)]
  0x00000213e6b81d80 JavaThread "Notification Thread"        daemon [_thread_blocked, id=14288, stack(0x000000fea1800000,0x000000fea1900000) (1024K)]
  0x00000213e6b7f620 JavaThread "Daemon health stats"               [_thread_blocked, id=17928, stack(0x000000fea1e00000,0x000000fea1f00000) (1024K)]
  0x00000213e6b80340 JavaThread "Incoming local TCP Connector on port 51604"        [_thread_in_native, id=3736, stack(0x000000fea2300000,0x000000fea2400000) (1024K)]
  0x00000213e6b809d0 JavaThread "Daemon periodic checks"            [_thread_blocked, id=13068, stack(0x000000fea2400000,0x000000fea2500000) (1024K)]
  0x00000213ed9e70b0 JavaThread "Daemon"                            [_thread_blocked, id=18136, stack(0x000000fea2500000,0x000000fea2600000) (1024K)]
  0x00000213ed9e6390 JavaThread "Handler for socket connection from /127.0.0.1:51604 to /127.0.0.1:51605"        [_thread_in_native, id=16868, stack(0x000000fea2600000,0x000000fea2700000) (1024K)]
  0x00000213ed9e7dd0 JavaThread "Cancel handler"                    [_thread_blocked, id=21320, stack(0x000000fea2700000,0x000000fea2800000) (1024K)]
  0x00000213ed9e6a20 JavaThread "Daemon worker"                     [_thread_blocked, id=24528, stack(0x000000fea2800000,0x000000fea2900000) (1024K)]
  0x00000213ed9e7740 JavaThread "Asynchronous log dispatcher for DefaultDaemonConnection: socket connection from /127.0.0.1:51604 to /127.0.0.1:51605"        [_thread_blocked, id=4748, stack(0x000000fea2900000,0x000000fea2a00000) (1024K)]
  0x00000213ed9e8460 JavaThread "Stdin handler"                     [_thread_blocked, id=20432, stack(0x000000fea2a00000,0x000000fea2b00000) (1024K)]
  0x00000213ed9e4fe0 JavaThread "Daemon client event forwarder"        [_thread_blocked, id=7504, stack(0x000000fea2b00000,0x000000fea2c00000) (1024K)]
  0x00000213ed9e8af0 JavaThread "Cache worker for journal cache (C:\Users\harsh\.gradle\caches\journal-1)"        [_thread_blocked, id=20752, stack(0x000000fea2c00000,0x000000fea2d00000) (1024K)]
  0x00000213ed9e5670 JavaThread "File lock request listener"        [_thread_in_native, id=22420, stack(0x000000fea2d00000,0x000000fea2e00000) (1024K)]
  0x00000213ed9e9180 JavaThread "Cache worker for file hash cache (C:\Users\harsh\.gradle\caches\8.11.1\fileHashes)"        [_thread_blocked, id=20732, stack(0x000000fea2e00000,0x000000fea2f00000) (1024K)]
  0x00000213ed9e9ea0 JavaThread "Cache worker for file content cache (C:\Users\harsh\.gradle\caches\8.11.1\fileContent)"        [_thread_blocked, id=6040, stack(0x000000fea3100000,0x000000fea3200000) (1024K)]
  0x00000213ed9e9810 JavaThread "Cache worker for file hash cache (C:\Users\harsh\AndroidStudioProjects\VidPlay\.gradle\8.11.1\fileHashes)"        [_thread_blocked, id=23192, stack(0x000000fea3400000,0x000000fea3500000) (1024K)]
  0x00000213ed9ea530 JavaThread "Cache worker for Build Output Cleanup Cache (C:\Users\harsh\AndroidStudioProjects\VidPlay\.gradle\buildOutputCleanup)"        [_thread_blocked, id=4552, stack(0x000000fea3500000,0x000000fea3600000) (1024K)]
  0x00000213ed9eabc0 JavaThread "File watcher server"        daemon [_thread_blocked, id=13960, stack(0x000000fea3600000,0x000000fea3700000) (1024K)]
  0x00000213ed9eb250 JavaThread "File watcher consumer"      daemon [_thread_blocked, id=13976, stack(0x000000fea3700000,0x000000fea3800000) (1024K)]
  0x00000213ed9eb8e0 JavaThread "Cache worker for checksums cache (C:\Users\harsh\AndroidStudioProjects\VidPlay\.gradle\8.11.1\checksums)"        [_thread_blocked, id=17236, stack(0x000000fea2f00000,0x000000fea3000000) (1024K)]
  0x00000213ed9ebf70 JavaThread "Cache worker for cache directory md-rule (C:\Users\harsh\.gradle\caches\8.11.1\md-rule)"        [_thread_blocked, id=18280, stack(0x000000fea3800000,0x000000fea3900000) (1024K)]
  0x00000213ed9ec600 JavaThread "Cache worker for cache directory md-supplier (C:\Users\harsh\.gradle\caches\8.11.1\md-supplier)"        [_thread_blocked, id=10200, stack(0x000000fea3900000,0x000000fea3a00000) (1024K)]
  0x00000213f250c930 JavaThread "Unconstrained build operations"        [_thread_blocked, id=976, stack(0x000000fea3b00000,0x000000fea3c00000) (1024K)]
  0x00000213f250bc10 JavaThread "Unconstrained build operations Thread 2"        [_thread_blocked, id=20500, stack(0x000000fea3c00000,0x000000fea3d00000) (1024K)]
  0x00000213f250a860 JavaThread "Unconstrained build operations Thread 3"        [_thread_blocked, id=2796, stack(0x000000fea3d00000,0x000000fea3e00000) (1024K)]
  0x00000213f250c2a0 JavaThread "Unconstrained build operations Thread 4"        [_thread_blocked, id=20376, stack(0x000000fea3e00000,0x000000fea3f00000) (1024K)]
  0x00000213f250cfc0 JavaThread "Unconstrained build operations Thread 5"        [_thread_blocked, id=11380, stack(0x000000fea3f00000,0x000000fea4000000) (1024K)]
  0x00000213f250b580 JavaThread "Unconstrained build operations Thread 6"        [_thread_blocked, id=18860, stack(0x000000fea4000000,0x000000fea4100000) (1024K)]
  0x00000213f250e370 JavaThread "Unconstrained build operations Thread 7"        [_thread_blocked, id=17532, stack(0x000000fea4100000,0x000000fea4200000) (1024K)]
  0x00000213f250d650 JavaThread "Unconstrained build operations Thread 8"        [_thread_blocked, id=13696, stack(0x000000fea4200000,0x000000fea4300000) (1024K)]
  0x00000213f250dce0 JavaThread "Unconstrained build operations Thread 9"        [_thread_blocked, id=13172, stack(0x000000fea4300000,0x000000fea4400000) (1024K)]
  0x00000213f250aef0 JavaThread "Unconstrained build operations Thread 10"        [_thread_blocked, id=12544, stack(0x000000fea4400000,0x000000fea4500000) (1024K)]
  0x00000213f250fdb0 JavaThread "Unconstrained build operations Thread 11"        [_thread_blocked, id=13608, stack(0x000000fea4500000,0x000000fea4600000) (1024K)]
  0x00000213f2511160 JavaThread "Unconstrained build operations Thread 12"        [_thread_blocked, id=17772, stack(0x000000fea4600000,0x000000fea4700000) (1024K)]
  0x00000213f2510440 JavaThread "Unconstrained build operations Thread 13"        [_thread_blocked, id=14348, stack(0x000000fea4700000,0x000000fea4800000) (1024K)]
  0x00000213f2510ad0 JavaThread "Unconstrained build operations Thread 14"        [_thread_blocked, id=12640, stack(0x000000fea4800000,0x000000fea4900000) (1024K)]
  0x00000213f25117f0 JavaThread "Unconstrained build operations Thread 15"        [_thread_blocked, id=11180, stack(0x000000fea4900000,0x000000fea4a00000) (1024K)]
  0x00000213f2511e80 JavaThread "Unconstrained build operations Thread 16"        [_thread_blocked, id=23868, stack(0x000000fea4a00000,0x000000fea4b00000) (1024K)]
  0x00000213f250ea00 JavaThread "Unconstrained build operations Thread 17"        [_thread_blocked, id=20764, stack(0x000000fea4b00000,0x000000fea4c00000) (1024K)]
  0x00000213f250f090 JavaThread "Unconstrained build operations Thread 18"        [_thread_blocked, id=23064, stack(0x000000fea4c00000,0x000000fea4d00000) (1024K)]
  0x00000213f250f720 JavaThread "Unconstrained build operations Thread 19"        [_thread_blocked, id=23596, stack(0x000000fea4d00000,0x000000fea4e00000) (1024K)]
  0x00000213f1af1a50 JavaThread "Unconstrained build operations Thread 20"        [_thread_blocked, id=12804, stack(0x000000fea4e00000,0x000000fea4f00000) (1024K)]
  0x00000213f1af3490 JavaThread "Unconstrained build operations Thread 21"        [_thread_blocked, id=22868, stack(0x000000fea4f00000,0x000000fea5000000) (1024K)]
  0x00000213f1af3b20 JavaThread "Unconstrained build operations Thread 22"        [_thread_blocked, id=10880, stack(0x000000fea5000000,0x000000fea5100000) (1024K)]
  0x00000213f1af41b0 JavaThread "Unconstrained build operations Thread 23"        [_thread_blocked, id=10276, stack(0x000000fea5100000,0x000000fea5200000) (1024K)]
  0x00000213f1af0d30 JavaThread "Unconstrained build operations Thread 24"        [_thread_blocked, id=18272, stack(0x000000fea5200000,0x000000fea5300000) (1024K)]
  0x00000213f1af2e00 JavaThread "Unconstrained build operations Thread 25"        [_thread_blocked, id=24228, stack(0x000000fea5300000,0x000000fea5400000) (1024K)]
  0x00000213f1af4840 JavaThread "Unconstrained build operations Thread 26"        [_thread_blocked, id=3600, stack(0x000000fea5400000,0x000000fea5500000) (1024K)]
  0x00000213f1af13c0 JavaThread "Unconstrained build operations Thread 27"        [_thread_blocked, id=3620, stack(0x000000fea5500000,0x000000fea5600000) (1024K)]
  0x00000213f1af4ed0 JavaThread "Unconstrained build operations Thread 28"        [_thread_blocked, id=4896, stack(0x000000fea5600000,0x000000fea5700000) (1024K)]
  0x00000213f1af5560 JavaThread "Unconstrained build operations Thread 29"        [_thread_blocked, id=23760, stack(0x000000fea5700000,0x000000fea5800000) (1024K)]
  0x00000213f1af20e0 JavaThread "Unconstrained build operations Thread 30"        [_thread_blocked, id=18372, stack(0x000000fea5800000,0x000000fea5900000) (1024K)]
  0x00000213f1af5bf0 JavaThread "Unconstrained build operations Thread 31"        [_thread_blocked, id=9568, stack(0x000000fea5900000,0x000000fea5a00000) (1024K)]
  0x00000213f1af2770 JavaThread "Unconstrained build operations Thread 32"        [_thread_blocked, id=23636, stack(0x000000fea5a00000,0x000000fea5b00000) (1024K)]
  0x00000213f1af7630 JavaThread "Unconstrained build operations Thread 33"        [_thread_blocked, id=23428, stack(0x000000fea5b00000,0x000000fea5c00000) (1024K)]
  0x00000213ef056040 JavaThread "Memory manager"                    [_thread_blocked, id=16088, stack(0x000000fea3a00000,0x000000fea3b00000) (1024K)]
  0x00000213ef053f70 JavaThread "build event listener"              [_thread_blocked, id=24144, stack(0x000000fea5c00000,0x000000fea5d00000) (1024K)]
  0x00000213f1af6910 JavaThread "build event listener"              [_thread_blocked, id=21696, stack(0x000000fea5e00000,0x000000fea5f00000) (1024K)]
  0x00000213f1b04430 JavaThread "pool-3-thread-1"                   [_thread_blocked, id=11524, stack(0x000000fea5f00000,0x000000fea6000000) (1024K)]
  0x00000213f1b03da0 JavaThread "build event listener"              [_thread_blocked, id=5060, stack(0x000000fea6000000,0x000000fea6100000) (1024K)]
  0x00000213f1b00fb0 JavaThread "included builds"                   [_thread_blocked, id=192, stack(0x000000fea6100000,0x000000fea6200000) (1024K)]
  0x00000213f1b06b90 JavaThread "Execution worker"                  [_thread_blocked, id=23044, stack(0x000000fea6200000,0x000000fea6300000) (1024K)]
  0x00000213f1b05e70 JavaThread "Execution worker Thread 2"         [_thread_blocked, id=10972, stack(0x000000fea6300000,0x000000fea6400000) (1024K)]
  0x00000213f1b06500 JavaThread "Execution worker Thread 3"         [_thread_blocked, id=15444, stack(0x000000fea6400000,0x000000fea6500000) (1024K)]
  0x00000213f1b05150 JavaThread "Execution worker Thread 4"         [_thread_blocked, id=14116, stack(0x000000fea6500000,0x000000fea6600000) (1024K)]
  0x00000213f1b057e0 JavaThread "Execution worker Thread 5"         [_thread_blocked, id=3020, stack(0x000000fea6600000,0x000000fea6700000) (1024K)]
  0x00000213f0e0c7c0 JavaThread "Execution worker Thread 6"         [_thread_blocked, id=23512, stack(0x000000fea6700000,0x000000fea6800000) (1024K)]
  0x00000213f0e0b410 JavaThread "Execution worker Thread 7"         [_thread_blocked, id=7380, stack(0x000000fea6800000,0x000000fea6900000) (1024K)]
  0x00000213f0e0ad80 JavaThread "Execution worker Thread 8"         [_thread_blocked, id=24296, stack(0x000000fea6900000,0x000000fea6a00000) (1024K)]
  0x00000213f0e0d4e0 JavaThread "Execution worker Thread 9"         [_thread_blocked, id=18836, stack(0x000000fea6a00000,0x000000fea6b00000) (1024K)]
  0x00000213f0e0baa0 JavaThread "Execution worker Thread 10"        [_thread_blocked, id=14456, stack(0x000000fea6b00000,0x000000fea6c00000) (1024K)]
  0x00000213f0e0ce50 JavaThread "Execution worker Thread 11"        [_thread_blocked, id=18304, stack(0x000000fea6c00000,0x000000fea6d00000) (1024K)]
  0x00000213f0e0c130 JavaThread "Cache worker for execution history cache (C:\Users\harsh\AndroidStudioProjects\VidPlay\.gradle\8.11.1\executionHistory)"        [_thread_blocked, id=17876, stack(0x000000fea6d00000,0x000000fea6e00000) (1024K)]
  0x00000213f0e0a6f0 JavaThread "Unconstrained build operations Thread 34"        [_thread_blocked, id=12812, stack(0x000000fea6e00000,0x000000fea6f00000) (1024K)]
  0x00000213f0e0a060 JavaThread "Unconstrained build operations Thread 35"        [_thread_blocked, id=24360, stack(0x000000fea6f00000,0x000000fea7000000) (1024K)]
  0x00000213f0e0fc40 JavaThread "Unconstrained build operations Thread 36"        [_thread_blocked, id=22256, stack(0x000000fea7000000,0x000000fea7100000) (1024K)]
  0x00000213f0e0e890 JavaThread "Unconstrained build operations Thread 37"        [_thread_blocked, id=3368, stack(0x000000fea7100000,0x000000fea7200000) (1024K)]
  0x00000213f0e10ff0 JavaThread "Unconstrained build operations Thread 38"        [_thread_blocked, id=20252, stack(0x000000fea7200000,0x000000fea7300000) (1024K)]
  0x00000213f0e102d0 JavaThread "Unconstrained build operations Thread 39"        [_thread_blocked, id=23296, stack(0x000000fea7300000,0x000000fea7400000) (1024K)]
  0x00000213f0e0ef20 JavaThread "Unconstrained build operations Thread 40"        [_thread_blocked, id=10520, stack(0x000000fea7400000,0x000000fea7500000) (1024K)]
  0x00000213f0e0db70 JavaThread "Unconstrained build operations Thread 41"        [_thread_blocked, id=11856, stack(0x000000fea7500000,0x000000fea7600000) (1024K)]
  0x00000213f0e11680 JavaThread "Unconstrained build operations Thread 42"        [_thread_blocked, id=14432, stack(0x000000fea7600000,0x000000fea7700000) (1024K)]
  0x00000213f0e0f5b0 JavaThread "Unconstrained build operations Thread 43"        [_thread_blocked, id=24204, stack(0x000000fea7700000,0x000000fea7800000) (1024K)]
  0x00000213f0e10960 JavaThread "Unconstrained build operations Thread 44"        [_thread_blocked, id=20020, stack(0x000000fea7800000,0x000000fea7900000) (1024K)]
  0x00000213f045f890 JavaThread "Unconstrained build operations Thread 45"        [_thread_blocked, id=20132, stack(0x000000fea7900000,0x000000fea7a00000) (1024K)]
  0x00000213f045d7c0 JavaThread "Unconstrained build operations Thread 46"        [_thread_blocked, id=11820, stack(0x000000fea7a00000,0x000000fea7b00000) (1024K)]
  0x00000213f04612d0 JavaThread "Unconstrained build operations Thread 47"        [_thread_blocked, id=18380, stack(0x000000fea7b00000,0x000000fea7c00000) (1024K)]
  0x00000213f0461960 JavaThread "Unconstrained build operations Thread 48"        [_thread_blocked, id=23652, stack(0x000000fea7c00000,0x000000fea7d00000) (1024K)]
  0x00000213f0461ff0 JavaThread "Unconstrained build operations Thread 49"        [_thread_blocked, id=7804, stack(0x000000fea7d00000,0x000000fea7e00000) (1024K)]
  0x00000213f0462680 JavaThread "Unconstrained build operations Thread 50"        [_thread_blocked, id=9356, stack(0x000000fea7e00000,0x000000fea7f00000) (1024K)]
  0x00000213ee5e8cc0 JavaThread "Unconstrained build operations Thread 51"        [_thread_blocked, id=18852, stack(0x000000fea7f00000,0x000000fea8000000) (1024K)]
  0x00000213ee5e7fa0 JavaThread "Unconstrained build operations Thread 52"        [_thread_blocked, id=12460, stack(0x000000fea8000000,0x000000fea8100000) (1024K)]
  0x00000213ee5ea070 JavaThread "Unconstrained build operations Thread 53"        [_thread_blocked, id=21548, stack(0x000000fea8100000,0x000000fea8200000) (1024K)]
  0x00000213ee5e7910 JavaThread "Unconstrained build operations Thread 54"        [_thread_blocked, id=8876, stack(0x000000fea8200000,0x000000fea8300000) (1024K)]
  0x00000213ee5ead90 JavaThread "Unconstrained build operations Thread 55"        [_thread_blocked, id=1100, stack(0x000000fea8300000,0x000000fea8400000) (1024K)]
  0x00000213ee5e8630 JavaThread "Unconstrained build operations Thread 56"        [_thread_blocked, id=10228, stack(0x000000fea8400000,0x000000fea8500000) (1024K)]
  0x00000213ee5eb420 JavaThread "Unconstrained build operations Thread 57"        [_thread_blocked, id=13708, stack(0x000000fea8500000,0x000000fea8600000) (1024K)]
  0x00000213ee5ec7d0 JavaThread "Unconstrained build operations Thread 58"        [_thread_blocked, id=21544, stack(0x000000fea8600000,0x000000fea8700000) (1024K)]
  0x00000213ee5ec140 JavaThread "Unconstrained build operations Thread 59"        [_thread_blocked, id=21008, stack(0x000000fea8700000,0x000000fea8800000) (1024K)]
  0x00000213ee5ea700 JavaThread "Unconstrained build operations Thread 60"        [_thread_blocked, id=14112, stack(0x000000fea8800000,0x000000fea8900000) (1024K)]
  0x00000213ee5ebab0 JavaThread "Unconstrained build operations Thread 61"        [_thread_blocked, id=13216, stack(0x000000fea8900000,0x000000fea8a00000) (1024K)]
  0x00000213ee5e9350 JavaThread "Unconstrained build operations Thread 62"        [_thread_blocked, id=2844, stack(0x000000fea8a00000,0x000000fea8b00000) (1024K)]
  0x00000213ee5ee210 JavaThread "Unconstrained build operations Thread 63"        [_thread_blocked, id=11424, stack(0x000000fea8b00000,0x000000fea8c00000) (1024K)]
  0x00000213ee5ece60 JavaThread "Unconstrained build operations Thread 64"        [_thread_blocked, id=17984, stack(0x000000fea8c00000,0x000000fea8d00000) (1024K)]
  0x00000213ee5ed4f0 JavaThread "Unconstrained build operations Thread 65"        [_thread_blocked, id=17244, stack(0x000000fea8d00000,0x000000fea8e00000) (1024K)]
  0x00000213ee5ee8a0 JavaThread "Unconstrained build operations Thread 66"        [_thread_blocked, id=19160, stack(0x000000fea8e00000,0x000000fea8f00000) (1024K)]
  0x00000213ee5eef30 JavaThread "Unconstrained build operations Thread 67"        [_thread_blocked, id=22480, stack(0x000000fea8f00000,0x000000fea9000000) (1024K)]
  0x00000213ee5edb80 JavaThread "Unconstrained build operations Thread 68"        [_thread_blocked, id=10640, stack(0x000000fea9000000,0x000000fea9100000) (1024K)]
  0x00000213f045caa0 JavaThread "Unconstrained build operations Thread 69"        [_thread_blocked, id=22660, stack(0x000000fea9100000,0x000000fea9200000) (1024K)]
  0x00000213f045e4e0 JavaThread "Unconstrained build operations Thread 70"        [_thread_blocked, id=20952, stack(0x000000fea9200000,0x000000fea9300000) (1024K)]
  0x00000213f045b060 JavaThread "Unconstrained build operations Thread 71"        [_thread_blocked, id=17292, stack(0x000000fea9300000,0x000000fea9400000) (1024K)]
  0x00000213f045eb70 JavaThread "Unconstrained build operations Thread 72"        [_thread_blocked, id=14260, stack(0x000000fea9400000,0x000000fea9500000) (1024K)]
  0x00000213f045b6f0 JavaThread "Unconstrained build operations Thread 73"        [_thread_blocked, id=5392, stack(0x000000fea9500000,0x000000fea9600000) (1024K)]
  0x00000213f045bd80 JavaThread "Unconstrained build operations Thread 74"        [_thread_blocked, id=23568, stack(0x000000fea9600000,0x000000fea9700000) (1024K)]
  0x00000213f045f200 JavaThread "Unconstrained build operations Thread 75"        [_thread_blocked, id=18712, stack(0x000000fea9700000,0x000000fea9800000) (1024K)]
  0x00000213f045c410 JavaThread "Unconstrained build operations Thread 76"        [_thread_blocked, id=13052, stack(0x000000fea9800000,0x000000fea9900000) (1024K)]
  0x00000213f045ff20 JavaThread "Unconstrained build operations Thread 77"        [_thread_blocked, id=23084, stack(0x000000fea9900000,0x000000fea9a00000) (1024K)]
  0x00000213f04605b0 JavaThread "Unconstrained build operations Thread 78"        [_thread_blocked, id=13008, stack(0x000000fea9a00000,0x000000fea9b00000) (1024K)]
  0x00000213f045d130 JavaThread "Unconstrained build operations Thread 79"        [_thread_blocked, id=23732, stack(0x000000fea9b00000,0x000000fea9c00000) (1024K)]
  0x00000213ef0566d0 JavaThread "Unconstrained build operations Thread 80"        [_thread_blocked, id=17952, stack(0x000000fea9c00000,0x000000fea9d00000) (1024K)]
  0x00000213f911dc00 JavaThread "Unconstrained build operations Thread 81"        [_thread_blocked, id=23516, stack(0x000000fea9d00000,0x000000fea9e00000) (1024K)]
  0x00000213f911d570 JavaThread "Unconstrained build operations Thread 82"        [_thread_blocked, id=23280, stack(0x000000fea9e00000,0x000000fea9f00000) (1024K)]
  0x00000213f911fcd0 JavaThread "Unconstrained build operations Thread 83"        [_thread_blocked, id=6364, stack(0x000000fea9f00000,0x000000feaa000000) (1024K)]
  0x00000213f911f640 JavaThread "Unconstrained build operations Thread 84"        [_thread_blocked, id=1236, stack(0x000000feaa000000,0x000000feaa100000) (1024K)]
  0x00000213f911e920 JavaThread "Unconstrained build operations Thread 85"        [_thread_blocked, id=20116, stack(0x000000feaa100000,0x000000feaa200000) (1024K)]
  0x00000213f911e290 JavaThread "Unconstrained build operations Thread 86"        [_thread_blocked, id=23520, stack(0x000000feaa200000,0x000000feaa300000) (1024K)]
  0x00000213f9120360 JavaThread "Unconstrained build operations Thread 87"        [_thread_blocked, id=2084, stack(0x000000feaa300000,0x000000feaa400000) (1024K)]
  0x00000213f911cee0 JavaThread "Unconstrained build operations Thread 88"        [_thread_blocked, id=14688, stack(0x000000feaa400000,0x000000feaa500000) (1024K)]
  0x00000213f9121da0 JavaThread "Unconstrained build operations Thread 89"        [_thread_blocked, id=17320, stack(0x000000feaa500000,0x000000feaa600000) (1024K)]
  0x00000213f9122430 JavaThread "Unconstrained build operations Thread 90"        [_thread_blocked, id=20552, stack(0x000000feaa600000,0x000000feaa700000) (1024K)]
  0x00000213f911efb0 JavaThread "Unconstrained build operations Thread 91"        [_thread_blocked, id=24320, stack(0x000000feaa700000,0x000000feaa800000) (1024K)]
  0x00000213f91209f0 JavaThread "Unconstrained build operations Thread 92"        [_thread_blocked, id=1500, stack(0x000000feaa800000,0x000000feaa900000) (1024K)]
  0x00000213f9121080 JavaThread "Unconstrained build operations Thread 93"        [_thread_blocked, id=20800, stack(0x000000feaa900000,0x000000feaaa00000) (1024K)]
  0x00000213f9124500 JavaThread "Unconstrained build operations Thread 94"        [_thread_blocked, id=21072, stack(0x000000feaaa00000,0x000000feaab00000) (1024K)]
  0x00000213f9123e70 JavaThread "Unconstrained build operations Thread 95"        [_thread_blocked, id=23824, stack(0x000000feaab00000,0x000000feaac00000) (1024K)]
  0x00000213f9123150 JavaThread "Unconstrained build operations Thread 96"        [_thread_blocked, id=10568, stack(0x000000feaac00000,0x000000feaad00000) (1024K)]
  0x00000213f91237e0 JavaThread "Unconstrained build operations Thread 97"        [_thread_blocked, id=6732, stack(0x000000feaad00000,0x000000feaae00000) (1024K)]
  0x00000213f9122ac0 JavaThread "Unconstrained build operations Thread 98"        [_thread_blocked, id=23992, stack(0x000000feaae00000,0x000000feaaf00000) (1024K)]
  0x00000213f9121710 JavaThread "Unconstrained build operations Thread 99"        [_thread_blocked, id=2532, stack(0x000000feaaf00000,0x000000feab000000) (1024K)]
  0x00000213f3eb13a0 JavaThread "Unconstrained build operations Thread 100"        [_thread_blocked, id=21496, stack(0x000000feab000000,0x000000feab100000) (1024K)]
  0x00000213f3eb0680 JavaThread "Unconstrained build operations Thread 101"        [_thread_blocked, id=10364, stack(0x000000feab100000,0x000000feab200000) (1024K)]
  0x00000213f3eadf20 JavaThread "Unconstrained build operations Thread 102"        [_thread_blocked, id=7360, stack(0x000000feab200000,0x000000feab300000) (1024K)]
  0x00000213f3eae5b0 JavaThread "Unconstrained build operations Thread 103"        [_thread_blocked, id=19424, stack(0x000000feab300000,0x000000feab400000) (1024K)]
  0x00000213f3eb20c0 JavaThread "Unconstrained build operations Thread 104"        [_thread_blocked, id=18812, stack(0x000000fea5d00000,0x000000fea5e00000) (1024K)]
  0x00000213f3eaf2d0 JavaThread "Unconstrained build operations Thread 105"        [_thread_blocked, id=23696, stack(0x000000feab400000,0x000000feab500000) (1024K)]
  0x00000213f3eaec40 JavaThread "Unconstrained build operations Thread 106"        [_thread_blocked, id=8136, stack(0x000000feab500000,0x000000feab600000) (1024K)]
  0x00000213f3eb1a30 JavaThread "Unconstrained build operations Thread 107"        [_thread_blocked, id=13752, stack(0x000000feab600000,0x000000feab700000) (1024K)]
  0x00000213f3eb2750 JavaThread "Unconstrained build operations Thread 108"        [_thread_blocked, id=12244, stack(0x000000feab700000,0x000000feab800000) (1024K)]
  0x00000213f3eafff0 JavaThread "Unconstrained build operations Thread 109"        [_thread_blocked, id=4888, stack(0x000000feab800000,0x000000feab900000) (1024K)]
  0x00000213f3eb2de0 JavaThread "Unconstrained build operations Thread 110"        [_thread_blocked, id=20828, stack(0x000000feab900000,0x000000feaba00000) (1024K)]
  0x00000213f3eaf960 JavaThread "Unconstrained build operations Thread 111"        [_thread_blocked, id=10452, stack(0x000000feaba00000,0x000000feabb00000) (1024K)]
  0x00000213f3eb3b00 JavaThread "Unconstrained build operations Thread 112"        [_thread_blocked, id=20044, stack(0x000000feabb00000,0x000000feabc00000) (1024K)]
  0x00000213f3eb5bd0 JavaThread "Unconstrained build operations Thread 113"        [_thread_blocked, id=16676, stack(0x000000feabc00000,0x000000feabd00000) (1024K)]
  0x00000213f3eb4820 JavaThread "Unconstrained build operations Thread 114"        [_thread_blocked, id=21172, stack(0x000000feabd00000,0x000000feabe00000) (1024K)]
  0x00000213f3eb6260 JavaThread "Unconstrained build operations Thread 115"        [_thread_blocked, id=2712, stack(0x000000feabf00000,0x000000feac000000) (1024K)]
  0x00000213f3eb68f0 JavaThread "Unconstrained build operations Thread 116"        [_thread_blocked, id=24244, stack(0x000000feac000000,0x000000feac100000) (1024K)]
  0x00000213f3eb3470 JavaThread "Unconstrained build operations Thread 117"        [_thread_blocked, id=10552, stack(0x000000feac100000,0x000000feac200000) (1024K)]
  0x00000213f3eb6f80 JavaThread "Unconstrained build operations Thread 118"        [_thread_blocked, id=19228, stack(0x000000feac200000,0x000000feac300000) (1024K)]
  0x00000213f3eb7610 JavaThread "Unconstrained build operations Thread 119"        [_thread_blocked, id=1368, stack(0x000000feac300000,0x000000feac400000) (1024K)]
  0x00000213f3eb4190 JavaThread "Unconstrained build operations Thread 120"        [_thread_blocked, id=10212, stack(0x000000feac400000,0x000000feac500000) (1024K)]
  0x00000213f3fb91b0 JavaThread "C2 CompilerThread1"         daemon [_thread_blocked, id=10100, stack(0x000000fea1a00000,0x000000fea1b00000) (1024K)]
  0x00000213f9baac40 JavaThread "WorkerExecutor Queue"              [_thread_in_native, id=18032, stack(0x000000feabe00000,0x000000feabf00000) (1024K)]
  0x00000213f9baa5b0 JavaThread "RMI Scheduler(0)"           daemon [_thread_blocked, id=20740, stack(0x000000feac500000,0x000000feac600000) (1024K)]
  0x00000213f9bab2d0 JavaThread "WorkerExecutor Queue Thread 2"        [_thread_blocked, id=14740, stack(0x000000feac900000,0x000000feaca00000) (1024K)]
  0x00000213f9ba9890 JavaThread "WorkerExecutor Queue Thread 3"        [_thread_blocked, id=14392, stack(0x000000feaca00000,0x000000feacb00000) (1024K)]
  0x00000213f9bb77b0 JavaThread "RMI GC Daemon"              daemon [_thread_blocked, id=22272, stack(0x000000feac700000,0x000000feac800000) (1024K)]
  0x00000213f9bb84d0 JavaThread "RMI RenewClean-[127.0.0.1:17259,org.jetbrains.kotlin.daemon.common.LoopbackNetworkInterface$ClientLoopbackSocketFactory@d41672f]" daemon [_thread_blocked, id=4856, stack(0x000000feac800000,0x000000feac900000) (1024K)]
  0x00000213f3eb7ca0 JavaThread "RMI TCP Accept-0"           daemon [_thread_in_native, id=23644, stack(0x000000feacb00000,0x000000feacc00000) (1024K)]
  0x00000213f3eb8330 JavaThread "RMI Reaper"                        [_thread_blocked, id=24476, stack(0x000000feacc00000,0x000000feacd00000) (1024K)]
  0x00000213f3eb5540 JavaThread "RMI TCP Connection(idle)"   daemon [_thread_blocked, id=10988, stack(0x000000feacd00000,0x000000feace00000) (1024K)]
  0x00000213f3ebaa90 JavaThread "WorkerExecutor Queue Thread 4"        [_thread_blocked, id=24412, stack(0x000000feace00000,0x000000feacf00000) (1024K)]
  0x00000213f3fba620 JavaThread "C2 CompilerThread2"         daemon [_thread_blocked, id=8092, stack(0x000000feacf00000,0x000000fead000000) (1024K)]
  0x00000213f09ddb70 JavaThread "ForkJoinPool-1-worker-1"    daemon [_thread_blocked, id=11664, stack(0x000000fea0400000,0x000000fea0500000) (1024K)]
  0x00000213f09de890 JavaThread "ForkJoinPool-1-worker-2"    daemon [_thread_blocked, id=17640, stack(0x000000feac600000,0x000000feac700000) (1024K)]
  0x00000213f09def20 JavaThread "ForkJoinPool-1-worker-3"    daemon [_thread_blocked, id=23052, stack(0x000000fead000000,0x000000fead100000) (1024K)]
  0x00000213f09de200 JavaThread "ForkJoinPool-1-worker-4"    daemon [_thread_blocked, id=18324, stack(0x000000fead100000,0x000000fead200000) (1024K)]
  0x00000213f09df5b0 JavaThread "ForkJoinPool-1-worker-5"    daemon [_thread_blocked, id=13664, stack(0x000000fead200000,0x000000fead300000) (1024K)]
  0x00000213f09dc7c0 JavaThread "ForkJoinPool-1-worker-6"    daemon [_thread_blocked, id=3168, stack(0x000000fead300000,0x000000fead400000) (1024K)]
  0x00000213f09e02d0 JavaThread "ForkJoinPool-1-worker-7"    daemon [_thread_blocked, id=21092, stack(0x000000fead400000,0x000000fead500000) (1024K)]
  0x00000213f09dd4e0 JavaThread "ForkJoinPool-1-worker-8"    daemon [_thread_blocked, id=20896, stack(0x000000fead500000,0x000000fead600000) (1024K)]
  0x00000213f09dce50 JavaThread "ForkJoinPool-1-worker-9"    daemon [_thread_blocked, id=376, stack(0x000000fead600000,0x000000fead700000) (1024K)]
  0x00000213f09e3de0 JavaThread "ForkJoinPool-1-worker-10"   daemon [_thread_blocked, id=4024, stack(0x000000fead700000,0x000000fead800000) (1024K)]
  0x00000213f09e0ff0 JavaThread "ForkJoinPool-1-worker-11"   daemon [_thread_blocked, id=14552, stack(0x000000fead800000,0x000000fead900000) (1024K)]
  0x00000213f09e1d10 JavaThread "ForkJoinPool-1-worker-12"   daemon [_thread_blocked, id=7420, stack(0x000000fead900000,0x000000feada00000) (1024K)]
Total: 194

Other Threads:
=>0x00000213e6b54ea0 VMThread "VM Thread"                           [id=18336, stack(0x000000fea0e00000,0x000000fea0f00000) (1024K)]
  0x00000213e6b31900 WatcherThread "VM Periodic Task Thread"        [id=24432, stack(0x000000fea0d00000,0x000000fea0e00000) (1024K)]
  0x00000213c80773e0 WorkerThread "GC Thread#0"                     [id=21048, stack(0x000000fea0800000,0x000000fea0900000) (1024K)]
  0x00000213ec2652f0 WorkerThread "GC Thread#1"                     [id=13668, stack(0x000000fea1b00000,0x000000fea1c00000) (1024K)]
  0x00000213ec103090 WorkerThread "GC Thread#2"                     [id=22584, stack(0x000000fea1c00000,0x000000fea1d00000) (1024K)]
  0x00000213ec103430 WorkerThread "GC Thread#3"                     [id=15592, stack(0x000000fea1d00000,0x000000fea1e00000) (1024K)]
  0x00000213e7a34c30 WorkerThread "GC Thread#4"                     [id=1996, stack(0x000000fea1900000,0x000000fea1a00000) (1024K)]
  0x00000213ed8ee9b0 WorkerThread "GC Thread#5"                     [id=23628, stack(0x000000fea1f00000,0x000000fea2000000) (1024K)]
  0x00000213ed707d30 WorkerThread "GC Thread#6"                     [id=8172, stack(0x000000fea2000000,0x000000fea2100000) (1024K)]
  0x00000213ed806940 WorkerThread "GC Thread#7"                     [id=12764, stack(0x000000fea2100000,0x000000fea2200000) (1024K)]
  0x00000213ed885f40 WorkerThread "GC Thread#8"                     [id=1108, stack(0x000000fea2200000,0x000000fea2300000) (1024K)]
  0x00000213ed8850c0 WorkerThread "GC Thread#9"                     [id=12152, stack(0x000000fea3000000,0x000000fea3100000) (1024K)]
  0x00000213c80c6d30 ConcurrentGCThread "G1 Main Marker"            [id=21176, stack(0x000000fea0900000,0x000000fea0a00000) (1024K)]
  0x00000213c80c8c90 WorkerThread "G1 Conc#0"                       [id=20196, stack(0x000000fea0a00000,0x000000fea0b00000) (1024K)]
  0x00000213ed885ba0 WorkerThread "G1 Conc#1"                       [id=7176, stack(0x000000fea3200000,0x000000fea3300000) (1024K)]
  0x00000213f0af6e20 WorkerThread "G1 Conc#2"                       [id=17672, stack(0x000000fea3300000,0x000000fea3400000) (1024K)]
  0x00000213e6a037a0 ConcurrentGCThread "G1 Refine#0"               [id=4524, stack(0x000000fea0b00000,0x000000fea0c00000) (1024K)]
  0x00000213e6a03fd0 ConcurrentGCThread "G1 Service"                [id=13572, stack(0x000000fea0c00000,0x000000fea0d00000) (1024K)]
Total: 18

Threads with active compile tasks:
C2 CompilerThread0    54242 27091 %     4       com.android.tools.r8.internal.oS::b @ 910 (1971 bytes)
C2 CompilerThread1    54242 27363 %     4       com.android.tools.r8.internal.Ln::b @ 572 (3725 bytes)
C2 CompilerThread2    54242 27095       4       com.android.tools.r8.internal.K9::a (1721 bytes)
Total: 3

VM state: at safepoint (normal execution)

VM Mutex/Monitor currently owned by a thread:  ([mutex/lock_event])
[0x00007ffd51adcd68] Threads_lock - owner thread: 0x00000213e6b54ea0
[0x00007ffd51adce68] Heap_lock - owner thread: 0x00000213c80c6d30

Heap address: 0x0000000700000000, size: 4096 MB, Compressed Oops mode: Zero based, Oop shift amount: 3

CDS archive(s) mapped at: [0x0000021380000000-0x0000021380c90000-0x0000021380c90000), size 13172736, SharedBaseAddress: 0x0000021380000000, ArchiveRelocationMode: 1.
Compressed class space mapped at: 0x0000021381000000-0x00000213c1000000, reserved size: 1073741824
Narrow klass base: 0x0000021380000000, Narrow klass shift: 0, Narrow klass range: 0x100000000

GC Precious Log:
 CardTable entry size: 512
 Card Set container configuration: InlinePtr #cards 4 size 8 Array Of Cards #cards 16 size 48 Howl #buckets 8 coarsen threshold 3686 Howl Bitmap #cards 512 size 80 coarsen threshold 460 Card regions per heap region 1 cards per card region 4096
 CPUs: 12 total, 12 available
 Memory: 7581M
 Large Page Support: Disabled
 NUMA Support: Disabled
 Compressed Oops: Enabled (Zero based)
 Heap Region Size: 2M
 Heap Min Capacity: 8M
 Heap Initial Capacity: 120M
 Heap Max Capacity: 4G
 Pre-touch: Disabled
 Parallel Workers: 10
 Concurrent Workers: 3
 Concurrent Refinement Workers: 10
 Periodic GC: Disabled

Heap:
 garbage-first heap   total 2086912K, used 1682318K [0x0000000700000000, 0x0000000800000000)
  region size 2048K, 354 young (724992K), 47 survivors (96256K)
 Metaspace       used 143979K, committed 146432K, reserved 1179648K
  class space    used 20244K, committed 21504K, reserved 1048576K

Heap Regions: E=young(eden), S=young(survivor), O=old, HS=humongous(starts), HC=humongous(continues), CS=collection set, F=free, TAMS=top-at-mark-start, PB=parsable bottom
|   0|0x0000000700000000, 0x0000000700200000, 0x0000000700200000|100%|HS|  |TAMS 0x0000000700200000| PB 0x0000000700000000| Complete 
|   1|0x0000000700200000, 0x0000000700400000, 0x0000000700400000|100%|HC|  |TAMS 0x0000000700400000| PB 0x0000000700200000| Complete 
|   2|0x0000000700400000, 0x0000000700600000, 0x0000000700600000|100%| O|  |TAMS 0x0000000700600000| PB 0x0000000700600000| Untracked 
|   3|0x0000000700600000, 0x0000000700800000, 0x0000000700800000|100%| O|  |TAMS 0x0000000700800000| PB 0x0000000700800000| Untracked 
|   4|0x0000000700800000, 0x0000000700a00000, 0x0000000700a00000|100%| O|  |TAMS 0x0000000700a00000| PB 0x0000000700a00000| Untracked 
|   5|0x0000000700a00000, 0x0000000700c00000, 0x0000000700c00000|100%| O|  |TAMS 0x0000000700c00000| PB 0x0000000700c00000| Untracked 
|   6|0x0000000700c00000, 0x0000000700e00000, 0x0000000700e00000|100%| O|  |TAMS 0x0000000700e00000| PB 0x0000000700e00000| Untracked 
|   7|0x0000000700e00000, 0x0000000701000000, 0x0000000701000000|100%| O|  |TAMS 0x0000000701000000| PB 0x0000000701000000| Untracked 
|   8|0x0000000701000000, 0x0000000701200000, 0x0000000701200000|100%| O|  |TAMS 0x0000000701200000| PB 0x0000000701200000| Untracked 
|   9|0x0000000701200000, 0x0000000701400000, 0x0000000701400000|100%| O|  |TAMS 0x0000000701400000| PB 0x0000000701400000| Untracked 
|  10|0x0000000701400000, 0x0000000701600000, 0x0000000701600000|100%| O|  |TAMS 0x0000000701600000| PB 0x0000000701600000| Untracked 
|  11|0x0000000701600000, 0x0000000701800000, 0x0000000701800000|100%| O|  |TAMS 0x0000000701800000| PB 0x0000000701800000| Untracked 
|  12|0x0000000701800000, 0x0000000701a00000, 0x0000000701a00000|100%| O|  |TAMS 0x0000000701a00000| PB 0x0000000701a00000| Untracked 
|  13|0x0000000701a00000, 0x0000000701c00000, 0x0000000701c00000|100%| O|  |TAMS 0x0000000701c00000| PB 0x0000000701c00000| Untracked 
|  14|0x0000000701c00000, 0x0000000701e00000, 0x0000000701e00000|100%| O|  |TAMS 0x0000000701e00000| PB 0x0000000701e00000| Updating 
|  15|0x0000000701e00000, 0x0000000702000000, 0x0000000702000000|100%| O|  |TAMS 0x0000000702000000| PB 0x0000000702000000| Untracked 
|  16|0x0000000702000000, 0x0000000702200000, 0x0000000702200000|100%| O|  |TAMS 0x0000000702200000| PB 0x0000000702200000| Untracked 
|  17|0x0000000702200000, 0x0000000702400000, 0x0000000702400000|100%| O|  |TAMS 0x0000000702400000| PB 0x0000000702400000| Untracked 
|  18|0x0000000702400000, 0x0000000702600000, 0x0000000702600000|100%| O|  |TAMS 0x0000000702600000| PB 0x0000000702600000| Updating 
|  19|0x0000000702600000, 0x0000000702800000, 0x0000000702800000|100%| O|  |TAMS 0x0000000702800000| PB 0x0000000702800000| Untracked 
|  20|0x0000000702800000, 0x0000000702a00000, 0x0000000702a00000|100%| O|  |TAMS 0x0000000702a00000| PB 0x0000000702a00000| Updating 
|  21|0x0000000702a00000, 0x0000000702c00000, 0x0000000702c00000|100%|HS|  |TAMS 0x0000000702c00000| PB 0x0000000702a00000| Complete 
|  22|0x0000000702c00000, 0x0000000702e00000, 0x0000000702e00000|100%|HS|  |TAMS 0x0000000702e00000| PB 0x0000000702c00000| Complete 
|  23|0x0000000702e00000, 0x0000000703000000, 0x0000000703000000|100%| O|  |TAMS 0x0000000703000000| PB 0x0000000703000000| Untracked 
|  24|0x0000000703000000, 0x0000000703200000, 0x0000000703200000|100%| O|  |TAMS 0x0000000703200000| PB 0x0000000703200000| Updating 
|  25|0x0000000703200000, 0x0000000703400000, 0x0000000703400000|100%|HS|  |TAMS 0x0000000703400000| PB 0x0000000703200000| Complete 
|  26|0x0000000703400000, 0x0000000703600000, 0x0000000703600000|100%| O|  |TAMS 0x0000000703600000| PB 0x0000000703600000| Updating 
|  27|0x0000000703600000, 0x0000000703800000, 0x0000000703800000|100%| O|  |TAMS 0x0000000703800000| PB 0x0000000703800000| Updating 
|  28|0x0000000703800000, 0x0000000703a00000, 0x0000000703a00000|100%| O|  |TAMS 0x0000000703a00000| PB 0x0000000703a00000| Untracked 
|  29|0x0000000703a00000, 0x0000000703c00000, 0x0000000703c00000|100%| O|  |TAMS 0x0000000703c00000| PB 0x0000000703c00000| Untracked 
|  30|0x0000000703c00000, 0x0000000703e00000, 0x0000000703e00000|100%| O|  |TAMS 0x0000000703e00000| PB 0x0000000703e00000| Untracked 
|  31|0x0000000703e00000, 0x0000000704000000, 0x0000000704000000|100%| O|  |TAMS 0x0000000704000000| PB 0x0000000704000000| Untracked 
|  32|0x0000000704000000, 0x0000000704200000, 0x0000000704200000|100%| O|  |TAMS 0x0000000704200000| PB 0x0000000704200000| Updating 
|  33|0x0000000704200000, 0x0000000704400000, 0x0000000704400000|100%| O|  |TAMS 0x0000000704400000| PB 0x0000000704400000| Untracked 
|  34|0x0000000704400000, 0x0000000704600000, 0x0000000704600000|100%| O|  |TAMS 0x0000000704600000| PB 0x0000000704600000| Untracked 
|  35|0x0000000704600000, 0x0000000704800000, 0x0000000704800000|100%| O|  |TAMS 0x0000000704800000| PB 0x0000000704800000| Updating 
|  36|0x0000000704800000, 0x0000000704a00000, 0x0000000704a00000|100%| O|  |TAMS 0x0000000704a00000| PB 0x0000000704a00000| Untracked 
|  37|0x0000000704a00000, 0x0000000704c00000, 0x0000000704c00000|100%| O|  |TAMS 0x0000000704c00000| PB 0x0000000704c00000| Updating 
|  38|0x0000000704c00000, 0x0000000704e00000, 0x0000000704e00000|100%| O|  |TAMS 0x0000000704e00000| PB 0x0000000704e00000| Untracked 
|  39|0x0000000704e00000, 0x0000000705000000, 0x0000000705000000|100%| O|  |TAMS 0x0000000705000000| PB 0x0000000705000000| Updating 
|  40|0x0000000705000000, 0x0000000705200000, 0x0000000705200000|100%| O|  |TAMS 0x0000000705200000| PB 0x0000000705200000| Updating 
|  41|0x0000000705200000, 0x0000000705400000, 0x0000000705400000|100%| O|  |TAMS 0x0000000705400000| PB 0x0000000705400000| Untracked 
|  42|0x0000000705400000, 0x0000000705600000, 0x0000000705600000|100%| O|  |TAMS 0x0000000705600000| PB 0x0000000705600000| Untracked 
|  43|0x0000000705600000, 0x0000000705800000, 0x0000000705800000|100%| O|  |TAMS 0x0000000705800000| PB 0x0000000705800000| Updating 
|  44|0x0000000705800000, 0x0000000705a00000, 0x0000000705a00000|100%| O|  |TAMS 0x0000000705a00000| PB 0x0000000705a00000| Untracked 
|  45|0x0000000705a00000, 0x0000000705c00000, 0x0000000705c00000|100%| O|  |TAMS 0x0000000705c00000| PB 0x0000000705c00000| Untracked 
|  46|0x0000000705c00000, 0x0000000705e00000, 0x0000000705e00000|100%| O|  |TAMS 0x0000000705e00000| PB 0x0000000705e00000| Updating 
|  47|0x0000000705e00000, 0x0000000706000000, 0x0000000706000000|100%| O|  |TAMS 0x0000000706000000| PB 0x0000000706000000| Updating 
|  48|0x0000000706000000, 0x0000000706200000, 0x0000000706200000|100%| O|  |TAMS 0x0000000706200000| PB 0x0000000706200000| Updating 
|  49|0x0000000706200000, 0x0000000706400000, 0x0000000706400000|100%| O|  |TAMS 0x0000000706400000| PB 0x0000000706400000| Updating 
|  50|0x0000000706400000, 0x0000000706600000, 0x0000000706600000|100%| O|  |TAMS 0x0000000706600000| PB 0x0000000706600000| Updating 
|  51|0x0000000706600000, 0x0000000706800000, 0x0000000706800000|100%| O|  |TAMS 0x0000000706800000| PB 0x0000000706800000| Updating 
|  52|0x0000000706800000, 0x0000000706a00000, 0x0000000706a00000|100%| O|  |TAMS 0x0000000706a00000| PB 0x0000000706a00000| Untracked 
|  53|0x0000000706a00000, 0x0000000706c00000, 0x0000000706c00000|100%| O|  |TAMS 0x0000000706c00000| PB 0x0000000706c00000| Untracked 
|  54|0x0000000706c00000, 0x0000000706e00000, 0x0000000706e00000|100%| O|  |TAMS 0x0000000706e00000| PB 0x0000000706e00000| Untracked 
|  55|0x0000000706e00000, 0x0000000707000000, 0x0000000707000000|100%| O|  |TAMS 0x0000000707000000| PB 0x0000000707000000| Updating 
|  56|0x0000000707000000, 0x0000000707200000, 0x0000000707200000|100%| O|  |TAMS 0x0000000707200000| PB 0x0000000707200000| Updating 
|  57|0x0000000707200000, 0x0000000707400000, 0x0000000707400000|100%|HS|  |TAMS 0x0000000707400000| PB 0x0000000707200000| Complete 
|  58|0x0000000707400000, 0x0000000707600000, 0x0000000707600000|100%|HC|  |TAMS 0x0000000707600000| PB 0x0000000707400000| Complete 
|  59|0x0000000707600000, 0x0000000707800000, 0x0000000707800000|100%|HC|  |TAMS 0x0000000707800000| PB 0x0000000707600000| Complete 
|  60|0x0000000707800000, 0x0000000707a00000, 0x0000000707a00000|100%|HS|  |TAMS 0x0000000707a00000| PB 0x0000000707800000| Complete 
|  61|0x0000000707a00000, 0x0000000707c00000, 0x0000000707c00000|100%|HC|  |TAMS 0x0000000707c00000| PB 0x0000000707a00000| Complete 
|  62|0x0000000707c00000, 0x0000000707e00000, 0x0000000707e00000|100%|HC|  |TAMS 0x0000000707e00000| PB 0x0000000707c00000| Complete 
|  63|0x0000000707e00000, 0x0000000708000000, 0x0000000708000000|100%|HS|  |TAMS 0x0000000708000000| PB 0x0000000707e00000| Complete 
|  64|0x0000000708000000, 0x0000000708200000, 0x0000000708200000|100%|HC|  |TAMS 0x0000000708200000| PB 0x0000000708000000| Complete 
|  65|0x0000000708200000, 0x0000000708400000, 0x0000000708400000|100%| O|  |TAMS 0x0000000708400000| PB 0x0000000708400000| Untracked 
|  66|0x0000000708400000, 0x0000000708600000, 0x0000000708600000|100%| O|  |TAMS 0x0000000708600000| PB 0x0000000708600000| Untracked 
|  67|0x0000000708600000, 0x0000000708800000, 0x0000000708800000|100%| O|  |TAMS 0x0000000708800000| PB 0x0000000708800000| Untracked 
|  68|0x0000000708800000, 0x0000000708a00000, 0x0000000708a00000|100%| O|  |TAMS 0x0000000708a00000| PB 0x0000000708a00000| Updating 
|  69|0x0000000708a00000, 0x0000000708c00000, 0x0000000708c00000|100%| O|  |TAMS 0x0000000708c00000| PB 0x0000000708c00000| Untracked 
|  70|0x0000000708c00000, 0x0000000708e00000, 0x0000000708e00000|100%| O|  |TAMS 0x0000000708e00000| PB 0x0000000708e00000| Untracked 
|  71|0x0000000708e00000, 0x0000000709000000, 0x0000000709000000|100%| O|  |TAMS 0x0000000709000000| PB 0x0000000709000000| Updating 
|  72|0x0000000709000000, 0x0000000709200000, 0x0000000709200000|100%|HS|  |TAMS 0x0000000709200000| PB 0x0000000709000000| Complete 
|  73|0x0000000709200000, 0x0000000709400000, 0x0000000709400000|100%|HS|  |TAMS 0x0000000709400000| PB 0x0000000709200000| Complete 
|  74|0x0000000709400000, 0x0000000709600000, 0x0000000709600000|100%|HS|  |TAMS 0x0000000709600000| PB 0x0000000709400000| Complete 
|  75|0x0000000709600000, 0x0000000709800000, 0x0000000709800000|100%|HS|  |TAMS 0x0000000709800000| PB 0x0000000709600000| Complete 
|  76|0x0000000709800000, 0x0000000709a00000, 0x0000000709a00000|100%|HC|  |TAMS 0x0000000709a00000| PB 0x0000000709800000| Complete 
|  77|0x0000000709a00000, 0x0000000709c00000, 0x0000000709c00000|100%|HC|  |TAMS 0x0000000709c00000| PB 0x0000000709a00000| Complete 
|  78|0x0000000709c00000, 0x0000000709e00000, 0x0000000709e00000|100%|HC|  |TAMS 0x0000000709e00000| PB 0x0000000709c00000| Complete 
|  79|0x0000000709e00000, 0x000000070a000000, 0x000000070a000000|100%|HC|  |TAMS 0x000000070a000000| PB 0x0000000709e00000| Complete 
|  80|0x000000070a000000, 0x000000070a200000, 0x000000070a200000|100%|HC|  |TAMS 0x000000070a200000| PB 0x000000070a000000| Complete 
|  81|0x000000070a200000, 0x000000070a400000, 0x000000070a400000|100%|HC|  |TAMS 0x000000070a400000| PB 0x000000070a200000| Complete 
|  82|0x000000070a400000, 0x000000070a600000, 0x000000070a600000|100%|HC|  |TAMS 0x000000070a600000| PB 0x000000070a400000| Complete 
|  83|0x000000070a600000, 0x000000070a800000, 0x000000070a800000|100%|HC|  |TAMS 0x000000070a800000| PB 0x000000070a600000| Complete 
|  84|0x000000070a800000, 0x000000070aa00000, 0x000000070aa00000|100%|HC|  |TAMS 0x000000070aa00000| PB 0x000000070a800000| Complete 
|  85|0x000000070aa00000, 0x000000070ac00000, 0x000000070ac00000|100%|HC|  |TAMS 0x000000070ac00000| PB 0x000000070aa00000| Complete 
|  86|0x000000070ac00000, 0x000000070ae00000, 0x000000070ae00000|100%|HC|  |TAMS 0x000000070ae00000| PB 0x000000070ac00000| Complete 
|  87|0x000000070ae00000, 0x000000070b000000, 0x000000070b000000|100%|HC|  |TAMS 0x000000070b000000| PB 0x000000070ae00000| Complete 
|  88|0x000000070b000000, 0x000000070b200000, 0x000000070b200000|100%|HC|  |TAMS 0x000000070b200000| PB 0x000000070b000000| Complete 
|  89|0x000000070b200000, 0x000000070b400000, 0x000000070b400000|100%|HC|  |TAMS 0x000000070b400000| PB 0x000000070b200000| Complete 
|  90|0x000000070b400000, 0x000000070b600000, 0x000000070b600000|100%|HS|  |TAMS 0x000000070b600000| PB 0x000000070b400000| Complete 
|  91|0x000000070b600000, 0x000000070b800000, 0x000000070b800000|100%|HC|  |TAMS 0x000000070b800000| PB 0x000000070b600000| Complete 
|  92|0x000000070b800000, 0x000000070ba00000, 0x000000070ba00000|100%|HS|  |TAMS 0x000000070ba00000| PB 0x000000070b800000| Complete 
|  93|0x000000070ba00000, 0x000000070bc00000, 0x000000070bc00000|100%|HS|  |TAMS 0x000000070bc00000| PB 0x000000070ba00000| Complete 
|  94|0x000000070bc00000, 0x000000070be00000, 0x000000070be00000|100%|HS|  |TAMS 0x000000070be00000| PB 0x000000070bc00000| Complete 
|  95|0x000000070be00000, 0x000000070c000000, 0x000000070c000000|100%|HC|  |TAMS 0x000000070c000000| PB 0x000000070be00000| Complete 
|  96|0x000000070c000000, 0x000000070c200000, 0x000000070c200000|100%|HS|  |TAMS 0x000000070c200000| PB 0x000000070c000000| Complete 
|  97|0x000000070c200000, 0x000000070c400000, 0x000000070c400000|100%|HC|  |TAMS 0x000000070c400000| PB 0x000000070c200000| Complete 
|  98|0x000000070c400000, 0x000000070c600000, 0x000000070c600000|100%| O|  |TAMS 0x000000070c600000| PB 0x000000070c600000| Updating 
|  99|0x000000070c600000, 0x000000070c800000, 0x000000070c800000|100%| O|  |TAMS 0x000000070c800000| PB 0x000000070c800000| Untracked 
| 100|0x000000070c800000, 0x000000070ca00000, 0x000000070ca00000|100%| O|  |TAMS 0x000000070ca00000| PB 0x000000070ca00000| Untracked 
| 101|0x000000070ca00000, 0x000000070cc00000, 0x000000070cc00000|100%| O|  |TAMS 0x000000070cc00000| PB 0x000000070cc00000| Untracked 
| 102|0x000000070cc00000, 0x000000070ce00000, 0x000000070ce00000|100%| O|  |TAMS 0x000000070ce00000| PB 0x000000070ce00000| Updating 
| 103|0x000000070ce00000, 0x000000070d000000, 0x000000070d000000|100%| O|  |TAMS 0x000000070d000000| PB 0x000000070d000000| Updating 
| 104|0x000000070d000000, 0x000000070d200000, 0x000000070d200000|100%| O|  |TAMS 0x000000070d200000| PB 0x000000070d200000| Updating 
| 105|0x000000070d200000, 0x000000070d400000, 0x000000070d400000|100%| O|  |TAMS 0x000000070d400000| PB 0x000000070d400000| Updating 
| 106|0x000000070d400000, 0x000000070d600000, 0x000000070d600000|100%| O|  |TAMS 0x000000070d600000| PB 0x000000070d600000| Updating 
| 107|0x000000070d600000, 0x000000070d600000, 0x000000070d800000|  0%| F|  |TAMS 0x000000070d600000| PB 0x000000070d600000| Untracked 
| 108|0x000000070d800000, 0x000000070da00000, 0x000000070da00000|100%| O|  |TAMS 0x000000070da00000| PB 0x000000070da00000| Untracked 
| 109|0x000000070da00000, 0x000000070da00000, 0x000000070dc00000|  0%| F|  |TAMS 0x000000070da00000| PB 0x000000070da00000| Untracked 
| 110|0x000000070dc00000, 0x000000070de00000, 0x000000070de00000|100%| O|  |TAMS 0x000000070de00000| PB 0x000000070de00000| Updating 
| 111|0x000000070de00000, 0x000000070e000000, 0x000000070e000000|100%| O|  |TAMS 0x000000070e000000| PB 0x000000070e000000| Updating 
| 112|0x000000070e000000, 0x000000070e200000, 0x000000070e200000|100%| O|  |TAMS 0x000000070e200000| PB 0x000000070e200000| Updating 
| 113|0x000000070e200000, 0x000000070e400000, 0x000000070e400000|100%| O|  |TAMS 0x000000070e400000| PB 0x000000070e400000| Updating 
| 114|0x000000070e400000, 0x000000070e600000, 0x000000070e600000|100%| O|  |TAMS 0x000000070e600000| PB 0x000000070e600000| Updating 
| 115|0x000000070e600000, 0x000000070e800000, 0x000000070e800000|100%| O|  |TAMS 0x000000070e800000| PB 0x000000070e800000| Untracked 
| 116|0x000000070e800000, 0x000000070ea00000, 0x000000070ea00000|100%| O|  |TAMS 0x000000070ea00000| PB 0x000000070ea00000| Updating 
| 117|0x000000070ea00000, 0x000000070ec00000, 0x000000070ec00000|100%| O|  |TAMS 0x000000070ec00000| PB 0x000000070ec00000| Untracked 
| 118|0x000000070ec00000, 0x000000070ee00000, 0x000000070ee00000|100%| O|  |TAMS 0x000000070ee00000| PB 0x000000070ee00000| Updating 
| 119|0x000000070ee00000, 0x000000070f000000, 0x000000070f000000|100%| O|  |TAMS 0x000000070f000000| PB 0x000000070f000000| Updating 
| 120|0x000000070f000000, 0x000000070f000000, 0x000000070f200000|  0%| F|  |TAMS 0x000000070f000000| PB 0x000000070f000000| Untracked 
| 121|0x000000070f200000, 0x000000070f200000, 0x000000070f400000|  0%| F|  |TAMS 0x000000070f200000| PB 0x000000070f200000| Untracked 
| 122|0x000000070f400000, 0x000000070f600000, 0x000000070f600000|100%| O|  |TAMS 0x000000070f600000| PB 0x000000070f600000| Updating 
| 123|0x000000070f600000, 0x000000070f800000, 0x000000070f800000|100%| O|  |TAMS 0x000000070f800000| PB 0x000000070f800000| Updating 
| 124|0x000000070f800000, 0x000000070fa00000, 0x000000070fa00000|100%| O|  |TAMS 0x000000070fa00000| PB 0x000000070fa00000| Updating 
| 125|0x000000070fa00000, 0x000000070fc00000, 0x000000070fc00000|100%| O|  |TAMS 0x000000070fc00000| PB 0x000000070fc00000| Updating 
| 126|0x000000070fc00000, 0x000000070fe00000, 0x000000070fe00000|100%| O|  |TAMS 0x000000070fe00000| PB 0x000000070fe00000| Untracked 
| 127|0x000000070fe00000, 0x0000000710000000, 0x0000000710000000|100%| O|  |TAMS 0x0000000710000000| PB 0x0000000710000000| Updating 
| 128|0x0000000710000000, 0x0000000710200000, 0x0000000710200000|100%| O|  |TAMS 0x0000000710200000| PB 0x0000000710200000| Untracked 
| 129|0x0000000710200000, 0x0000000710400000, 0x0000000710400000|100%| O|  |TAMS 0x0000000710400000| PB 0x0000000710400000| Untracked 
| 130|0x0000000710400000, 0x0000000710600000, 0x0000000710600000|100%| O|  |TAMS 0x0000000710600000| PB 0x0000000710600000| Untracked 
| 131|0x0000000710600000, 0x0000000710800000, 0x0000000710800000|100%| O|  |TAMS 0x0000000710800000| PB 0x0000000710800000| Updating 
| 132|0x0000000710800000, 0x0000000710a00000, 0x0000000710a00000|100%| O|  |TAMS 0x0000000710a00000| PB 0x0000000710a00000| Untracked 
| 133|0x0000000710a00000, 0x0000000710c00000, 0x0000000710c00000|100%| O|  |TAMS 0x0000000710c00000| PB 0x0000000710c00000| Updating 
| 134|0x0000000710c00000, 0x0000000710e00000, 0x0000000710e00000|100%| O|  |TAMS 0x0000000710e00000| PB 0x0000000710e00000| Untracked 
| 135|0x0000000710e00000, 0x0000000711000000, 0x0000000711000000|100%| O|  |TAMS 0x0000000711000000| PB 0x0000000711000000| Untracked 
| 136|0x0000000711000000, 0x0000000711200000, 0x0000000711200000|100%| O|  |TAMS 0x0000000711200000| PB 0x0000000711200000| Updating 
| 137|0x0000000711200000, 0x0000000711200000, 0x0000000711400000|  0%| F|  |TAMS 0x0000000711200000| PB 0x0000000711200000| Untracked 
| 138|0x0000000711400000, 0x0000000711600000, 0x0000000711600000|100%| O|  |TAMS 0x0000000711600000| PB 0x0000000711600000| Untracked 
| 139|0x0000000711600000, 0x0000000711800000, 0x0000000711800000|100%| O|  |TAMS 0x0000000711800000| PB 0x0000000711800000| Updating 
| 140|0x0000000711800000, 0x0000000711a00000, 0x0000000711a00000|100%| O|  |TAMS 0x0000000711a00000| PB 0x0000000711a00000| Untracked 
| 141|0x0000000711a00000, 0x0000000711c00000, 0x0000000711c00000|100%| O|  |TAMS 0x0000000711c00000| PB 0x0000000711c00000| Untracked 
| 142|0x0000000711c00000, 0x0000000711e00000, 0x0000000711e00000|100%| O|  |TAMS 0x0000000711e00000| PB 0x0000000711e00000| Updating 
| 143|0x0000000711e00000, 0x0000000712000000, 0x0000000712000000|100%| O|  |TAMS 0x0000000712000000| PB 0x0000000712000000| Updating 
| 144|0x0000000712000000, 0x0000000712200000, 0x0000000712200000|100%| O|  |TAMS 0x0000000712200000| PB 0x0000000712200000| Updating 
| 145|0x0000000712200000, 0x0000000712400000, 0x0000000712400000|100%| O|  |TAMS 0x0000000712400000| PB 0x0000000712400000| Updating 
| 146|0x0000000712400000, 0x0000000712600000, 0x0000000712600000|100%| O|  |TAMS 0x0000000712600000| PB 0x0000000712600000| Updating 
| 147|0x0000000712600000, 0x0000000712800000, 0x0000000712800000|100%| O|  |TAMS 0x0000000712800000| PB 0x0000000712800000| Updating 
| 148|0x0000000712800000, 0x0000000712a00000, 0x0000000712a00000|100%| O|  |TAMS 0x0000000712a00000| PB 0x0000000712a00000| Updating 
| 149|0x0000000712a00000, 0x0000000712c00000, 0x0000000712c00000|100%| O|  |TAMS 0x0000000712c00000| PB 0x0000000712c00000| Updating 
| 150|0x0000000712c00000, 0x0000000712e00000, 0x0000000712e00000|100%| O|  |TAMS 0x0000000712e00000| PB 0x0000000712e00000| Updating 
| 151|0x0000000712e00000, 0x0000000713000000, 0x0000000713000000|100%| O|  |TAMS 0x0000000713000000| PB 0x0000000713000000| Updating 
| 152|0x0000000713000000, 0x0000000713200000, 0x0000000713200000|100%| O|  |TAMS 0x0000000713200000| PB 0x0000000713200000| Updating 
| 153|0x0000000713200000, 0x0000000713400000, 0x0000000713400000|100%| O|  |TAMS 0x0000000713400000| PB 0x0000000713400000| Updating 
| 154|0x0000000713400000, 0x0000000713600000, 0x0000000713600000|100%| O|  |TAMS 0x0000000713600000| PB 0x0000000713600000| Updating 
| 155|0x0000000713600000, 0x0000000713800000, 0x0000000713800000|100%| O|  |TAMS 0x0000000713800000| PB 0x0000000713800000| Untracked 
| 156|0x0000000713800000, 0x0000000713a00000, 0x0000000713a00000|100%| O|  |TAMS 0x0000000713a00000| PB 0x0000000713a00000| Updating 
| 157|0x0000000713a00000, 0x0000000713c00000, 0x0000000713c00000|100%| O|  |TAMS 0x0000000713c00000| PB 0x0000000713c00000| Untracked 
| 158|0x0000000713c00000, 0x0000000713e00000, 0x0000000713e00000|100%| O|  |TAMS 0x0000000713e00000| PB 0x0000000713e00000| Updating 
| 159|0x0000000713e00000, 0x0000000714000000, 0x0000000714000000|100%| O|  |TAMS 0x0000000714000000| PB 0x0000000714000000| Updating 
| 160|0x0000000714000000, 0x00000007140e3960, 0x0000000714200000| 44%| O|  |TAMS 0x00000007140e3960| PB 0x00000007140e3960| Updating 
| 161|0x0000000714200000, 0x0000000714200000, 0x0000000714400000|  0%| F|  |TAMS 0x0000000714200000| PB 0x0000000714200000| Untracked 
| 162|0x0000000714400000, 0x0000000714400000, 0x0000000714600000|  0%| F|  |TAMS 0x0000000714400000| PB 0x0000000714400000| Untracked 
| 163|0x0000000714600000, 0x0000000714600000, 0x0000000714800000|  0%| F|  |TAMS 0x0000000714600000| PB 0x0000000714600000| Untracked 
| 164|0x0000000714800000, 0x0000000714800000, 0x0000000714a00000|  0%| F|  |TAMS 0x0000000714800000| PB 0x0000000714800000| Untracked 
| 165|0x0000000714a00000, 0x0000000714a00000, 0x0000000714c00000|  0%| F|  |TAMS 0x0000000714a00000| PB 0x0000000714a00000| Untracked 
| 166|0x0000000714c00000, 0x0000000714c00000, 0x0000000714e00000|  0%| F|  |TAMS 0x0000000714c00000| PB 0x0000000714c00000| Untracked 
| 167|0x0000000714e00000, 0x0000000715000000, 0x0000000715000000|100%| O|  |TAMS 0x0000000715000000| PB 0x0000000715000000| Untracked 
| 168|0x0000000715000000, 0x0000000715200000, 0x0000000715200000|100%| O|  |TAMS 0x0000000715200000| PB 0x0000000715200000| Updating 
| 169|0x0000000715200000, 0x0000000715200000, 0x0000000715400000|  0%| F|  |TAMS 0x0000000715200000| PB 0x0000000715200000| Untracked 
| 170|0x0000000715400000, 0x0000000715400000, 0x0000000715600000|  0%| F|  |TAMS 0x0000000715400000| PB 0x0000000715400000| Untracked 
| 171|0x0000000715600000, 0x0000000715800000, 0x0000000715800000|100%|HS|  |TAMS 0x0000000715800000| PB 0x0000000715600000| Complete 
| 172|0x0000000715800000, 0x0000000715a00000, 0x0000000715a00000|100%| O|  |TAMS 0x0000000715a00000| PB 0x0000000715a00000| Untracked 
| 173|0x0000000715a00000, 0x0000000715c00000, 0x0000000715c00000|100%| O|  |TAMS 0x0000000715c00000| PB 0x0000000715c00000| Updating 
| 174|0x0000000715c00000, 0x0000000715c00000, 0x0000000715e00000|  0%| F|  |TAMS 0x0000000715c00000| PB 0x0000000715c00000| Untracked 
| 175|0x0000000715e00000, 0x0000000716000000, 0x0000000716000000|100%| O|  |TAMS 0x0000000716000000| PB 0x0000000716000000| Updating 
| 176|0x0000000716000000, 0x0000000716000000, 0x0000000716200000|  0%| F|  |TAMS 0x0000000716000000| PB 0x0000000716000000| Untracked 
| 177|0x0000000716200000, 0x0000000716400000, 0x0000000716400000|100%| O|  |TAMS 0x0000000716400000| PB 0x0000000716400000| Updating 
| 178|0x0000000716400000, 0x0000000716400000, 0x0000000716600000|  0%| F|  |TAMS 0x0000000716400000| PB 0x0000000716400000| Untracked 
| 179|0x0000000716600000, 0x0000000716800000, 0x0000000716800000|100%| O|  |TAMS 0x0000000716800000| PB 0x0000000716800000| Untracked 
| 180|0x0000000716800000, 0x0000000716800000, 0x0000000716a00000|  0%| F|  |TAMS 0x0000000716800000| PB 0x0000000716800000| Untracked 
| 181|0x0000000716a00000, 0x0000000716a00000, 0x0000000716c00000|  0%| F|  |TAMS 0x0000000716a00000| PB 0x0000000716a00000| Untracked 
| 182|0x0000000716c00000, 0x0000000716e00000, 0x0000000716e00000|100%| O|  |TAMS 0x0000000716e00000| PB 0x0000000716e00000| Untracked 
| 183|0x0000000716e00000, 0x0000000717000000, 0x0000000717000000|100%| O|  |TAMS 0x0000000717000000| PB 0x0000000717000000| Updating 
| 184|0x0000000717000000, 0x0000000717200000, 0x0000000717200000|100%| O|  |TAMS 0x0000000717200000| PB 0x0000000717200000| Updating 
| 185|0x0000000717200000, 0x0000000717400000, 0x0000000717400000|100%| O|  |TAMS 0x0000000717400000| PB 0x0000000717400000| Updating 
| 186|0x0000000717400000, 0x0000000717600000, 0x0000000717600000|100%| O|  |TAMS 0x0000000717600000| PB 0x0000000717600000| Untracked 
| 187|0x0000000717600000, 0x0000000717600000, 0x0000000717800000|  0%| F|  |TAMS 0x0000000717600000| PB 0x0000000717600000| Untracked 
| 188|0x0000000717800000, 0x0000000717800000, 0x0000000717a00000|  0%| F|  |TAMS 0x0000000717800000| PB 0x0000000717800000| Untracked 
| 189|0x0000000717a00000, 0x0000000717c00000, 0x0000000717c00000|100%| O|  |TAMS 0x0000000717c00000| PB 0x0000000717c00000| Updating 
| 190|0x0000000717c00000, 0x0000000717e00000, 0x0000000717e00000|100%| O|  |TAMS 0x0000000717e00000| PB 0x0000000717e00000| Updating 
| 191|0x0000000717e00000, 0x0000000718000000, 0x0000000718000000|100%| O|  |TAMS 0x0000000718000000| PB 0x0000000718000000| Updating 
| 192|0x0000000718000000, 0x0000000718200000, 0x0000000718200000|100%| O|  |TAMS 0x0000000718200000| PB 0x0000000718200000| Updating 
| 193|0x0000000718200000, 0x0000000718400000, 0x0000000718400000|100%| O|  |TAMS 0x0000000718400000| PB 0x0000000718400000| Untracked 
| 194|0x0000000718400000, 0x0000000718600000, 0x0000000718600000|100%| O|  |TAMS 0x0000000718600000| PB 0x0000000718600000| Updating 
| 195|0x0000000718600000, 0x0000000718800000, 0x0000000718800000|100%| O|  |TAMS 0x0000000718800000| PB 0x0000000718800000| Untracked 
| 196|0x0000000718800000, 0x0000000718a00000, 0x0000000718a00000|100%| O|  |TAMS 0x0000000718a00000| PB 0x0000000718a00000| Updating 
| 197|0x0000000718a00000, 0x0000000718c00000, 0x0000000718c00000|100%| O|  |TAMS 0x0000000718c00000| PB 0x0000000718c00000| Updating 
| 198|0x0000000718c00000, 0x0000000718e00000, 0x0000000718e00000|100%| O|  |TAMS 0x0000000718e00000| PB 0x0000000718e00000| Updating 
| 199|0x0000000718e00000, 0x0000000719000000, 0x0000000719000000|100%| O|  |TAMS 0x0000000719000000| PB 0x0000000719000000| Updating 
| 200|0x0000000719000000, 0x0000000719200000, 0x0000000719200000|100%| O|  |TAMS 0x0000000719200000| PB 0x0000000719200000| Updating 
| 201|0x0000000719200000, 0x0000000719400000, 0x0000000719400000|100%| O|  |TAMS 0x0000000719400000| PB 0x0000000719400000| Updating 
| 202|0x0000000719400000, 0x0000000719600000, 0x0000000719600000|100%| O|  |TAMS 0x0000000719600000| PB 0x0000000719600000| Updating 
| 203|0x0000000719600000, 0x0000000719800000, 0x0000000719800000|100%| O|  |TAMS 0x0000000719800000| PB 0x0000000719800000| Updating 
| 204|0x0000000719800000, 0x0000000719a00000, 0x0000000719a00000|100%| O|  |TAMS 0x0000000719a00000| PB 0x0000000719a00000| Updating 
| 205|0x0000000719a00000, 0x0000000719a00000, 0x0000000719c00000|  0%| F|  |TAMS 0x0000000719a00000| PB 0x0000000719a00000| Untracked 
| 206|0x0000000719c00000, 0x0000000719c00000, 0x0000000719e00000|  0%| F|  |TAMS 0x0000000719c00000| PB 0x0000000719c00000| Untracked 
| 207|0x0000000719e00000, 0x0000000719e00000, 0x000000071a000000|  0%| F|  |TAMS 0x0000000719e00000| PB 0x0000000719e00000| Untracked 
| 208|0x000000071a000000, 0x000000071a200000, 0x000000071a200000|100%|HS|  |TAMS 0x000000071a200000| PB 0x000000071a000000| Complete 
| 209|0x000000071a200000, 0x000000071a400000, 0x000000071a400000|100%|HC|  |TAMS 0x000000071a400000| PB 0x000000071a200000| Complete 
| 210|0x000000071a400000, 0x000000071a600000, 0x000000071a600000|100%| O|  |TAMS 0x000000071a600000| PB 0x000000071a600000| Untracked 
| 211|0x000000071a600000, 0x000000071a800000, 0x000000071a800000|100%| O|  |TAMS 0x000000071a800000| PB 0x000000071a800000| Updating 
| 212|0x000000071a800000, 0x000000071aa00000, 0x000000071aa00000|100%| O|  |TAMS 0x000000071aa00000| PB 0x000000071aa00000| Updating 
| 213|0x000000071aa00000, 0x000000071ac00000, 0x000000071ac00000|100%| O|  |TAMS 0x000000071ac00000| PB 0x000000071ac00000| Untracked 
| 214|0x000000071ac00000, 0x000000071ae00000, 0x000000071ae00000|100%| O|  |TAMS 0x000000071ae00000| PB 0x000000071ae00000| Updating 
| 215|0x000000071ae00000, 0x000000071b000000, 0x000000071b000000|100%| O|  |TAMS 0x000000071b000000| PB 0x000000071b000000| Updating 
| 216|0x000000071b000000, 0x000000071b200000, 0x000000071b200000|100%| O|  |TAMS 0x000000071b200000| PB 0x000000071b200000| Updating 
| 217|0x000000071b200000, 0x000000071b400000, 0x000000071b400000|100%| O|  |TAMS 0x000000071b400000| PB 0x000000071b400000| Untracked 
| 218|0x000000071b400000, 0x000000071b600000, 0x000000071b600000|100%| O|  |TAMS 0x000000071b600000| PB 0x000000071b600000| Updating 
| 219|0x000000071b600000, 0x000000071b800000, 0x000000071b800000|100%| O|  |TAMS 0x000000071b800000| PB 0x000000071b800000| Updating 
| 220|0x000000071b800000, 0x000000071ba00000, 0x000000071ba00000|100%| O|  |TAMS 0x000000071ba00000| PB 0x000000071ba00000| Updating 
| 221|0x000000071ba00000, 0x000000071bc00000, 0x000000071bc00000|100%| O|  |TAMS 0x000000071bc00000| PB 0x000000071bc00000| Updating 
| 222|0x000000071bc00000, 0x000000071be00000, 0x000000071be00000|100%| O|  |TAMS 0x000000071be00000| PB 0x000000071be00000| Updating 
| 223|0x000000071be00000, 0x000000071c000000, 0x000000071c000000|100%| O|  |TAMS 0x000000071c000000| PB 0x000000071c000000| Updating 
| 224|0x000000071c000000, 0x000000071c200000, 0x000000071c200000|100%| O|  |TAMS 0x000000071c200000| PB 0x000000071c200000| Updating 
| 225|0x000000071c200000, 0x000000071c400000, 0x000000071c400000|100%| O|  |TAMS 0x000000071c400000| PB 0x000000071c400000| Updating 
| 226|0x000000071c400000, 0x000000071c600000, 0x000000071c600000|100%| O|  |TAMS 0x000000071c600000| PB 0x000000071c600000| Updating 
| 227|0x000000071c600000, 0x000000071c800000, 0x000000071c800000|100%| O|  |TAMS 0x000000071c800000| PB 0x000000071c800000| Updating 
| 228|0x000000071c800000, 0x000000071ca00000, 0x000000071ca00000|100%| O|  |TAMS 0x000000071ca00000| PB 0x000000071ca00000| Updating 
| 229|0x000000071ca00000, 0x000000071cc00000, 0x000000071cc00000|100%| O|  |TAMS 0x000000071cc00000| PB 0x000000071cc00000| Updating 
| 230|0x000000071cc00000, 0x000000071ce00000, 0x000000071ce00000|100%| O|  |TAMS 0x000000071ce00000| PB 0x000000071ce00000| Updating 
| 231|0x000000071ce00000, 0x000000071ce00000, 0x000000071d000000|  0%| F|  |TAMS 0x000000071ce00000| PB 0x000000071ce00000| Untracked 
| 232|0x000000071d000000, 0x000000071d200000, 0x000000071d200000|100%| O|  |TAMS 0x000000071d200000| PB 0x000000071d200000| Updating 
| 233|0x000000071d200000, 0x000000071d400000, 0x000000071d400000|100%| O|  |TAMS 0x000000071d400000| PB 0x000000071d400000| Untracked 
| 234|0x000000071d400000, 0x000000071d600000, 0x000000071d600000|100%| O|  |TAMS 0x000000071d600000| PB 0x000000071d600000| Updating 
| 235|0x000000071d600000, 0x000000071d800000, 0x000000071d800000|100%| O|  |TAMS 0x000000071d800000| PB 0x000000071d800000| Updating 
| 236|0x000000071d800000, 0x000000071da00000, 0x000000071da00000|100%| O|  |TAMS 0x000000071da00000| PB 0x000000071da00000| Updating 
| 237|0x000000071da00000, 0x000000071dc00000, 0x000000071dc00000|100%| O|  |TAMS 0x000000071dc00000| PB 0x000000071dc00000| Updating 
| 238|0x000000071dc00000, 0x000000071de00000, 0x000000071de00000|100%| O|  |TAMS 0x000000071de00000| PB 0x000000071de00000| Untracked 
| 239|0x000000071de00000, 0x000000071e000000, 0x000000071e000000|100%| O|  |TAMS 0x000000071e000000| PB 0x000000071e000000| Updating 
| 240|0x000000071e000000, 0x000000071e200000, 0x000000071e200000|100%| O|  |TAMS 0x000000071e200000| PB 0x000000071e200000| Untracked 
| 241|0x000000071e200000, 0x000000071e400000, 0x000000071e400000|100%| O|  |TAMS 0x000000071e400000| PB 0x000000071e400000| Updating 
| 242|0x000000071e400000, 0x000000071e600000, 0x000000071e600000|100%| O|  |TAMS 0x000000071e600000| PB 0x000000071e600000| Updating 
| 243|0x000000071e600000, 0x000000071e800000, 0x000000071e800000|100%| O|  |TAMS 0x000000071e800000| PB 0x000000071e800000| Untracked 
| 244|0x000000071e800000, 0x000000071ea00000, 0x000000071ea00000|100%| O|  |TAMS 0x000000071ea00000| PB 0x000000071ea00000| Untracked 
| 245|0x000000071ea00000, 0x000000071ec00000, 0x000000071ec00000|100%| O|  |TAMS 0x000000071ec00000| PB 0x000000071ec00000| Untracked 
| 246|0x000000071ec00000, 0x000000071ee00000, 0x000000071ee00000|100%| O|  |TAMS 0x000000071ee00000| PB 0x000000071ee00000| Untracked 
| 247|0x000000071ee00000, 0x000000071f000000, 0x000000071f000000|100%| O|  |TAMS 0x000000071f000000| PB 0x000000071f000000| Updating 
| 248|0x000000071f000000, 0x000000071f200000, 0x000000071f200000|100%| O|  |TAMS 0x000000071f200000| PB 0x000000071f200000| Untracked 
| 249|0x000000071f200000, 0x000000071f400000, 0x000000071f400000|100%| O|  |TAMS 0x000000071f400000| PB 0x000000071f400000| Updating 
| 250|0x000000071f400000, 0x000000071f600000, 0x000000071f600000|100%| O|  |TAMS 0x000000071f600000| PB 0x000000071f600000| Updating 
| 251|0x000000071f600000, 0x000000071f800000, 0x000000071f800000|100%| O|  |TAMS 0x000000071f800000| PB 0x000000071f800000| Updating 
| 252|0x000000071f800000, 0x000000071fa00000, 0x000000071fa00000|100%| O|  |TAMS 0x000000071fa00000| PB 0x000000071fa00000| Updating 
| 253|0x000000071fa00000, 0x000000071fc00000, 0x000000071fc00000|100%| O|  |TAMS 0x000000071fc00000| PB 0x000000071fc00000| Untracked 
| 254|0x000000071fc00000, 0x000000071fe00000, 0x000000071fe00000|100%| O|  |TAMS 0x000000071fe00000| PB 0x000000071fe00000| Untracked 
| 255|0x000000071fe00000, 0x0000000720000000, 0x0000000720000000|100%| O|  |TAMS 0x0000000720000000| PB 0x0000000720000000| Updating 
| 256|0x0000000720000000, 0x0000000720200000, 0x0000000720200000|100%| O|  |TAMS 0x0000000720200000| PB 0x0000000720200000| Updating 
| 257|0x0000000720200000, 0x0000000720400000, 0x0000000720400000|100%| O|  |TAMS 0x0000000720400000| PB 0x0000000720400000| Updating 
| 258|0x0000000720400000, 0x0000000720600000, 0x0000000720600000|100%| O|  |TAMS 0x0000000720600000| PB 0x0000000720600000| Updating 
| 259|0x0000000720600000, 0x0000000720600000, 0x0000000720800000|  0%| F|  |TAMS 0x0000000720600000| PB 0x0000000720600000| Untracked 
| 260|0x0000000720800000, 0x0000000720800000, 0x0000000720a00000|  0%| F|  |TAMS 0x0000000720800000| PB 0x0000000720800000| Untracked 
| 261|0x0000000720a00000, 0x0000000720c00000, 0x0000000720c00000|100%| O|  |TAMS 0x0000000720c00000| PB 0x0000000720c00000| Untracked 
| 262|0x0000000720c00000, 0x0000000720e00000, 0x0000000720e00000|100%| O|  |TAMS 0x0000000720e00000| PB 0x0000000720e00000| Untracked 
| 263|0x0000000720e00000, 0x0000000721000000, 0x0000000721000000|100%| O|  |TAMS 0x0000000721000000| PB 0x0000000721000000| Untracked 
| 264|0x0000000721000000, 0x0000000721200000, 0x0000000721200000|100%| O|  |TAMS 0x0000000721200000| PB 0x0000000721200000| Updating 
| 265|0x0000000721200000, 0x0000000721400000, 0x0000000721400000|100%| O|  |TAMS 0x0000000721400000| PB 0x0000000721400000| Untracked 
| 266|0x0000000721400000, 0x0000000721600000, 0x0000000721600000|100%|HS|  |TAMS 0x0000000721600000| PB 0x0000000721400000| Complete 
| 267|0x0000000721600000, 0x0000000721800000, 0x0000000721800000|100%|HC|  |TAMS 0x0000000721800000| PB 0x0000000721600000| Complete 
| 268|0x0000000721800000, 0x0000000721a00000, 0x0000000721a00000|100%|HC|  |TAMS 0x0000000721a00000| PB 0x0000000721800000| Complete 
| 269|0x0000000721a00000, 0x0000000721c00000, 0x0000000721c00000|100%|HC|  |TAMS 0x0000000721c00000| PB 0x0000000721a00000| Complete 
| 270|0x0000000721c00000, 0x0000000721e00000, 0x0000000721e00000|100%| O|  |TAMS 0x0000000721e00000| PB 0x0000000721e00000| Updating 
| 271|0x0000000721e00000, 0x0000000722000000, 0x0000000722000000|100%| O|  |TAMS 0x0000000722000000| PB 0x0000000722000000| Updating 
| 272|0x0000000722000000, 0x0000000722200000, 0x0000000722200000|100%| O|  |TAMS 0x0000000722200000| PB 0x0000000722200000| Updating 
| 273|0x0000000722200000, 0x0000000722200000, 0x0000000722400000|  0%| F|  |TAMS 0x0000000722200000| PB 0x0000000722200000| Untracked 
| 274|0x0000000722400000, 0x0000000722600000, 0x0000000722600000|100%| O|  |TAMS 0x0000000722600000| PB 0x0000000722600000| Updating 
| 275|0x0000000722600000, 0x0000000722800000, 0x0000000722800000|100%| O|  |TAMS 0x0000000722800000| PB 0x0000000722800000| Updating 
| 276|0x0000000722800000, 0x0000000722a00000, 0x0000000722a00000|100%| O|  |TAMS 0x0000000722a00000| PB 0x0000000722a00000| Updating 
| 277|0x0000000722a00000, 0x0000000722c00000, 0x0000000722c00000|100%| O|  |TAMS 0x0000000722c00000| PB 0x0000000722c00000| Updating 
| 278|0x0000000722c00000, 0x0000000722e00000, 0x0000000722e00000|100%| O|  |TAMS 0x0000000722e00000| PB 0x0000000722e00000| Untracked 
| 279|0x0000000722e00000, 0x0000000723000000, 0x0000000723000000|100%| O|  |TAMS 0x0000000723000000| PB 0x0000000723000000| Updating 
| 280|0x0000000723000000, 0x0000000723200000, 0x0000000723200000|100%| O|  |TAMS 0x0000000723200000| PB 0x0000000723200000| Updating 
| 281|0x0000000723200000, 0x0000000723400000, 0x0000000723400000|100%| O|  |TAMS 0x0000000723400000| PB 0x0000000723400000| Updating 
| 282|0x0000000723400000, 0x0000000723600000, 0x0000000723600000|100%| O|  |TAMS 0x0000000723600000| PB 0x0000000723600000| Untracked 
| 283|0x0000000723600000, 0x0000000723800000, 0x0000000723800000|100%| O|  |TAMS 0x0000000723800000| PB 0x0000000723800000| Updating 
| 284|0x0000000723800000, 0x0000000723a00000, 0x0000000723a00000|100%| O|  |TAMS 0x0000000723a00000| PB 0x0000000723a00000| Updating 
| 285|0x0000000723a00000, 0x0000000723c00000, 0x0000000723c00000|100%| O|  |TAMS 0x0000000723c00000| PB 0x0000000723c00000| Untracked 
| 286|0x0000000723c00000, 0x0000000723e00000, 0x0000000723e00000|100%| O|  |TAMS 0x0000000723e00000| PB 0x0000000723e00000| Updating 
| 287|0x0000000723e00000, 0x0000000724000000, 0x0000000724000000|100%| O|  |TAMS 0x0000000724000000| PB 0x0000000724000000| Updating 
| 288|0x0000000724000000, 0x0000000724200000, 0x0000000724200000|100%| O|  |TAMS 0x0000000724200000| PB 0x0000000724200000| Updating 
| 289|0x0000000724200000, 0x0000000724400000, 0x0000000724400000|100%| O|  |TAMS 0x0000000724400000| PB 0x0000000724400000| Untracked 
| 290|0x0000000724400000, 0x0000000724600000, 0x0000000724600000|100%| O|  |TAMS 0x0000000724600000| PB 0x0000000724600000| Untracked 
| 291|0x0000000724600000, 0x0000000724800000, 0x0000000724800000|100%| O|  |TAMS 0x0000000724800000| PB 0x0000000724800000| Untracked 
| 292|0x0000000724800000, 0x0000000724a00000, 0x0000000724a00000|100%| O|  |TAMS 0x0000000724a00000| PB 0x0000000724a00000| Updating 
| 293|0x0000000724a00000, 0x0000000724c00000, 0x0000000724c00000|100%| O|  |TAMS 0x0000000724c00000| PB 0x0000000724c00000| Untracked 
| 294|0x0000000724c00000, 0x0000000724e00000, 0x0000000724e00000|100%| O|  |TAMS 0x0000000724e00000| PB 0x0000000724e00000| Updating 
| 295|0x0000000724e00000, 0x0000000725000000, 0x0000000725000000|100%| O|  |TAMS 0x0000000725000000| PB 0x0000000725000000| Untracked 
| 296|0x0000000725000000, 0x0000000725200000, 0x0000000725200000|100%| O|  |TAMS 0x0000000725200000| PB 0x0000000725200000| Updating 
| 297|0x0000000725200000, 0x0000000725400000, 0x0000000725400000|100%| O|  |TAMS 0x0000000725400000| PB 0x0000000725400000| Untracked 
| 298|0x0000000725400000, 0x0000000725600000, 0x0000000725600000|100%| O|  |TAMS 0x0000000725600000| PB 0x0000000725600000| Updating 
| 299|0x0000000725600000, 0x0000000725800000, 0x0000000725800000|100%| O|  |TAMS 0x0000000725800000| PB 0x0000000725800000| Untracked 
| 300|0x0000000725800000, 0x0000000725a00000, 0x0000000725a00000|100%| O|  |TAMS 0x0000000725a00000| PB 0x0000000725a00000| Untracked 
| 301|0x0000000725a00000, 0x0000000725c00000, 0x0000000725c00000|100%| O|  |TAMS 0x0000000725c00000| PB 0x0000000725c00000| Updating 
| 302|0x0000000725c00000, 0x0000000725e00000, 0x0000000725e00000|100%| O|  |TAMS 0x0000000725e00000| PB 0x0000000725e00000| Untracked 
| 303|0x0000000725e00000, 0x0000000726000000, 0x0000000726000000|100%| O|  |TAMS 0x0000000726000000| PB 0x0000000726000000| Untracked 
| 304|0x0000000726000000, 0x0000000726200000, 0x0000000726200000|100%| O|  |TAMS 0x0000000726200000| PB 0x0000000726200000| Untracked 
| 305|0x0000000726200000, 0x0000000726400000, 0x0000000726400000|100%| O|  |TAMS 0x0000000726400000| PB 0x0000000726400000| Untracked 
| 306|0x0000000726400000, 0x0000000726600000, 0x0000000726600000|100%| O|  |TAMS 0x0000000726600000| PB 0x0000000726600000| Untracked 
| 307|0x0000000726600000, 0x0000000726800000, 0x0000000726800000|100%| O|  |TAMS 0x0000000726800000| PB 0x0000000726800000| Untracked 
| 308|0x0000000726800000, 0x0000000726a00000, 0x0000000726a00000|100%| O|  |TAMS 0x0000000726a00000| PB 0x0000000726a00000| Untracked 
| 309|0x0000000726a00000, 0x0000000726c00000, 0x0000000726c00000|100%| O|  |TAMS 0x0000000726c00000| PB 0x0000000726c00000| Untracked 
| 310|0x0000000726c00000, 0x0000000726e00000, 0x0000000726e00000|100%| O|  |TAMS 0x0000000726e00000| PB 0x0000000726e00000| Untracked 
| 311|0x0000000726e00000, 0x0000000727000000, 0x0000000727000000|100%| O|  |TAMS 0x0000000727000000| PB 0x0000000727000000| Untracked 
| 312|0x0000000727000000, 0x0000000727200000, 0x0000000727200000|100%| O|  |TAMS 0x0000000727200000| PB 0x0000000727200000| Untracked 
| 313|0x0000000727200000, 0x0000000727400000, 0x0000000727400000|100%| O|  |TAMS 0x0000000727400000| PB 0x0000000727400000| Untracked 
| 314|0x0000000727400000, 0x0000000727600000, 0x0000000727600000|100%| O|  |TAMS 0x0000000727600000| PB 0x0000000727600000| Untracked 
| 315|0x0000000727600000, 0x0000000727800000, 0x0000000727800000|100%| O|  |TAMS 0x0000000727800000| PB 0x0000000727800000| Untracked 
| 316|0x0000000727800000, 0x0000000727a00000, 0x0000000727a00000|100%| O|  |TAMS 0x0000000727a00000| PB 0x0000000727a00000| Untracked 
| 317|0x0000000727a00000, 0x0000000727c00000, 0x0000000727c00000|100%| O|  |TAMS 0x0000000727c00000| PB 0x0000000727c00000| Untracked 
| 318|0x0000000727c00000, 0x0000000727e00000, 0x0000000727e00000|100%| O|  |TAMS 0x0000000727e00000| PB 0x0000000727e00000| Untracked 
| 319|0x0000000727e00000, 0x0000000728000000, 0x0000000728000000|100%| O|  |TAMS 0x0000000728000000| PB 0x0000000728000000| Untracked 
| 320|0x0000000728000000, 0x0000000728200000, 0x0000000728200000|100%| O|  |TAMS 0x0000000728200000| PB 0x0000000728200000| Updating 
| 321|0x0000000728200000, 0x0000000728400000, 0x0000000728400000|100%| O|  |TAMS 0x0000000728400000| PB 0x0000000728400000| Updating 
| 322|0x0000000728400000, 0x0000000728600000, 0x0000000728600000|100%| O|  |TAMS 0x0000000728600000| PB 0x0000000728600000| Updating 
| 323|0x0000000728600000, 0x0000000728600000, 0x0000000728800000|  0%| F|  |TAMS 0x0000000728600000| PB 0x0000000728600000| Untracked 
| 324|0x0000000728800000, 0x0000000728a00000, 0x0000000728a00000|100%| O|  |TAMS 0x0000000728a00000| PB 0x0000000728a00000| Updating 
| 325|0x0000000728a00000, 0x0000000728c00000, 0x0000000728c00000|100%| O|  |TAMS 0x0000000728c00000| PB 0x0000000728c00000| Updating 
| 326|0x0000000728c00000, 0x0000000728e00000, 0x0000000728e00000|100%| O|  |TAMS 0x0000000728e00000| PB 0x0000000728e00000| Untracked 
| 327|0x0000000728e00000, 0x0000000729000000, 0x0000000729000000|100%| O|  |TAMS 0x0000000729000000| PB 0x0000000729000000| Updating 
| 328|0x0000000729000000, 0x0000000729200000, 0x0000000729200000|100%| O|  |TAMS 0x0000000729200000| PB 0x0000000729200000| Updating 
| 329|0x0000000729200000, 0x0000000729400000, 0x0000000729400000|100%| O|  |TAMS 0x0000000729400000| PB 0x0000000729400000| Updating 
| 330|0x0000000729400000, 0x0000000729600000, 0x0000000729600000|100%| O|  |TAMS 0x0000000729600000| PB 0x0000000729600000| Updating 
| 331|0x0000000729600000, 0x0000000729800000, 0x0000000729800000|100%| O|  |TAMS 0x0000000729800000| PB 0x0000000729800000| Updating 
| 332|0x0000000729800000, 0x0000000729a00000, 0x0000000729a00000|100%| O|  |TAMS 0x0000000729a00000| PB 0x0000000729a00000| Updating 
| 333|0x0000000729a00000, 0x0000000729c00000, 0x0000000729c00000|100%| O|  |TAMS 0x0000000729c00000| PB 0x0000000729c00000| Untracked 
| 334|0x0000000729c00000, 0x0000000729e00000, 0x0000000729e00000|100%| O|  |TAMS 0x0000000729e00000| PB 0x0000000729e00000| Untracked 
| 335|0x0000000729e00000, 0x000000072a000000, 0x000000072a000000|100%| O|  |TAMS 0x000000072a000000| PB 0x000000072a000000| Untracked 
| 336|0x000000072a000000, 0x000000072a200000, 0x000000072a200000|100%| O|  |TAMS 0x000000072a200000| PB 0x000000072a200000| Untracked 
| 337|0x000000072a200000, 0x000000072a400000, 0x000000072a400000|100%| O|  |TAMS 0x000000072a400000| PB 0x000000072a400000| Untracked 
| 338|0x000000072a400000, 0x000000072a600000, 0x000000072a600000|100%| O|  |TAMS 0x000000072a600000| PB 0x000000072a600000| Untracked 
| 339|0x000000072a600000, 0x000000072a800000, 0x000000072a800000|100%| O|  |TAMS 0x000000072a800000| PB 0x000000072a800000| Untracked 
| 340|0x000000072a800000, 0x000000072aa00000, 0x000000072aa00000|100%| O|  |TAMS 0x000000072aa00000| PB 0x000000072aa00000| Untracked 
| 341|0x000000072aa00000, 0x000000072ac00000, 0x000000072ac00000|100%| O|  |TAMS 0x000000072ac00000| PB 0x000000072ac00000| Untracked 
| 342|0x000000072ac00000, 0x000000072ae00000, 0x000000072ae00000|100%| O|  |TAMS 0x000000072ae00000| PB 0x000000072ae00000| Untracked 
| 343|0x000000072ae00000, 0x000000072b000000, 0x000000072b000000|100%| O|  |TAMS 0x000000072b000000| PB 0x000000072b000000| Untracked 
| 344|0x000000072b000000, 0x000000072b200000, 0x000000072b200000|100%| O|  |TAMS 0x000000072b200000| PB 0x000000072b200000| Untracked 
| 345|0x000000072b200000, 0x000000072b400000, 0x000000072b400000|100%| O|  |TAMS 0x000000072b400000| PB 0x000000072b400000| Untracked 
| 346|0x000000072b400000, 0x000000072b600000, 0x000000072b600000|100%| O|  |TAMS 0x000000072b600000| PB 0x000000072b600000| Untracked 
| 347|0x000000072b600000, 0x000000072b800000, 0x000000072b800000|100%| O|  |TAMS 0x000000072b800000| PB 0x000000072b800000| Untracked 
| 348|0x000000072b800000, 0x000000072ba00000, 0x000000072ba00000|100%| O|  |TAMS 0x000000072ba00000| PB 0x000000072ba00000| Untracked 
| 349|0x000000072ba00000, 0x000000072bc00000, 0x000000072bc00000|100%| O|  |TAMS 0x000000072bc00000| PB 0x000000072bc00000| Untracked 
| 350|0x000000072bc00000, 0x000000072be00000, 0x000000072be00000|100%| O|  |TAMS 0x000000072be00000| PB 0x000000072be00000| Untracked 
| 351|0x000000072be00000, 0x000000072c000000, 0x000000072c000000|100%| O|  |TAMS 0x000000072c000000| PB 0x000000072c000000| Untracked 
| 352|0x000000072c000000, 0x000000072c200000, 0x000000072c200000|100%| O|  |TAMS 0x000000072c200000| PB 0x000000072c200000| Untracked 
| 353|0x000000072c200000, 0x000000072c400000, 0x000000072c400000|100%| O|  |TAMS 0x000000072c400000| PB 0x000000072c400000| Untracked 
| 354|0x000000072c400000, 0x000000072c600000, 0x000000072c600000|100%| O|  |TAMS 0x000000072c600000| PB 0x000000072c600000| Untracked 
| 355|0x000000072c600000, 0x000000072c800000, 0x000000072c800000|100%| O|  |TAMS 0x000000072c800000| PB 0x000000072c800000| Untracked 
| 356|0x000000072c800000, 0x000000072ca00000, 0x000000072ca00000|100%| O|  |TAMS 0x000000072ca00000| PB 0x000000072ca00000| Untracked 
| 357|0x000000072ca00000, 0x000000072cc00000, 0x000000072cc00000|100%| O|  |TAMS 0x000000072cc00000| PB 0x000000072cc00000| Untracked 
| 358|0x000000072cc00000, 0x000000072ce00000, 0x000000072ce00000|100%| O|  |TAMS 0x000000072ce00000| PB 0x000000072ce00000| Untracked 
| 359|0x000000072ce00000, 0x000000072d000000, 0x000000072d000000|100%| O|  |TAMS 0x000000072d000000| PB 0x000000072d000000| Untracked 
| 360|0x000000072d000000, 0x000000072d200000, 0x000000072d200000|100%| O|  |TAMS 0x000000072d200000| PB 0x000000072d200000| Untracked 
| 361|0x000000072d200000, 0x000000072d400000, 0x000000072d400000|100%| O|  |TAMS 0x000000072d400000| PB 0x000000072d400000| Untracked 
| 362|0x000000072d400000, 0x000000072d600000, 0x000000072d600000|100%| O|  |TAMS 0x000000072d600000| PB 0x000000072d600000| Untracked 
| 363|0x000000072d600000, 0x000000072d800000, 0x000000072d800000|100%| O|  |TAMS 0x000000072d800000| PB 0x000000072d800000| Untracked 
| 364|0x000000072d800000, 0x000000072da00000, 0x000000072da00000|100%| O|  |TAMS 0x000000072da00000| PB 0x000000072da00000| Untracked 
| 365|0x000000072da00000, 0x000000072dc00000, 0x000000072dc00000|100%| O|  |TAMS 0x000000072dc00000| PB 0x000000072dc00000| Untracked 
| 366|0x000000072dc00000, 0x000000072de00000, 0x000000072de00000|100%| O|  |TAMS 0x000000072de00000| PB 0x000000072de00000| Untracked 
| 367|0x000000072de00000, 0x000000072e000000, 0x000000072e000000|100%| O|  |TAMS 0x000000072e000000| PB 0x000000072e000000| Untracked 
| 368|0x000000072e000000, 0x000000072e200000, 0x000000072e200000|100%| O|  |TAMS 0x000000072e200000| PB 0x000000072e200000| Untracked 
| 369|0x000000072e200000, 0x000000072e400000, 0x000000072e400000|100%| O|  |TAMS 0x000000072e400000| PB 0x000000072e400000| Untracked 
| 370|0x000000072e400000, 0x000000072e600000, 0x000000072e600000|100%| O|  |TAMS 0x000000072e600000| PB 0x000000072e600000| Untracked 
| 371|0x000000072e600000, 0x000000072e800000, 0x000000072e800000|100%| O|  |TAMS 0x000000072e800000| PB 0x000000072e800000| Untracked 
| 372|0x000000072e800000, 0x000000072ea00000, 0x000000072ea00000|100%| O|  |TAMS 0x000000072ea00000| PB 0x000000072ea00000| Untracked 
| 373|0x000000072ea00000, 0x000000072ec00000, 0x000000072ec00000|100%| O|  |TAMS 0x000000072ec00000| PB 0x000000072ec00000| Updating 
| 374|0x000000072ec00000, 0x000000072ee00000, 0x000000072ee00000|100%| O|  |TAMS 0x000000072ee00000| PB 0x000000072ee00000| Untracked 
| 375|0x000000072ee00000, 0x000000072f000000, 0x000000072f000000|100%| O|  |TAMS 0x000000072f000000| PB 0x000000072f000000| Untracked 
| 376|0x000000072f000000, 0x000000072f200000, 0x000000072f200000|100%| O|  |TAMS 0x000000072f200000| PB 0x000000072f200000| Updating 
| 377|0x000000072f200000, 0x000000072f400000, 0x000000072f400000|100%| O|  |TAMS 0x000000072f400000| PB 0x000000072f400000| Updating 
| 378|0x000000072f400000, 0x000000072f600000, 0x000000072f600000|100%| O|  |TAMS 0x000000072f600000| PB 0x000000072f600000| Updating 
| 379|0x000000072f600000, 0x000000072f600000, 0x000000072f800000|  0%| F|  |TAMS 0x000000072f600000| PB 0x000000072f600000| Untracked 
| 380|0x000000072f800000, 0x000000072fa00000, 0x000000072fa00000|100%| O|  |TAMS 0x000000072fa00000| PB 0x000000072fa00000| Updating 
| 381|0x000000072fa00000, 0x000000072fc00000, 0x000000072fc00000|100%| O|  |TAMS 0x000000072fc00000| PB 0x000000072fc00000| Updating 
| 382|0x000000072fc00000, 0x000000072fe00000, 0x000000072fe00000|100%| O|  |TAMS 0x000000072fe00000| PB 0x000000072fe00000| Updating 
| 383|0x000000072fe00000, 0x0000000730000000, 0x0000000730000000|100%| O|  |TAMS 0x0000000730000000| PB 0x0000000730000000| Untracked 
| 384|0x0000000730000000, 0x0000000730200000, 0x0000000730200000|100%| O|  |TAMS 0x0000000730200000| PB 0x0000000730200000| Untracked 
| 385|0x0000000730200000, 0x0000000730400000, 0x0000000730400000|100%| O|  |TAMS 0x0000000730400000| PB 0x0000000730400000| Updating 
| 386|0x0000000730400000, 0x0000000730600000, 0x0000000730600000|100%| O|  |TAMS 0x0000000730600000| PB 0x0000000730600000| Untracked 
| 387|0x0000000730600000, 0x0000000730800000, 0x0000000730800000|100%| O|  |TAMS 0x0000000730800000| PB 0x0000000730800000| Untracked 
| 388|0x0000000730800000, 0x0000000730a00000, 0x0000000730a00000|100%| O|  |TAMS 0x0000000730a00000| PB 0x0000000730a00000| Untracked 
| 389|0x0000000730a00000, 0x0000000730c00000, 0x0000000730c00000|100%| O|  |TAMS 0x0000000730c00000| PB 0x0000000730c00000| Untracked 
| 390|0x0000000730c00000, 0x0000000730e00000, 0x0000000730e00000|100%| O|  |TAMS 0x0000000730e00000| PB 0x0000000730e00000| Updating 
| 391|0x0000000730e00000, 0x0000000731000000, 0x0000000731000000|100%| O|  |TAMS 0x0000000731000000| PB 0x0000000731000000| Untracked 
| 392|0x0000000731000000, 0x0000000731200000, 0x0000000731200000|100%| O|  |TAMS 0x0000000731200000| PB 0x0000000731200000| Untracked 
| 393|0x0000000731200000, 0x0000000731400000, 0x0000000731400000|100%| O|  |TAMS 0x0000000731400000| PB 0x0000000731400000| Updating 
| 394|0x0000000731400000, 0x0000000731600000, 0x0000000731600000|100%| O|  |TAMS 0x0000000731600000| PB 0x0000000731600000| Untracked 
| 395|0x0000000731600000, 0x0000000731800000, 0x0000000731800000|100%| O|  |TAMS 0x0000000731800000| PB 0x0000000731800000| Untracked 
| 396|0x0000000731800000, 0x0000000731a00000, 0x0000000731a00000|100%| O|  |TAMS 0x0000000731a00000| PB 0x0000000731a00000| Untracked 
| 397|0x0000000731a00000, 0x0000000731c00000, 0x0000000731c00000|100%| O|  |TAMS 0x0000000731c00000| PB 0x0000000731c00000| Updating 
| 398|0x0000000731c00000, 0x0000000731e00000, 0x0000000731e00000|100%| O|  |TAMS 0x0000000731e00000| PB 0x0000000731e00000| Untracked 
| 399|0x0000000731e00000, 0x0000000732000000, 0x0000000732000000|100%| O|  |TAMS 0x0000000732000000| PB 0x0000000732000000| Updating 
| 400|0x0000000732000000, 0x0000000732200000, 0x0000000732200000|100%| O|  |TAMS 0x0000000732200000| PB 0x0000000732200000| Updating 
| 401|0x0000000732200000, 0x0000000732400000, 0x0000000732400000|100%| O|  |TAMS 0x0000000732400000| PB 0x0000000732400000| Untracked 
| 402|0x0000000732400000, 0x0000000732600000, 0x0000000732600000|100%| O|  |TAMS 0x0000000732600000| PB 0x0000000732600000| Untracked 
| 403|0x0000000732600000, 0x0000000732800000, 0x0000000732800000|100%| O|  |TAMS 0x0000000732800000| PB 0x0000000732800000| Updating 
| 404|0x0000000732800000, 0x0000000732a00000, 0x0000000732a00000|100%| O|  |TAMS 0x0000000732a00000| PB 0x0000000732a00000| Updating 
| 405|0x0000000732a00000, 0x0000000732c00000, 0x0000000732c00000|100%| O|  |TAMS 0x0000000732c00000| PB 0x0000000732c00000| Untracked 
| 406|0x0000000732c00000, 0x0000000732e00000, 0x0000000732e00000|100%| O|  |TAMS 0x0000000732e00000| PB 0x0000000732e00000| Updating 
| 407|0x0000000732e00000, 0x0000000733000000, 0x0000000733000000|100%| O|  |TAMS 0x0000000733000000| PB 0x0000000733000000| Updating 
| 408|0x0000000733000000, 0x0000000733200000, 0x0000000733200000|100%| O|  |TAMS 0x0000000733200000| PB 0x0000000733200000| Updating 
| 409|0x0000000733200000, 0x0000000733400000, 0x0000000733400000|100%| O|  |TAMS 0x0000000733400000| PB 0x0000000733400000| Updating 
| 410|0x0000000733400000, 0x0000000733400000, 0x0000000733600000|  0%| F|  |TAMS 0x0000000733400000| PB 0x0000000733400000| Untracked 
| 411|0x0000000733600000, 0x0000000733800000, 0x0000000733800000|100%| O|  |TAMS 0x0000000733800000| PB 0x0000000733800000| Updating 
| 412|0x0000000733800000, 0x0000000733a00000, 0x0000000733a00000|100%| O|  |TAMS 0x0000000733a00000| PB 0x0000000733a00000| Updating 
| 413|0x0000000733a00000, 0x0000000733c00000, 0x0000000733c00000|100%| O|  |TAMS 0x0000000733c00000| PB 0x0000000733c00000| Untracked 
| 414|0x0000000733c00000, 0x0000000733e00000, 0x0000000733e00000|100%| O|  |TAMS 0x0000000733e00000| PB 0x0000000733e00000| Updating 
| 415|0x0000000733e00000, 0x0000000734000000, 0x0000000734000000|100%| O|  |TAMS 0x0000000734000000| PB 0x0000000734000000| Untracked 
| 416|0x0000000734000000, 0x0000000734200000, 0x0000000734200000|100%| O|  |TAMS 0x0000000734200000| PB 0x0000000734200000| Untracked 
| 417|0x0000000734200000, 0x0000000734400000, 0x0000000734400000|100%| O|  |TAMS 0x0000000734400000| PB 0x0000000734400000| Untracked 
| 418|0x0000000734400000, 0x0000000734600000, 0x0000000734600000|100%| O|  |TAMS 0x0000000734600000| PB 0x0000000734600000| Updating 
| 419|0x0000000734600000, 0x0000000734800000, 0x0000000734800000|100%| O|  |TAMS 0x0000000734800000| PB 0x0000000734800000| Updating 
| 420|0x0000000734800000, 0x0000000734a00000, 0x0000000734a00000|100%| O|  |TAMS 0x0000000734a00000| PB 0x0000000734a00000| Untracked 
| 421|0x0000000734a00000, 0x0000000734c00000, 0x0000000734c00000|100%| O|  |TAMS 0x0000000734c00000| PB 0x0000000734c00000| Untracked 
| 422|0x0000000734c00000, 0x0000000734e00000, 0x0000000734e00000|100%| O|  |TAMS 0x0000000734e00000| PB 0x0000000734e00000| Untracked 
| 423|0x0000000734e00000, 0x0000000735000000, 0x0000000735000000|100%| O|  |TAMS 0x0000000735000000| PB 0x0000000735000000| Untracked 
| 424|0x0000000735000000, 0x0000000735200000, 0x0000000735200000|100%| O|  |TAMS 0x0000000735200000| PB 0x0000000735200000| Untracked 
| 425|0x0000000735200000, 0x0000000735400000, 0x0000000735400000|100%| O|  |TAMS 0x0000000735400000| PB 0x0000000735400000| Untracked 
| 426|0x0000000735400000, 0x0000000735600000, 0x0000000735600000|100%| O|  |TAMS 0x0000000735600000| PB 0x0000000735600000| Untracked 
| 427|0x0000000735600000, 0x0000000735800000, 0x0000000735800000|100%| O|  |TAMS 0x0000000735800000| PB 0x0000000735800000| Untracked 
| 428|0x0000000735800000, 0x0000000735a00000, 0x0000000735a00000|100%| O|  |TAMS 0x0000000735a00000| PB 0x0000000735a00000| Untracked 
| 429|0x0000000735a00000, 0x0000000735c00000, 0x0000000735c00000|100%| O|  |TAMS 0x0000000735c00000| PB 0x0000000735c00000| Untracked 
| 430|0x0000000735c00000, 0x0000000735e00000, 0x0000000735e00000|100%| O|  |TAMS 0x0000000735e00000| PB 0x0000000735e00000| Untracked 
| 431|0x0000000735e00000, 0x0000000736000000, 0x0000000736000000|100%| O|  |TAMS 0x0000000736000000| PB 0x0000000736000000| Untracked 
| 432|0x0000000736000000, 0x0000000736200000, 0x0000000736200000|100%| O|  |TAMS 0x0000000736200000| PB 0x0000000736200000| Untracked 
| 433|0x0000000736200000, 0x0000000736400000, 0x0000000736400000|100%| O|  |TAMS 0x0000000736400000| PB 0x0000000736400000| Untracked 
| 434|0x0000000736400000, 0x0000000736600000, 0x0000000736600000|100%| O|  |TAMS 0x0000000736600000| PB 0x0000000736600000| Updating 
| 435|0x0000000736600000, 0x0000000736600000, 0x0000000736800000|  0%| F|  |TAMS 0x0000000736600000| PB 0x0000000736600000| Untracked 
| 436|0x0000000736800000, 0x0000000736a00000, 0x0000000736a00000|100%| O|  |TAMS 0x0000000736a00000| PB 0x0000000736a00000| Updating 
| 437|0x0000000736a00000, 0x0000000736a00000, 0x0000000736c00000|  0%| F|  |TAMS 0x0000000736a00000| PB 0x0000000736a00000| Untracked 
| 438|0x0000000736c00000, 0x0000000736c00000, 0x0000000736e00000|  0%| F|  |TAMS 0x0000000736c00000| PB 0x0000000736c00000| Untracked 
| 439|0x0000000736e00000, 0x0000000737000000, 0x0000000737000000|100%| O|  |TAMS 0x0000000737000000| PB 0x0000000737000000| Updating 
| 440|0x0000000737000000, 0x0000000737200000, 0x0000000737200000|100%| O|  |TAMS 0x0000000737200000| PB 0x0000000737200000| Untracked 
| 441|0x0000000737200000, 0x0000000737400000, 0x0000000737400000|100%| O|  |TAMS 0x0000000737400000| PB 0x0000000737400000| Untracked 
| 442|0x0000000737400000, 0x0000000737600000, 0x0000000737600000|100%| O|  |TAMS 0x0000000737600000| PB 0x0000000737600000| Updating 
| 443|0x0000000737600000, 0x0000000737800000, 0x0000000737800000|100%| O|  |TAMS 0x0000000737800000| PB 0x0000000737800000| Updating 
| 444|0x0000000737800000, 0x0000000737a00000, 0x0000000737a00000|100%| O|  |TAMS 0x0000000737a00000| PB 0x0000000737a00000| Untracked 
| 445|0x0000000737a00000, 0x0000000737c00000, 0x0000000737c00000|100%| O|  |TAMS 0x0000000737c00000| PB 0x0000000737c00000| Updating 
| 446|0x0000000737c00000, 0x0000000737e00000, 0x0000000737e00000|100%| O|  |TAMS 0x0000000737e00000| PB 0x0000000737e00000| Untracked 
| 447|0x0000000737e00000, 0x0000000738000000, 0x0000000738000000|100%| O|  |TAMS 0x0000000738000000| PB 0x0000000738000000| Untracked 
| 448|0x0000000738000000, 0x0000000738200000, 0x0000000738200000|100%| O|  |TAMS 0x0000000738200000| PB 0x0000000738200000| Untracked 
| 449|0x0000000738200000, 0x0000000738400000, 0x0000000738400000|100%| O|  |TAMS 0x0000000738400000| PB 0x0000000738400000| Untracked 
| 450|0x0000000738400000, 0x0000000738600000, 0x0000000738600000|100%| O|  |TAMS 0x0000000738600000| PB 0x0000000738600000| Untracked 
| 451|0x0000000738600000, 0x0000000738800000, 0x0000000738800000|100%| O|  |TAMS 0x0000000738800000| PB 0x0000000738800000| Updating 
| 452|0x0000000738800000, 0x0000000738a00000, 0x0000000738a00000|100%| O|  |TAMS 0x0000000738a00000| PB 0x0000000738a00000| Updating 
| 453|0x0000000738a00000, 0x0000000738c00000, 0x0000000738c00000|100%| O|  |TAMS 0x0000000738c00000| PB 0x0000000738c00000| Untracked 
| 454|0x0000000738c00000, 0x0000000738e00000, 0x0000000738e00000|100%| O|  |TAMS 0x0000000738e00000| PB 0x0000000738e00000| Updating 
| 455|0x0000000738e00000, 0x0000000739000000, 0x0000000739000000|100%| O|  |TAMS 0x0000000739000000| PB 0x0000000739000000| Untracked 
| 456|0x0000000739000000, 0x0000000739000000, 0x0000000739200000|  0%| F|  |TAMS 0x0000000739000000| PB 0x0000000739000000| Untracked 
| 457|0x0000000739200000, 0x0000000739400000, 0x0000000739400000|100%| O|  |TAMS 0x0000000739400000| PB 0x0000000739400000| Untracked 
| 458|0x0000000739400000, 0x0000000739600000, 0x0000000739600000|100%| O|  |TAMS 0x0000000739600000| PB 0x0000000739600000| Updating 
| 459|0x0000000739600000, 0x0000000739800000, 0x0000000739800000|100%| O|  |TAMS 0x0000000739800000| PB 0x0000000739800000| Untracked 
| 460|0x0000000739800000, 0x0000000739a00000, 0x0000000739a00000|100%| O|  |TAMS 0x0000000739a00000| PB 0x0000000739a00000| Untracked 
| 461|0x0000000739a00000, 0x0000000739c00000, 0x0000000739c00000|100%| O|  |TAMS 0x0000000739c00000| PB 0x0000000739c00000| Updating 
| 462|0x0000000739c00000, 0x0000000739e00000, 0x0000000739e00000|100%| O|  |TAMS 0x0000000739e00000| PB 0x0000000739e00000| Updating 
| 463|0x0000000739e00000, 0x000000073a000000, 0x000000073a000000|100%| O|  |TAMS 0x000000073a000000| PB 0x000000073a000000| Updating 
| 464|0x000000073a000000, 0x000000073a200000, 0x000000073a200000|100%| O|  |TAMS 0x000000073a200000| PB 0x000000073a200000| Updating 
| 465|0x000000073a200000, 0x000000073a200000, 0x000000073a400000|  0%| F|  |TAMS 0x000000073a200000| PB 0x000000073a200000| Untracked 
| 466|0x000000073a400000, 0x000000073a600000, 0x000000073a600000|100%| O|  |TAMS 0x000000073a600000| PB 0x000000073a600000| Updating 
| 467|0x000000073a600000, 0x000000073a800000, 0x000000073a800000|100%| O|  |TAMS 0x000000073a800000| PB 0x000000073a800000| Updating 
| 468|0x000000073a800000, 0x000000073aa00000, 0x000000073aa00000|100%| O|  |TAMS 0x000000073aa00000| PB 0x000000073aa00000| Updating 
| 469|0x000000073aa00000, 0x000000073ac00000, 0x000000073ac00000|100%| O|  |TAMS 0x000000073ac00000| PB 0x000000073ac00000| Untracked 
| 470|0x000000073ac00000, 0x000000073ae00000, 0x000000073ae00000|100%| O|  |TAMS 0x000000073ae00000| PB 0x000000073ae00000| Updating 
| 471|0x000000073ae00000, 0x000000073b000000, 0x000000073b000000|100%| O|  |TAMS 0x000000073b000000| PB 0x000000073b000000| Untracked 
| 472|0x000000073b000000, 0x000000073b200000, 0x000000073b200000|100%| O|  |TAMS 0x000000073b200000| PB 0x000000073b200000| Updating 
| 473|0x000000073b200000, 0x000000073b400000, 0x000000073b400000|100%| O|  |TAMS 0x000000073b400000| PB 0x000000073b400000| Untracked 
| 474|0x000000073b400000, 0x000000073b600000, 0x000000073b600000|100%| O|  |TAMS 0x000000073b600000| PB 0x000000073b600000| Updating 
| 475|0x000000073b600000, 0x000000073b800000, 0x000000073b800000|100%| O|  |TAMS 0x000000073b800000| PB 0x000000073b800000| Updating 
| 476|0x000000073b800000, 0x000000073ba00000, 0x000000073ba00000|100%| O|  |TAMS 0x000000073ba00000| PB 0x000000073ba00000| Untracked 
| 477|0x000000073ba00000, 0x000000073bc00000, 0x000000073bc00000|100%| O|  |TAMS 0x000000073bc00000| PB 0x000000073bc00000| Updating 
| 478|0x000000073bc00000, 0x000000073be00000, 0x000000073be00000|100%| O|  |TAMS 0x000000073be00000| PB 0x000000073be00000| Updating 
| 479|0x000000073be00000, 0x000000073c000000, 0x000000073c000000|100%| O|  |TAMS 0x000000073c000000| PB 0x000000073c000000| Untracked 
| 480|0x000000073c000000, 0x000000073c200000, 0x000000073c200000|100%| O|  |TAMS 0x000000073c200000| PB 0x000000073c200000| Updating 
| 481|0x000000073c200000, 0x000000073c400000, 0x000000073c400000|100%| O|  |TAMS 0x000000073c400000| PB 0x000000073c400000| Updating 
| 482|0x000000073c400000, 0x000000073c600000, 0x000000073c600000|100%| O|  |TAMS 0x000000073c600000| PB 0x000000073c600000| Updating 
| 483|0x000000073c600000, 0x000000073c600000, 0x000000073c800000|  0%| F|  |TAMS 0x000000073c600000| PB 0x000000073c600000| Untracked 
| 484|0x000000073c800000, 0x000000073ca00000, 0x000000073ca00000|100%| O|  |TAMS 0x000000073ca00000| PB 0x000000073ca00000| Updating 
| 485|0x000000073ca00000, 0x000000073cc00000, 0x000000073cc00000|100%| S|CS|TAMS 0x000000073ca00000| PB 0x000000073ca00000| Complete 
| 486|0x000000073cc00000, 0x000000073ce00000, 0x000000073ce00000|100%| S|CS|TAMS 0x000000073cc00000| PB 0x000000073cc00000| Complete 
| 487|0x000000073ce00000, 0x000000073d000000, 0x000000073d000000|100%| O|  |TAMS 0x000000073d000000| PB 0x000000073d000000| Untracked 
| 488|0x000000073d000000, 0x000000073d200000, 0x000000073d200000|100%| O|  |TAMS 0x000000073d200000| PB 0x000000073d200000| Untracked 
| 489|0x000000073d200000, 0x000000073d400000, 0x000000073d400000|100%| O|  |TAMS 0x000000073d400000| PB 0x000000073d400000| Updating 
| 490|0x000000073d400000, 0x000000073d600000, 0x000000073d600000|100%| O|  |TAMS 0x000000073d600000| PB 0x000000073d600000| Untracked 
| 491|0x000000073d600000, 0x000000073d800000, 0x000000073d800000|100%| O|  |TAMS 0x000000073d800000| PB 0x000000073d800000| Untracked 
| 492|0x000000073d800000, 0x000000073da00000, 0x000000073da00000|100%| O|  |TAMS 0x000000073da00000| PB 0x000000073da00000| Untracked 
| 493|0x000000073da00000, 0x000000073dc00000, 0x000000073dc00000|100%| O|  |TAMS 0x000000073dc00000| PB 0x000000073dc00000| Untracked 
| 494|0x000000073dc00000, 0x000000073de00000, 0x000000073de00000|100%| O|  |TAMS 0x000000073de00000| PB 0x000000073de00000| Updating 
| 495|0x000000073de00000, 0x000000073e000000, 0x000000073e000000|100%| O|  |TAMS 0x000000073e000000| PB 0x000000073e000000| Untracked 
| 496|0x000000073e000000, 0x000000073e200000, 0x000000073e200000|100%| O|  |TAMS 0x000000073e200000| PB 0x000000073e200000| Updating 
| 497|0x000000073e200000, 0x000000073e400000, 0x000000073e400000|100%| O|  |TAMS 0x000000073e400000| PB 0x000000073e400000| Untracked 
| 498|0x000000073e400000, 0x000000073e600000, 0x000000073e600000|100%| O|  |TAMS 0x000000073e600000| PB 0x000000073e600000| Untracked 
| 499|0x000000073e600000, 0x000000073e800000, 0x000000073e800000|100%| O|  |TAMS 0x000000073e800000| PB 0x000000073e800000| Untracked 
| 500|0x000000073e800000, 0x000000073ea00000, 0x000000073ea00000|100%| O|  |TAMS 0x000000073ea00000| PB 0x000000073ea00000| Untracked 
| 501|0x000000073ea00000, 0x000000073ec00000, 0x000000073ec00000|100%| O|  |TAMS 0x000000073ec00000| PB 0x000000073ec00000| Untracked 
| 502|0x000000073ec00000, 0x000000073ee00000, 0x000000073ee00000|100%| O|  |TAMS 0x000000073ee00000| PB 0x000000073ee00000| Updating 
| 503|0x000000073ee00000, 0x000000073f000000, 0x000000073f000000|100%| O|  |TAMS 0x000000073f000000| PB 0x000000073f000000| Updating 
| 504|0x000000073f000000, 0x000000073f200000, 0x000000073f200000|100%| S|CS|TAMS 0x000000073f000000| PB 0x000000073f000000| Complete 
| 505|0x000000073f200000, 0x000000073f400000, 0x000000073f400000|100%| S|CS|TAMS 0x000000073f200000| PB 0x000000073f200000| Complete 
| 506|0x000000073f400000, 0x000000073f600000, 0x000000073f600000|100%| S|CS|TAMS 0x000000073f400000| PB 0x000000073f400000| Complete 
| 507|0x000000073f600000, 0x000000073f800000, 0x000000073f800000|100%| S|CS|TAMS 0x000000073f600000| PB 0x000000073f600000| Complete 
| 508|0x000000073f800000, 0x000000073fa00000, 0x000000073fa00000|100%| S|CS|TAMS 0x000000073f800000| PB 0x000000073f800000| Complete 
| 509|0x000000073fa00000, 0x000000073fc00000, 0x000000073fc00000|100%| S|CS|TAMS 0x000000073fa00000| PB 0x000000073fa00000| Complete 
| 510|0x000000073fc00000, 0x000000073fe00000, 0x000000073fe00000|100%| S|CS|TAMS 0x000000073fc00000| PB 0x000000073fc00000| Complete 
| 511|0x000000073fe00000, 0x0000000740000000, 0x0000000740000000|100%| S|CS|TAMS 0x000000073fe00000| PB 0x000000073fe00000| Complete 
| 512|0x0000000740000000, 0x0000000740200000, 0x0000000740200000|100%| S|CS|TAMS 0x0000000740000000| PB 0x0000000740000000| Complete 
| 513|0x0000000740200000, 0x0000000740400000, 0x0000000740400000|100%| S|CS|TAMS 0x0000000740200000| PB 0x0000000740200000| Complete 
| 514|0x0000000740400000, 0x0000000740600000, 0x0000000740600000|100%| S|CS|TAMS 0x0000000740400000| PB 0x0000000740400000| Complete 
| 515|0x0000000740600000, 0x0000000740800000, 0x0000000740800000|100%| S|CS|TAMS 0x0000000740600000| PB 0x0000000740600000| Complete 
| 516|0x0000000740800000, 0x0000000740a00000, 0x0000000740a00000|100%| S|CS|TAMS 0x0000000740800000| PB 0x0000000740800000| Complete 
| 517|0x0000000740a00000, 0x0000000740c00000, 0x0000000740c00000|100%| S|CS|TAMS 0x0000000740a00000| PB 0x0000000740a00000| Complete 
| 518|0x0000000740c00000, 0x0000000740e00000, 0x0000000740e00000|100%| S|CS|TAMS 0x0000000740c00000| PB 0x0000000740c00000| Complete 
| 519|0x0000000740e00000, 0x0000000741000000, 0x0000000741000000|100%| S|CS|TAMS 0x0000000740e00000| PB 0x0000000740e00000| Complete 
| 520|0x0000000741000000, 0x0000000741200000, 0x0000000741200000|100%| S|CS|TAMS 0x0000000741000000| PB 0x0000000741000000| Complete 
| 521|0x0000000741200000, 0x0000000741400000, 0x0000000741400000|100%| S|CS|TAMS 0x0000000741200000| PB 0x0000000741200000| Complete 
| 522|0x0000000741400000, 0x0000000741600000, 0x0000000741600000|100%| S|CS|TAMS 0x0000000741400000| PB 0x0000000741400000| Complete 
| 523|0x0000000741600000, 0x0000000741600000, 0x0000000741800000|  0%| F|  |TAMS 0x0000000741600000| PB 0x0000000741600000| Untracked 
| 524|0x0000000741800000, 0x0000000741800000, 0x0000000741a00000|  0%| F|  |TAMS 0x0000000741800000| PB 0x0000000741800000| Untracked 
| 525|0x0000000741a00000, 0x0000000741a00000, 0x0000000741c00000|  0%| F|  |TAMS 0x0000000741a00000| PB 0x0000000741a00000| Untracked 
| 526|0x0000000741c00000, 0x0000000741c00000, 0x0000000741e00000|  0%| F|  |TAMS 0x0000000741c00000| PB 0x0000000741c00000| Untracked 
| 527|0x0000000741e00000, 0x0000000741e00000, 0x0000000742000000|  0%| F|  |TAMS 0x0000000741e00000| PB 0x0000000741e00000| Untracked 
| 528|0x0000000742000000, 0x0000000742000000, 0x0000000742200000|  0%| F|  |TAMS 0x0000000742000000| PB 0x0000000742000000| Untracked 
| 529|0x0000000742200000, 0x0000000742200000, 0x0000000742400000|  0%| F|  |TAMS 0x0000000742200000| PB 0x0000000742200000| Untracked 
| 530|0x0000000742400000, 0x0000000742400000, 0x0000000742600000|  0%| F|  |TAMS 0x0000000742400000| PB 0x0000000742400000| Untracked 
| 531|0x0000000742600000, 0x0000000742600000, 0x0000000742800000|  0%| F|  |TAMS 0x0000000742600000| PB 0x0000000742600000| Untracked 
| 532|0x0000000742800000, 0x0000000742800000, 0x0000000742a00000|  0%| F|  |TAMS 0x0000000742800000| PB 0x0000000742800000| Untracked 
| 533|0x0000000742a00000, 0x0000000742a00000, 0x0000000742c00000|  0%| F|  |TAMS 0x0000000742a00000| PB 0x0000000742a00000| Untracked 
| 534|0x0000000742c00000, 0x0000000742c00000, 0x0000000742e00000|  0%| F|  |TAMS 0x0000000742c00000| PB 0x0000000742c00000| Untracked 
| 535|0x0000000742e00000, 0x0000000742e00000, 0x0000000743000000|  0%| F|  |TAMS 0x0000000742e00000| PB 0x0000000742e00000| Untracked 
| 536|0x0000000743000000, 0x0000000743000000, 0x0000000743200000|  0%| F|  |TAMS 0x0000000743000000| PB 0x0000000743000000| Untracked 
| 537|0x0000000743200000, 0x0000000743200000, 0x0000000743400000|  0%| F|  |TAMS 0x0000000743200000| PB 0x0000000743200000| Untracked 
| 538|0x0000000743400000, 0x0000000743400000, 0x0000000743600000|  0%| F|  |TAMS 0x0000000743400000| PB 0x0000000743400000| Untracked 
| 539|0x0000000743600000, 0x0000000743600000, 0x0000000743800000|  0%| F|  |TAMS 0x0000000743600000| PB 0x0000000743600000| Untracked 
| 540|0x0000000743800000, 0x0000000743800000, 0x0000000743a00000|  0%| F|  |TAMS 0x0000000743800000| PB 0x0000000743800000| Untracked 
| 541|0x0000000743a00000, 0x0000000743a00000, 0x0000000743c00000|  0%| F|  |TAMS 0x0000000743a00000| PB 0x0000000743a00000| Untracked 
| 542|0x0000000743c00000, 0x0000000743c00000, 0x0000000743e00000|  0%| F|  |TAMS 0x0000000743c00000| PB 0x0000000743c00000| Untracked 
| 543|0x0000000743e00000, 0x0000000743e00000, 0x0000000744000000|  0%| F|  |TAMS 0x0000000743e00000| PB 0x0000000743e00000| Untracked 
| 544|0x0000000744000000, 0x0000000744000000, 0x0000000744200000|  0%| F|  |TAMS 0x0000000744000000| PB 0x0000000744000000| Untracked 
| 545|0x0000000744200000, 0x0000000744200000, 0x0000000744400000|  0%| F|  |TAMS 0x0000000744200000| PB 0x0000000744200000| Untracked 
| 546|0x0000000744400000, 0x0000000744400000, 0x0000000744600000|  0%| F|  |TAMS 0x0000000744400000| PB 0x0000000744400000| Untracked 
| 547|0x0000000744600000, 0x0000000744600000, 0x0000000744800000|  0%| F|  |TAMS 0x0000000744600000| PB 0x0000000744600000| Untracked 
| 548|0x0000000744800000, 0x0000000744800000, 0x0000000744a00000|  0%| F|  |TAMS 0x0000000744800000| PB 0x0000000744800000| Untracked 
| 549|0x0000000744a00000, 0x0000000744a00000, 0x0000000744c00000|  0%| F|  |TAMS 0x0000000744a00000| PB 0x0000000744a00000| Untracked 
| 550|0x0000000744c00000, 0x0000000744c00000, 0x0000000744e00000|  0%| F|  |TAMS 0x0000000744c00000| PB 0x0000000744c00000| Untracked 
| 551|0x0000000744e00000, 0x0000000744e00000, 0x0000000745000000|  0%| F|  |TAMS 0x0000000744e00000| PB 0x0000000744e00000| Untracked 
| 552|0x0000000745000000, 0x0000000745000000, 0x0000000745200000|  0%| F|  |TAMS 0x0000000745000000| PB 0x0000000745000000| Untracked 
| 553|0x0000000745200000, 0x0000000745200000, 0x0000000745400000|  0%| F|  |TAMS 0x0000000745200000| PB 0x0000000745200000| Untracked 
| 554|0x0000000745400000, 0x0000000745600000, 0x0000000745600000|100%| S|CS|TAMS 0x0000000745400000| PB 0x0000000745400000| Complete 
| 555|0x0000000745600000, 0x0000000745800000, 0x0000000745800000|100%| S|CS|TAMS 0x0000000745600000| PB 0x0000000745600000| Complete 
| 556|0x0000000745800000, 0x0000000745a00000, 0x0000000745a00000|100%| S|CS|TAMS 0x0000000745800000| PB 0x0000000745800000| Complete 
| 557|0x0000000745a00000, 0x0000000745c00000, 0x0000000745c00000|100%| S|CS|TAMS 0x0000000745a00000| PB 0x0000000745a00000| Complete 
| 558|0x0000000745c00000, 0x0000000745e00000, 0x0000000745e00000|100%| S|CS|TAMS 0x0000000745c00000| PB 0x0000000745c00000| Complete 
| 559|0x0000000745e00000, 0x0000000746000000, 0x0000000746000000|100%| S|CS|TAMS 0x0000000745e00000| PB 0x0000000745e00000| Complete 
| 560|0x0000000746000000, 0x0000000746200000, 0x0000000746200000|100%| S|CS|TAMS 0x0000000746000000| PB 0x0000000746000000| Complete 
| 561|0x0000000746200000, 0x0000000746400000, 0x0000000746400000|100%| S|CS|TAMS 0x0000000746200000| PB 0x0000000746200000| Complete 
| 562|0x0000000746400000, 0x0000000746600000, 0x0000000746600000|100%| S|CS|TAMS 0x0000000746400000| PB 0x0000000746400000| Complete 
| 563|0x0000000746600000, 0x0000000746800000, 0x0000000746800000|100%| S|CS|TAMS 0x0000000746600000| PB 0x0000000746600000| Complete 
| 564|0x0000000746800000, 0x0000000746a00000, 0x0000000746a00000|100%| S|CS|TAMS 0x0000000746800000| PB 0x0000000746800000| Complete 
| 565|0x0000000746a00000, 0x0000000746c00000, 0x0000000746c00000|100%| S|CS|TAMS 0x0000000746a00000| PB 0x0000000746a00000| Complete 
| 566|0x0000000746c00000, 0x0000000746e00000, 0x0000000746e00000|100%| S|CS|TAMS 0x0000000746c00000| PB 0x0000000746c00000| Complete 
| 567|0x0000000746e00000, 0x0000000747000000, 0x0000000747000000|100%| S|CS|TAMS 0x0000000746e00000| PB 0x0000000746e00000| Complete 
| 568|0x0000000747000000, 0x0000000747200000, 0x0000000747200000|100%| S|CS|TAMS 0x0000000747000000| PB 0x0000000747000000| Complete 
| 569|0x0000000747200000, 0x0000000747400000, 0x0000000747400000|100%| S|CS|TAMS 0x0000000747200000| PB 0x0000000747200000| Complete 
| 570|0x0000000747400000, 0x0000000747600000, 0x0000000747600000|100%| S|CS|TAMS 0x0000000747400000| PB 0x0000000747400000| Complete 
| 571|0x0000000747600000, 0x0000000747800000, 0x0000000747800000|100%| S|CS|TAMS 0x0000000747600000| PB 0x0000000747600000| Complete 
| 572|0x0000000747800000, 0x0000000747a00000, 0x0000000747a00000|100%| S|CS|TAMS 0x0000000747800000| PB 0x0000000747800000| Complete 
| 573|0x0000000747a00000, 0x0000000747c00000, 0x0000000747c00000|100%| S|CS|TAMS 0x0000000747a00000| PB 0x0000000747a00000| Complete 
| 574|0x0000000747c00000, 0x0000000747e00000, 0x0000000747e00000|100%| S|CS|TAMS 0x0000000747c00000| PB 0x0000000747c00000| Complete 
| 575|0x0000000747e00000, 0x0000000748000000, 0x0000000748000000|100%| S|CS|TAMS 0x0000000747e00000| PB 0x0000000747e00000| Complete 
| 576|0x0000000748000000, 0x0000000748200000, 0x0000000748200000|100%| S|CS|TAMS 0x0000000748000000| PB 0x0000000748000000| Complete 
| 577|0x0000000748200000, 0x0000000748400000, 0x0000000748400000|100%| S|CS|TAMS 0x0000000748200000| PB 0x0000000748200000| Complete 
| 578|0x0000000748400000, 0x0000000748600000, 0x0000000748600000|100%| S|CS|TAMS 0x0000000748400000| PB 0x0000000748400000| Complete 
| 579|0x0000000748600000, 0x0000000748800000, 0x0000000748800000|100%| S|CS|TAMS 0x0000000748600000| PB 0x0000000748600000| Complete 
| 580|0x0000000748800000, 0x0000000748800000, 0x0000000748a00000|  0%| F|  |TAMS 0x0000000748800000| PB 0x0000000748800000| Untracked 
| 581|0x0000000748a00000, 0x0000000748a00000, 0x0000000748c00000|  0%| F|  |TAMS 0x0000000748a00000| PB 0x0000000748a00000| Untracked 
| 582|0x0000000748c00000, 0x0000000748c00000, 0x0000000748e00000|  0%| F|  |TAMS 0x0000000748c00000| PB 0x0000000748c00000| Untracked 
| 583|0x0000000748e00000, 0x0000000748e00000, 0x0000000749000000|  0%| F|  |TAMS 0x0000000748e00000| PB 0x0000000748e00000| Untracked 
| 584|0x0000000749000000, 0x0000000749000000, 0x0000000749200000|  0%| F|  |TAMS 0x0000000749000000| PB 0x0000000749000000| Untracked 
| 585|0x0000000749200000, 0x0000000749200000, 0x0000000749400000|  0%| F|  |TAMS 0x0000000749200000| PB 0x0000000749200000| Untracked 
| 586|0x0000000749400000, 0x0000000749400000, 0x0000000749600000|  0%| F|  |TAMS 0x0000000749400000| PB 0x0000000749400000| Untracked 
| 587|0x0000000749600000, 0x0000000749600000, 0x0000000749800000|  0%| F|  |TAMS 0x0000000749600000| PB 0x0000000749600000| Untracked 
| 588|0x0000000749800000, 0x0000000749800000, 0x0000000749a00000|  0%| F|  |TAMS 0x0000000749800000| PB 0x0000000749800000| Untracked 
| 589|0x0000000749a00000, 0x0000000749a00000, 0x0000000749c00000|  0%| F|  |TAMS 0x0000000749a00000| PB 0x0000000749a00000| Untracked 
| 590|0x0000000749c00000, 0x0000000749c00000, 0x0000000749e00000|  0%| F|  |TAMS 0x0000000749c00000| PB 0x0000000749c00000| Untracked 
| 591|0x0000000749e00000, 0x0000000749e00000, 0x000000074a000000|  0%| F|  |TAMS 0x0000000749e00000| PB 0x0000000749e00000| Untracked 
| 592|0x000000074a000000, 0x000000074a000000, 0x000000074a200000|  0%| F|  |TAMS 0x000000074a000000| PB 0x000000074a000000| Untracked 
| 593|0x000000074a200000, 0x000000074a200000, 0x000000074a400000|  0%| F|  |TAMS 0x000000074a200000| PB 0x000000074a200000| Untracked 
| 594|0x000000074a400000, 0x000000074a400000, 0x000000074a600000|  0%| F|  |TAMS 0x000000074a400000| PB 0x000000074a400000| Untracked 
| 595|0x000000074a600000, 0x000000074a600000, 0x000000074a800000|  0%| F|  |TAMS 0x000000074a600000| PB 0x000000074a600000| Untracked 
| 596|0x000000074a800000, 0x000000074a800000, 0x000000074aa00000|  0%| F|  |TAMS 0x000000074a800000| PB 0x000000074a800000| Untracked 
| 597|0x000000074aa00000, 0x000000074aa00000, 0x000000074ac00000|  0%| F|  |TAMS 0x000000074aa00000| PB 0x000000074aa00000| Untracked 
| 598|0x000000074ac00000, 0x000000074ac00000, 0x000000074ae00000|  0%| F|  |TAMS 0x000000074ac00000| PB 0x000000074ac00000| Untracked 
| 599|0x000000074ae00000, 0x000000074ae00000, 0x000000074b000000|  0%| F|  |TAMS 0x000000074ae00000| PB 0x000000074ae00000| Untracked 
| 600|0x000000074b000000, 0x000000074b000000, 0x000000074b200000|  0%| F|  |TAMS 0x000000074b000000| PB 0x000000074b000000| Untracked 
| 601|0x000000074b200000, 0x000000074b200000, 0x000000074b400000|  0%| F|  |TAMS 0x000000074b200000| PB 0x000000074b200000| Untracked 
| 602|0x000000074b400000, 0x000000074b400000, 0x000000074b600000|  0%| F|  |TAMS 0x000000074b400000| PB 0x000000074b400000| Untracked 
| 603|0x000000074b600000, 0x000000074b600000, 0x000000074b800000|  0%| F|  |TAMS 0x000000074b600000| PB 0x000000074b600000| Untracked 
| 604|0x000000074b800000, 0x000000074b800000, 0x000000074ba00000|  0%| F|  |TAMS 0x000000074b800000| PB 0x000000074b800000| Untracked 
| 605|0x000000074ba00000, 0x000000074ba00000, 0x000000074bc00000|  0%| F|  |TAMS 0x000000074ba00000| PB 0x000000074ba00000| Untracked 
| 606|0x000000074bc00000, 0x000000074bc00000, 0x000000074be00000|  0%| F|  |TAMS 0x000000074bc00000| PB 0x000000074bc00000| Untracked 
| 607|0x000000074be00000, 0x000000074be00000, 0x000000074c000000|  0%| F|  |TAMS 0x000000074be00000| PB 0x000000074be00000| Untracked 
| 608|0x000000074c000000, 0x000000074c000000, 0x000000074c200000|  0%| F|  |TAMS 0x000000074c000000| PB 0x000000074c000000| Untracked 
| 609|0x000000074c200000, 0x000000074c200000, 0x000000074c400000|  0%| F|  |TAMS 0x000000074c200000| PB 0x000000074c200000| Untracked 
| 610|0x000000074c400000, 0x000000074c400000, 0x000000074c600000|  0%| F|  |TAMS 0x000000074c400000| PB 0x000000074c400000| Untracked 
| 611|0x000000074c600000, 0x000000074c600000, 0x000000074c800000|  0%| F|  |TAMS 0x000000074c600000| PB 0x000000074c600000| Untracked 
| 612|0x000000074c800000, 0x000000074c800000, 0x000000074ca00000|  0%| F|  |TAMS 0x000000074c800000| PB 0x000000074c800000| Untracked 
| 613|0x000000074ca00000, 0x000000074ca00000, 0x000000074cc00000|  0%| F|  |TAMS 0x000000074ca00000| PB 0x000000074ca00000| Untracked 
| 614|0x000000074cc00000, 0x000000074cc00000, 0x000000074ce00000|  0%| F|  |TAMS 0x000000074cc00000| PB 0x000000074cc00000| Untracked 
| 615|0x000000074ce00000, 0x000000074ce00000, 0x000000074d000000|  0%| F|  |TAMS 0x000000074ce00000| PB 0x000000074ce00000| Untracked 
| 616|0x000000074d000000, 0x000000074d000000, 0x000000074d200000|  0%| F|  |TAMS 0x000000074d000000| PB 0x000000074d000000| Untracked 
| 617|0x000000074d200000, 0x000000074d200000, 0x000000074d400000|  0%| F|  |TAMS 0x000000074d200000| PB 0x000000074d200000| Untracked 
| 618|0x000000074d400000, 0x000000074d400000, 0x000000074d600000|  0%| F|  |TAMS 0x000000074d400000| PB 0x000000074d400000| Untracked 
| 619|0x000000074d600000, 0x000000074d600000, 0x000000074d800000|  0%| F|  |TAMS 0x000000074d600000| PB 0x000000074d600000| Untracked 
| 620|0x000000074d800000, 0x000000074d800000, 0x000000074da00000|  0%| F|  |TAMS 0x000000074d800000| PB 0x000000074d800000| Untracked 
| 621|0x000000074da00000, 0x000000074da00000, 0x000000074dc00000|  0%| F|  |TAMS 0x000000074da00000| PB 0x000000074da00000| Untracked 
| 622|0x000000074dc00000, 0x000000074dc00000, 0x000000074de00000|  0%| F|  |TAMS 0x000000074dc00000| PB 0x000000074dc00000| Untracked 
| 623|0x000000074de00000, 0x000000074de00000, 0x000000074e000000|  0%| F|  |TAMS 0x000000074de00000| PB 0x000000074de00000| Untracked 
| 624|0x000000074e000000, 0x000000074e000000, 0x000000074e200000|  0%| F|  |TAMS 0x000000074e000000| PB 0x000000074e000000| Untracked 
| 625|0x000000074e200000, 0x000000074e200000, 0x000000074e400000|  0%| F|  |TAMS 0x000000074e200000| PB 0x000000074e200000| Untracked 
| 626|0x000000074e400000, 0x000000074e400000, 0x000000074e600000|  0%| F|  |TAMS 0x000000074e400000| PB 0x000000074e400000| Untracked 
| 627|0x000000074e600000, 0x000000074e600000, 0x000000074e800000|  0%| F|  |TAMS 0x000000074e600000| PB 0x000000074e600000| Untracked 
| 628|0x000000074e800000, 0x000000074e800000, 0x000000074ea00000|  0%| F|  |TAMS 0x000000074e800000| PB 0x000000074e800000| Untracked 
| 629|0x000000074ea00000, 0x000000074ea00000, 0x000000074ec00000|  0%| F|  |TAMS 0x000000074ea00000| PB 0x000000074ea00000| Untracked 
| 630|0x000000074ec00000, 0x000000074ec00000, 0x000000074ee00000|  0%| F|  |TAMS 0x000000074ec00000| PB 0x000000074ec00000| Untracked 
| 631|0x000000074ee00000, 0x000000074ee00000, 0x000000074f000000|  0%| F|  |TAMS 0x000000074ee00000| PB 0x000000074ee00000| Untracked 
| 632|0x000000074f000000, 0x000000074f000000, 0x000000074f200000|  0%| F|  |TAMS 0x000000074f000000| PB 0x000000074f000000| Untracked 
| 633|0x000000074f200000, 0x000000074f200000, 0x000000074f400000|  0%| F|  |TAMS 0x000000074f200000| PB 0x000000074f200000| Untracked 
| 634|0x000000074f400000, 0x000000074f400000, 0x000000074f600000|  0%| F|  |TAMS 0x000000074f400000| PB 0x000000074f400000| Untracked 
| 635|0x000000074f600000, 0x000000074f600000, 0x000000074f800000|  0%| F|  |TAMS 0x000000074f600000| PB 0x000000074f600000| Untracked 
| 636|0x000000074f800000, 0x000000074f800000, 0x000000074fa00000|  0%| F|  |TAMS 0x000000074f800000| PB 0x000000074f800000| Untracked 
| 637|0x000000074fa00000, 0x000000074fa00000, 0x000000074fc00000|  0%| F|  |TAMS 0x000000074fa00000| PB 0x000000074fa00000| Untracked 
| 638|0x000000074fc00000, 0x000000074fc00000, 0x000000074fe00000|  0%| F|  |TAMS 0x000000074fc00000| PB 0x000000074fc00000| Untracked 
| 639|0x000000074fe00000, 0x000000074fe00000, 0x0000000750000000|  0%| F|  |TAMS 0x000000074fe00000| PB 0x000000074fe00000| Untracked 
| 640|0x0000000750000000, 0x0000000750000000, 0x0000000750200000|  0%| F|  |TAMS 0x0000000750000000| PB 0x0000000750000000| Untracked 
| 641|0x0000000750200000, 0x0000000750200000, 0x0000000750400000|  0%| F|  |TAMS 0x0000000750200000| PB 0x0000000750200000| Untracked 
| 642|0x0000000750400000, 0x0000000750400000, 0x0000000750600000|  0%| F|  |TAMS 0x0000000750400000| PB 0x0000000750400000| Untracked 
| 643|0x0000000750600000, 0x0000000750600000, 0x0000000750800000|  0%| F|  |TAMS 0x0000000750600000| PB 0x0000000750600000| Untracked 
| 644|0x0000000750800000, 0x0000000750800000, 0x0000000750a00000|  0%| F|  |TAMS 0x0000000750800000| PB 0x0000000750800000| Untracked 
| 645|0x0000000750a00000, 0x0000000750a00000, 0x0000000750c00000|  0%| F|  |TAMS 0x0000000750a00000| PB 0x0000000750a00000| Untracked 
| 646|0x0000000750c00000, 0x0000000750c00000, 0x0000000750e00000|  0%| F|  |TAMS 0x0000000750c00000| PB 0x0000000750c00000| Untracked 
| 647|0x0000000750e00000, 0x0000000750e00000, 0x0000000751000000|  0%| F|  |TAMS 0x0000000750e00000| PB 0x0000000750e00000| Untracked 
| 648|0x0000000751000000, 0x0000000751000000, 0x0000000751200000|  0%| F|  |TAMS 0x0000000751000000| PB 0x0000000751000000| Untracked 
| 649|0x0000000751200000, 0x0000000751200000, 0x0000000751400000|  0%| F|  |TAMS 0x0000000751200000| PB 0x0000000751200000| Untracked 
| 650|0x0000000751400000, 0x0000000751400000, 0x0000000751600000|  0%| F|  |TAMS 0x0000000751400000| PB 0x0000000751400000| Untracked 
| 651|0x0000000751600000, 0x0000000751600000, 0x0000000751800000|  0%| F|  |TAMS 0x0000000751600000| PB 0x0000000751600000| Untracked 
| 652|0x0000000751800000, 0x0000000751800000, 0x0000000751a00000|  0%| F|  |TAMS 0x0000000751800000| PB 0x0000000751800000| Untracked 
| 653|0x0000000751a00000, 0x0000000751a00000, 0x0000000751c00000|  0%| F|  |TAMS 0x0000000751a00000| PB 0x0000000751a00000| Untracked 
| 654|0x0000000751c00000, 0x0000000751c00000, 0x0000000751e00000|  0%| F|  |TAMS 0x0000000751c00000| PB 0x0000000751c00000| Untracked 
| 655|0x0000000751e00000, 0x0000000751e00000, 0x0000000752000000|  0%| F|  |TAMS 0x0000000751e00000| PB 0x0000000751e00000| Untracked 
| 656|0x0000000752000000, 0x0000000752000000, 0x0000000752200000|  0%| F|  |TAMS 0x0000000752000000| PB 0x0000000752000000| Untracked 
| 657|0x0000000752200000, 0x0000000752200000, 0x0000000752400000|  0%| F|  |TAMS 0x0000000752200000| PB 0x0000000752200000| Untracked 
| 658|0x0000000752400000, 0x0000000752400000, 0x0000000752600000|  0%| F|  |TAMS 0x0000000752400000| PB 0x0000000752400000| Untracked 
| 659|0x0000000752600000, 0x0000000752600000, 0x0000000752800000|  0%| F|  |TAMS 0x0000000752600000| PB 0x0000000752600000| Untracked 
| 660|0x0000000752800000, 0x0000000752800000, 0x0000000752a00000|  0%| F|  |TAMS 0x0000000752800000| PB 0x0000000752800000| Untracked 
| 661|0x0000000752a00000, 0x0000000752a00000, 0x0000000752c00000|  0%| F|  |TAMS 0x0000000752a00000| PB 0x0000000752a00000| Untracked 
| 662|0x0000000752c00000, 0x0000000752c00000, 0x0000000752e00000|  0%| F|  |TAMS 0x0000000752c00000| PB 0x0000000752c00000| Untracked 
| 663|0x0000000752e00000, 0x0000000752e00000, 0x0000000753000000|  0%| F|  |TAMS 0x0000000752e00000| PB 0x0000000752e00000| Untracked 
| 664|0x0000000753000000, 0x0000000753000000, 0x0000000753200000|  0%| F|  |TAMS 0x0000000753000000| PB 0x0000000753000000| Untracked 
| 665|0x0000000753200000, 0x0000000753200000, 0x0000000753400000|  0%| F|  |TAMS 0x0000000753200000| PB 0x0000000753200000| Untracked 
| 666|0x0000000753400000, 0x0000000753400000, 0x0000000753600000|  0%| F|  |TAMS 0x0000000753400000| PB 0x0000000753400000| Untracked 
| 667|0x0000000753600000, 0x0000000753600000, 0x0000000753800000|  0%| F|  |TAMS 0x0000000753600000| PB 0x0000000753600000| Untracked 
| 668|0x0000000753800000, 0x0000000753800000, 0x0000000753a00000|  0%| F|  |TAMS 0x0000000753800000| PB 0x0000000753800000| Untracked 
| 669|0x0000000753a00000, 0x0000000753a00000, 0x0000000753c00000|  0%| F|  |TAMS 0x0000000753a00000| PB 0x0000000753a00000| Untracked 
| 670|0x0000000753c00000, 0x0000000753c00000, 0x0000000753e00000|  0%| F|  |TAMS 0x0000000753c00000| PB 0x0000000753c00000| Untracked 
| 671|0x0000000753e00000, 0x0000000753e00000, 0x0000000754000000|  0%| F|  |TAMS 0x0000000753e00000| PB 0x0000000753e00000| Untracked 
| 672|0x0000000754000000, 0x0000000754000000, 0x0000000754200000|  0%| F|  |TAMS 0x0000000754000000| PB 0x0000000754000000| Untracked 
| 673|0x0000000754200000, 0x0000000754200000, 0x0000000754400000|  0%| F|  |TAMS 0x0000000754200000| PB 0x0000000754200000| Untracked 
| 674|0x0000000754400000, 0x0000000754400000, 0x0000000754600000|  0%| F|  |TAMS 0x0000000754400000| PB 0x0000000754400000| Untracked 
| 675|0x0000000754600000, 0x0000000754600000, 0x0000000754800000|  0%| F|  |TAMS 0x0000000754600000| PB 0x0000000754600000| Untracked 
| 676|0x0000000754800000, 0x0000000754800000, 0x0000000754a00000|  0%| F|  |TAMS 0x0000000754800000| PB 0x0000000754800000| Untracked 
| 677|0x0000000754a00000, 0x0000000754a00000, 0x0000000754c00000|  0%| F|  |TAMS 0x0000000754a00000| PB 0x0000000754a00000| Untracked 
| 678|0x0000000754c00000, 0x0000000754c00000, 0x0000000754e00000|  0%| F|  |TAMS 0x0000000754c00000| PB 0x0000000754c00000| Untracked 
| 679|0x0000000754e00000, 0x0000000754e00000, 0x0000000755000000|  0%| F|  |TAMS 0x0000000754e00000| PB 0x0000000754e00000| Untracked 
| 680|0x0000000755000000, 0x0000000755000000, 0x0000000755200000|  0%| F|  |TAMS 0x0000000755000000| PB 0x0000000755000000| Untracked 
| 681|0x0000000755200000, 0x0000000755200000, 0x0000000755400000|  0%| F|  |TAMS 0x0000000755200000| PB 0x0000000755200000| Untracked 
| 682|0x0000000755400000, 0x0000000755400000, 0x0000000755600000|  0%| F|  |TAMS 0x0000000755400000| PB 0x0000000755400000| Untracked 
| 683|0x0000000755600000, 0x0000000755600000, 0x0000000755800000|  0%| F|  |TAMS 0x0000000755600000| PB 0x0000000755600000| Untracked 
| 684|0x0000000755800000, 0x0000000755800000, 0x0000000755a00000|  0%| F|  |TAMS 0x0000000755800000| PB 0x0000000755800000| Untracked 
| 685|0x0000000755a00000, 0x0000000755a00000, 0x0000000755c00000|  0%| F|  |TAMS 0x0000000755a00000| PB 0x0000000755a00000| Untracked 
| 686|0x0000000755c00000, 0x0000000755c00000, 0x0000000755e00000|  0%| F|  |TAMS 0x0000000755c00000| PB 0x0000000755c00000| Untracked 
| 687|0x0000000755e00000, 0x0000000755e00000, 0x0000000756000000|  0%| F|  |TAMS 0x0000000755e00000| PB 0x0000000755e00000| Untracked 
| 688|0x0000000756000000, 0x0000000756000000, 0x0000000756200000|  0%| F|  |TAMS 0x0000000756000000| PB 0x0000000756000000| Untracked 
| 689|0x0000000756200000, 0x0000000756200000, 0x0000000756400000|  0%| F|  |TAMS 0x0000000756200000| PB 0x0000000756200000| Untracked 
| 690|0x0000000756400000, 0x0000000756400000, 0x0000000756600000|  0%| F|  |TAMS 0x0000000756400000| PB 0x0000000756400000| Untracked 
| 691|0x0000000756600000, 0x0000000756600000, 0x0000000756800000|  0%| F|  |TAMS 0x0000000756600000| PB 0x0000000756600000| Untracked 
| 692|0x0000000756800000, 0x0000000756800000, 0x0000000756a00000|  0%| F|  |TAMS 0x0000000756800000| PB 0x0000000756800000| Untracked 
| 693|0x0000000756a00000, 0x0000000756a00000, 0x0000000756c00000|  0%| F|  |TAMS 0x0000000756a00000| PB 0x0000000756a00000| Untracked 
| 694|0x0000000756c00000, 0x0000000756c00000, 0x0000000756e00000|  0%| F|  |TAMS 0x0000000756c00000| PB 0x0000000756c00000| Untracked 
| 695|0x0000000756e00000, 0x0000000756e00000, 0x0000000757000000|  0%| F|  |TAMS 0x0000000756e00000| PB 0x0000000756e00000| Untracked 
| 696|0x0000000757000000, 0x0000000757000000, 0x0000000757200000|  0%| F|  |TAMS 0x0000000757000000| PB 0x0000000757000000| Untracked 
| 697|0x0000000757200000, 0x0000000757200000, 0x0000000757400000|  0%| F|  |TAMS 0x0000000757200000| PB 0x0000000757200000| Untracked 
| 698|0x0000000757400000, 0x0000000757400000, 0x0000000757600000|  0%| F|  |TAMS 0x0000000757400000| PB 0x0000000757400000| Untracked 
| 699|0x0000000757600000, 0x0000000757600000, 0x0000000757800000|  0%| F|  |TAMS 0x0000000757600000| PB 0x0000000757600000| Untracked 
| 700|0x0000000757800000, 0x0000000757800000, 0x0000000757a00000|  0%| F|  |TAMS 0x0000000757800000| PB 0x0000000757800000| Untracked 
| 701|0x0000000757a00000, 0x0000000757a00000, 0x0000000757c00000|  0%| F|  |TAMS 0x0000000757a00000| PB 0x0000000757a00000| Untracked 
| 702|0x0000000757c00000, 0x0000000757c00000, 0x0000000757e00000|  0%| F|  |TAMS 0x0000000757c00000| PB 0x0000000757c00000| Untracked 
| 703|0x0000000757e00000, 0x0000000757e00000, 0x0000000758000000|  0%| F|  |TAMS 0x0000000757e00000| PB 0x0000000757e00000| Untracked 
| 704|0x0000000758000000, 0x0000000758000000, 0x0000000758200000|  0%| F|  |TAMS 0x0000000758000000| PB 0x0000000758000000| Untracked 
| 705|0x0000000758200000, 0x0000000758200000, 0x0000000758400000|  0%| F|  |TAMS 0x0000000758200000| PB 0x0000000758200000| Untracked 
| 706|0x0000000758400000, 0x0000000758400000, 0x0000000758600000|  0%| F|  |TAMS 0x0000000758400000| PB 0x0000000758400000| Untracked 
| 707|0x0000000758600000, 0x0000000758600000, 0x0000000758800000|  0%| F|  |TAMS 0x0000000758600000| PB 0x0000000758600000| Untracked 
| 708|0x0000000758800000, 0x0000000758900800, 0x0000000758a00000| 50%| E|  |TAMS 0x0000000758800000| PB 0x0000000758800000| Complete 
| 709|0x0000000758a00000, 0x0000000758c00000, 0x0000000758c00000|100%| E|CS|TAMS 0x0000000758a00000| PB 0x0000000758a00000| Complete 
| 710|0x0000000758c00000, 0x0000000758e00000, 0x0000000758e00000|100%| E|CS|TAMS 0x0000000758c00000| PB 0x0000000758c00000| Complete 
| 711|0x0000000758e00000, 0x0000000759000000, 0x0000000759000000|100%| E|CS|TAMS 0x0000000758e00000| PB 0x0000000758e00000| Complete 
| 712|0x0000000759000000, 0x0000000759200000, 0x0000000759200000|100%| E|CS|TAMS 0x0000000759000000| PB 0x0000000759000000| Complete 
| 713|0x0000000759200000, 0x0000000759400000, 0x0000000759400000|100%| E|CS|TAMS 0x0000000759200000| PB 0x0000000759200000| Complete 
| 714|0x0000000759400000, 0x0000000759600000, 0x0000000759600000|100%| E|CS|TAMS 0x0000000759400000| PB 0x0000000759400000| Complete 
| 715|0x0000000759600000, 0x0000000759800000, 0x0000000759800000|100%| E|CS|TAMS 0x0000000759600000| PB 0x0000000759600000| Complete 
| 716|0x0000000759800000, 0x0000000759a00000, 0x0000000759a00000|100%| E|CS|TAMS 0x0000000759800000| PB 0x0000000759800000| Complete 
| 717|0x0000000759a00000, 0x0000000759c00000, 0x0000000759c00000|100%| E|CS|TAMS 0x0000000759a00000| PB 0x0000000759a00000| Complete 
| 718|0x0000000759c00000, 0x0000000759e00000, 0x0000000759e00000|100%| E|CS|TAMS 0x0000000759c00000| PB 0x0000000759c00000| Complete 
| 719|0x0000000759e00000, 0x000000075a000000, 0x000000075a000000|100%| E|CS|TAMS 0x0000000759e00000| PB 0x0000000759e00000| Complete 
| 720|0x000000075a000000, 0x000000075a200000, 0x000000075a200000|100%| E|CS|TAMS 0x000000075a000000| PB 0x000000075a000000| Complete 
| 721|0x000000075a200000, 0x000000075a400000, 0x000000075a400000|100%| E|CS|TAMS 0x000000075a200000| PB 0x000000075a200000| Complete 
| 722|0x000000075a400000, 0x000000075a600000, 0x000000075a600000|100%| E|CS|TAMS 0x000000075a400000| PB 0x000000075a400000| Complete 
| 723|0x000000075a600000, 0x000000075a800000, 0x000000075a800000|100%| E|  |TAMS 0x000000075a600000| PB 0x000000075a600000| Complete 
| 724|0x000000075a800000, 0x000000075aa00000, 0x000000075aa00000|100%| E|CS|TAMS 0x000000075a800000| PB 0x000000075a800000| Complete 
| 725|0x000000075aa00000, 0x000000075ac00000, 0x000000075ac00000|100%| E|CS|TAMS 0x000000075aa00000| PB 0x000000075aa00000| Complete 
| 726|0x000000075ac00000, 0x000000075ae00000, 0x000000075ae00000|100%| E|CS|TAMS 0x000000075ac00000| PB 0x000000075ac00000| Complete 
| 727|0x000000075ae00000, 0x000000075b000000, 0x000000075b000000|100%| E|CS|TAMS 0x000000075ae00000| PB 0x000000075ae00000| Complete 
| 728|0x000000075b000000, 0x000000075b200000, 0x000000075b200000|100%| E|CS|TAMS 0x000000075b000000| PB 0x000000075b000000| Complete 
| 729|0x000000075b200000, 0x000000075b400000, 0x000000075b400000|100%| E|CS|TAMS 0x000000075b200000| PB 0x000000075b200000| Complete 
| 730|0x000000075b400000, 0x000000075b600000, 0x000000075b600000|100%| E|CS|TAMS 0x000000075b400000| PB 0x000000075b400000| Complete 
| 731|0x000000075b600000, 0x000000075b800000, 0x000000075b800000|100%| E|CS|TAMS 0x000000075b600000| PB 0x000000075b600000| Complete 
| 732|0x000000075b800000, 0x000000075ba00000, 0x000000075ba00000|100%| E|CS|TAMS 0x000000075b800000| PB 0x000000075b800000| Complete 
| 733|0x000000075ba00000, 0x000000075bc00000, 0x000000075bc00000|100%| E|CS|TAMS 0x000000075ba00000| PB 0x000000075ba00000| Complete 
| 734|0x000000075bc00000, 0x000000075be00000, 0x000000075be00000|100%| E|CS|TAMS 0x000000075bc00000| PB 0x000000075bc00000| Complete 
| 735|0x000000075be00000, 0x000000075c000000, 0x000000075c000000|100%| E|CS|TAMS 0x000000075be00000| PB 0x000000075be00000| Complete 
| 736|0x000000075c000000, 0x000000075c200000, 0x000000075c200000|100%| E|CS|TAMS 0x000000075c000000| PB 0x000000075c000000| Complete 
| 737|0x000000075c200000, 0x000000075c400000, 0x000000075c400000|100%| E|CS|TAMS 0x000000075c200000| PB 0x000000075c200000| Complete 
| 738|0x000000075c400000, 0x000000075c600000, 0x000000075c600000|100%| E|CS|TAMS 0x000000075c400000| PB 0x000000075c400000| Complete 
| 739|0x000000075c600000, 0x000000075c800000, 0x000000075c800000|100%| E|CS|TAMS 0x000000075c600000| PB 0x000000075c600000| Complete 
| 740|0x000000075c800000, 0x000000075ca00000, 0x000000075ca00000|100%| E|CS|TAMS 0x000000075c800000| PB 0x000000075c800000| Complete 
| 741|0x000000075ca00000, 0x000000075cc00000, 0x000000075cc00000|100%| E|CS|TAMS 0x000000075ca00000| PB 0x000000075ca00000| Complete 
| 742|0x000000075cc00000, 0x000000075ce00000, 0x000000075ce00000|100%| E|CS|TAMS 0x000000075cc00000| PB 0x000000075cc00000| Complete 
| 743|0x000000075ce00000, 0x000000075d000000, 0x000000075d000000|100%| E|CS|TAMS 0x000000075ce00000| PB 0x000000075ce00000| Complete 
| 744|0x000000075d000000, 0x000000075d200000, 0x000000075d200000|100%| E|CS|TAMS 0x000000075d000000| PB 0x000000075d000000| Complete 
| 745|0x000000075d200000, 0x000000075d400000, 0x000000075d400000|100%| E|CS|TAMS 0x000000075d200000| PB 0x000000075d200000| Complete 
| 746|0x000000075d400000, 0x000000075d600000, 0x000000075d600000|100%| E|CS|TAMS 0x000000075d400000| PB 0x000000075d400000| Complete 
| 747|0x000000075d600000, 0x000000075d800000, 0x000000075d800000|100%| E|CS|TAMS 0x000000075d600000| PB 0x000000075d600000| Complete 
| 748|0x000000075d800000, 0x000000075da00000, 0x000000075da00000|100%| E|CS|TAMS 0x000000075d800000| PB 0x000000075d800000| Complete 
| 749|0x000000075da00000, 0x000000075dc00000, 0x000000075dc00000|100%| E|CS|TAMS 0x000000075da00000| PB 0x000000075da00000| Complete 
| 750|0x000000075dc00000, 0x000000075de00000, 0x000000075de00000|100%| E|CS|TAMS 0x000000075dc00000| PB 0x000000075dc00000| Complete 
| 751|0x000000075de00000, 0x000000075e000000, 0x000000075e000000|100%| E|CS|TAMS 0x000000075de00000| PB 0x000000075de00000| Complete 
| 752|0x000000075e000000, 0x000000075e200000, 0x000000075e200000|100%| E|CS|TAMS 0x000000075e000000| PB 0x000000075e000000| Complete 
| 753|0x000000075e200000, 0x000000075e400000, 0x000000075e400000|100%| E|CS|TAMS 0x000000075e200000| PB 0x000000075e200000| Complete 
| 754|0x000000075e400000, 0x000000075e600000, 0x000000075e600000|100%| E|CS|TAMS 0x000000075e400000| PB 0x000000075e400000| Complete 
| 755|0x000000075e600000, 0x000000075e800000, 0x000000075e800000|100%| E|CS|TAMS 0x000000075e600000| PB 0x000000075e600000| Complete 
| 756|0x000000075e800000, 0x000000075ea00000, 0x000000075ea00000|100%| E|CS|TAMS 0x000000075e800000| PB 0x000000075e800000| Complete 
| 757|0x000000075ea00000, 0x000000075ec00000, 0x000000075ec00000|100%| E|CS|TAMS 0x000000075ea00000| PB 0x000000075ea00000| Complete 
| 758|0x000000075ec00000, 0x000000075ee00000, 0x000000075ee00000|100%| E|CS|TAMS 0x000000075ec00000| PB 0x000000075ec00000| Complete 
| 759|0x000000075ee00000, 0x000000075f000000, 0x000000075f000000|100%| E|CS|TAMS 0x000000075ee00000| PB 0x000000075ee00000| Complete 
| 760|0x000000075f000000, 0x000000075f200000, 0x000000075f200000|100%| E|CS|TAMS 0x000000075f000000| PB 0x000000075f000000| Complete 
| 761|0x000000075f200000, 0x000000075f400000, 0x000000075f400000|100%| E|CS|TAMS 0x000000075f200000| PB 0x000000075f200000| Complete 
| 762|0x000000075f400000, 0x000000075f600000, 0x000000075f600000|100%| E|CS|TAMS 0x000000075f400000| PB 0x000000075f400000| Complete 
| 763|0x000000075f600000, 0x000000075f800000, 0x000000075f800000|100%| E|CS|TAMS 0x000000075f600000| PB 0x000000075f600000| Complete 
| 764|0x000000075f800000, 0x000000075fa00000, 0x000000075fa00000|100%| E|CS|TAMS 0x000000075f800000| PB 0x000000075f800000| Complete 
| 765|0x000000075fa00000, 0x000000075fc00000, 0x000000075fc00000|100%| E|CS|TAMS 0x000000075fa00000| PB 0x000000075fa00000| Complete 
| 766|0x000000075fc00000, 0x000000075fe00000, 0x000000075fe00000|100%| E|CS|TAMS 0x000000075fc00000| PB 0x000000075fc00000| Complete 
| 767|0x000000075fe00000, 0x0000000760000000, 0x0000000760000000|100%| E|CS|TAMS 0x000000075fe00000| PB 0x000000075fe00000| Complete 
| 768|0x0000000760000000, 0x0000000760200000, 0x0000000760200000|100%| E|CS|TAMS 0x0000000760000000| PB 0x0000000760000000| Complete 
| 769|0x0000000760200000, 0x0000000760400000, 0x0000000760400000|100%| E|CS|TAMS 0x0000000760200000| PB 0x0000000760200000| Complete 
| 770|0x0000000760400000, 0x0000000760600000, 0x0000000760600000|100%| E|CS|TAMS 0x0000000760400000| PB 0x0000000760400000| Complete 
| 771|0x0000000760600000, 0x0000000760800000, 0x0000000760800000|100%| E|CS|TAMS 0x0000000760600000| PB 0x0000000760600000| Complete 
| 772|0x0000000760800000, 0x0000000760a00000, 0x0000000760a00000|100%| E|CS|TAMS 0x0000000760800000| PB 0x0000000760800000| Complete 
| 773|0x0000000760a00000, 0x0000000760c00000, 0x0000000760c00000|100%| E|CS|TAMS 0x0000000760a00000| PB 0x0000000760a00000| Complete 
| 774|0x0000000760c00000, 0x0000000760e00000, 0x0000000760e00000|100%| E|CS|TAMS 0x0000000760c00000| PB 0x0000000760c00000| Complete 
| 775|0x0000000760e00000, 0x0000000761000000, 0x0000000761000000|100%| E|CS|TAMS 0x0000000760e00000| PB 0x0000000760e00000| Complete 
| 776|0x0000000761000000, 0x0000000761200000, 0x0000000761200000|100%| E|CS|TAMS 0x0000000761000000| PB 0x0000000761000000| Complete 
| 777|0x0000000761200000, 0x0000000761400000, 0x0000000761400000|100%| E|CS|TAMS 0x0000000761200000| PB 0x0000000761200000| Complete 
| 778|0x0000000761400000, 0x0000000761600000, 0x0000000761600000|100%| E|CS|TAMS 0x0000000761400000| PB 0x0000000761400000| Complete 
| 779|0x0000000761600000, 0x0000000761800000, 0x0000000761800000|100%| E|CS|TAMS 0x0000000761600000| PB 0x0000000761600000| Complete 
| 780|0x0000000761800000, 0x0000000761a00000, 0x0000000761a00000|100%| E|CS|TAMS 0x0000000761800000| PB 0x0000000761800000| Complete 
| 781|0x0000000761a00000, 0x0000000761c00000, 0x0000000761c00000|100%| E|CS|TAMS 0x0000000761a00000| PB 0x0000000761a00000| Complete 
| 782|0x0000000761c00000, 0x0000000761e00000, 0x0000000761e00000|100%| E|CS|TAMS 0x0000000761c00000| PB 0x0000000761c00000| Complete 
| 783|0x0000000761e00000, 0x0000000762000000, 0x0000000762000000|100%| E|CS|TAMS 0x0000000761e00000| PB 0x0000000761e00000| Complete 
| 784|0x0000000762000000, 0x0000000762200000, 0x0000000762200000|100%| E|CS|TAMS 0x0000000762000000| PB 0x0000000762000000| Complete 
| 785|0x0000000762200000, 0x0000000762400000, 0x0000000762400000|100%| E|CS|TAMS 0x0000000762200000| PB 0x0000000762200000| Complete 
| 786|0x0000000762400000, 0x0000000762600000, 0x0000000762600000|100%| E|CS|TAMS 0x0000000762400000| PB 0x0000000762400000| Complete 
| 787|0x0000000762600000, 0x0000000762800000, 0x0000000762800000|100%| E|CS|TAMS 0x0000000762600000| PB 0x0000000762600000| Complete 
| 788|0x0000000762800000, 0x0000000762a00000, 0x0000000762a00000|100%| E|CS|TAMS 0x0000000762800000| PB 0x0000000762800000| Complete 
| 789|0x0000000762a00000, 0x0000000762c00000, 0x0000000762c00000|100%| E|CS|TAMS 0x0000000762a00000| PB 0x0000000762a00000| Complete 
| 790|0x0000000762c00000, 0x0000000762e00000, 0x0000000762e00000|100%| E|CS|TAMS 0x0000000762c00000| PB 0x0000000762c00000| Complete 
| 791|0x0000000762e00000, 0x0000000763000000, 0x0000000763000000|100%| E|CS|TAMS 0x0000000762e00000| PB 0x0000000762e00000| Complete 
| 792|0x0000000763000000, 0x0000000763200000, 0x0000000763200000|100%| E|CS|TAMS 0x0000000763000000| PB 0x0000000763000000| Complete 
| 793|0x0000000763200000, 0x0000000763400000, 0x0000000763400000|100%| E|CS|TAMS 0x0000000763200000| PB 0x0000000763200000| Complete 
| 794|0x0000000763400000, 0x0000000763600000, 0x0000000763600000|100%| E|CS|TAMS 0x0000000763400000| PB 0x0000000763400000| Complete 
| 795|0x0000000763600000, 0x0000000763800000, 0x0000000763800000|100%| E|CS|TAMS 0x0000000763600000| PB 0x0000000763600000| Complete 
| 796|0x0000000763800000, 0x0000000763a00000, 0x0000000763a00000|100%| E|CS|TAMS 0x0000000763800000| PB 0x0000000763800000| Complete 
| 797|0x0000000763a00000, 0x0000000763c00000, 0x0000000763c00000|100%| E|CS|TAMS 0x0000000763a00000| PB 0x0000000763a00000| Complete 
| 798|0x0000000763c00000, 0x0000000763e00000, 0x0000000763e00000|100%| E|CS|TAMS 0x0000000763c00000| PB 0x0000000763c00000| Complete 
| 799|0x0000000763e00000, 0x0000000764000000, 0x0000000764000000|100%| E|CS|TAMS 0x0000000763e00000| PB 0x0000000763e00000| Complete 
| 800|0x0000000764000000, 0x0000000764200000, 0x0000000764200000|100%| E|CS|TAMS 0x0000000764000000| PB 0x0000000764000000| Complete 
| 801|0x0000000764200000, 0x0000000764400000, 0x0000000764400000|100%| E|CS|TAMS 0x0000000764200000| PB 0x0000000764200000| Complete 
| 802|0x0000000764400000, 0x0000000764600000, 0x0000000764600000|100%| E|CS|TAMS 0x0000000764400000| PB 0x0000000764400000| Complete 
| 803|0x0000000764600000, 0x0000000764800000, 0x0000000764800000|100%| E|CS|TAMS 0x0000000764600000| PB 0x0000000764600000| Complete 
| 804|0x0000000764800000, 0x0000000764a00000, 0x0000000764a00000|100%| E|CS|TAMS 0x0000000764800000| PB 0x0000000764800000| Complete 
| 805|0x0000000764a00000, 0x0000000764c00000, 0x0000000764c00000|100%| E|CS|TAMS 0x0000000764a00000| PB 0x0000000764a00000| Complete 
| 806|0x0000000764c00000, 0x0000000764e00000, 0x0000000764e00000|100%| E|CS|TAMS 0x0000000764c00000| PB 0x0000000764c00000| Complete 
| 807|0x0000000764e00000, 0x0000000765000000, 0x0000000765000000|100%| E|CS|TAMS 0x0000000764e00000| PB 0x0000000764e00000| Complete 
| 808|0x0000000765000000, 0x0000000765200000, 0x0000000765200000|100%| E|CS|TAMS 0x0000000765000000| PB 0x0000000765000000| Complete 
| 809|0x0000000765200000, 0x0000000765400000, 0x0000000765400000|100%| E|CS|TAMS 0x0000000765200000| PB 0x0000000765200000| Complete 
| 810|0x0000000765400000, 0x0000000765600000, 0x0000000765600000|100%| E|CS|TAMS 0x0000000765400000| PB 0x0000000765400000| Complete 
| 811|0x0000000765600000, 0x0000000765800000, 0x0000000765800000|100%| E|CS|TAMS 0x0000000765600000| PB 0x0000000765600000| Complete 
| 812|0x0000000765800000, 0x0000000765a00000, 0x0000000765a00000|100%| E|CS|TAMS 0x0000000765800000| PB 0x0000000765800000| Complete 
| 813|0x0000000765a00000, 0x0000000765c00000, 0x0000000765c00000|100%| E|CS|TAMS 0x0000000765a00000| PB 0x0000000765a00000| Complete 
| 814|0x0000000765c00000, 0x0000000765e00000, 0x0000000765e00000|100%| E|CS|TAMS 0x0000000765c00000| PB 0x0000000765c00000| Complete 
| 815|0x0000000765e00000, 0x0000000766000000, 0x0000000766000000|100%| E|CS|TAMS 0x0000000765e00000| PB 0x0000000765e00000| Complete 
| 816|0x0000000766000000, 0x0000000766200000, 0x0000000766200000|100%| E|CS|TAMS 0x0000000766000000| PB 0x0000000766000000| Complete 
| 817|0x0000000766200000, 0x0000000766400000, 0x0000000766400000|100%| E|CS|TAMS 0x0000000766200000| PB 0x0000000766200000| Complete 
| 818|0x0000000766400000, 0x0000000766600000, 0x0000000766600000|100%| E|CS|TAMS 0x0000000766400000| PB 0x0000000766400000| Complete 
| 819|0x0000000766600000, 0x0000000766800000, 0x0000000766800000|100%| E|CS|TAMS 0x0000000766600000| PB 0x0000000766600000| Complete 
| 820|0x0000000766800000, 0x0000000766a00000, 0x0000000766a00000|100%| E|CS|TAMS 0x0000000766800000| PB 0x0000000766800000| Complete 
| 821|0x0000000766a00000, 0x0000000766c00000, 0x0000000766c00000|100%| E|CS|TAMS 0x0000000766a00000| PB 0x0000000766a00000| Complete 
| 822|0x0000000766c00000, 0x0000000766e00000, 0x0000000766e00000|100%| E|CS|TAMS 0x0000000766c00000| PB 0x0000000766c00000| Complete 
| 823|0x0000000766e00000, 0x0000000767000000, 0x0000000767000000|100%| E|CS|TAMS 0x0000000766e00000| PB 0x0000000766e00000| Complete 
| 824|0x0000000767000000, 0x0000000767200000, 0x0000000767200000|100%| E|CS|TAMS 0x0000000767000000| PB 0x0000000767000000| Complete 
| 825|0x0000000767200000, 0x0000000767400000, 0x0000000767400000|100%| E|CS|TAMS 0x0000000767200000| PB 0x0000000767200000| Complete 
| 826|0x0000000767400000, 0x0000000767600000, 0x0000000767600000|100%| E|CS|TAMS 0x0000000767400000| PB 0x0000000767400000| Complete 
| 827|0x0000000767600000, 0x0000000767800000, 0x0000000767800000|100%| E|CS|TAMS 0x0000000767600000| PB 0x0000000767600000| Complete 
| 828|0x0000000767800000, 0x0000000767a00000, 0x0000000767a00000|100%| E|CS|TAMS 0x0000000767800000| PB 0x0000000767800000| Complete 
| 829|0x0000000767a00000, 0x0000000767c00000, 0x0000000767c00000|100%| E|CS|TAMS 0x0000000767a00000| PB 0x0000000767a00000| Complete 
| 830|0x0000000767c00000, 0x0000000767e00000, 0x0000000767e00000|100%| E|CS|TAMS 0x0000000767c00000| PB 0x0000000767c00000| Complete 
| 831|0x0000000767e00000, 0x0000000768000000, 0x0000000768000000|100%| E|CS|TAMS 0x0000000767e00000| PB 0x0000000767e00000| Complete 
| 832|0x0000000768000000, 0x0000000768200000, 0x0000000768200000|100%| E|CS|TAMS 0x0000000768000000| PB 0x0000000768000000| Complete 
| 833|0x0000000768200000, 0x0000000768400000, 0x0000000768400000|100%| E|CS|TAMS 0x0000000768200000| PB 0x0000000768200000| Complete 
| 834|0x0000000768400000, 0x0000000768600000, 0x0000000768600000|100%| E|CS|TAMS 0x0000000768400000| PB 0x0000000768400000| Complete 
| 835|0x0000000768600000, 0x0000000768800000, 0x0000000768800000|100%| E|CS|TAMS 0x0000000768600000| PB 0x0000000768600000| Complete 
| 836|0x0000000768800000, 0x0000000768a00000, 0x0000000768a00000|100%| E|CS|TAMS 0x0000000768800000| PB 0x0000000768800000| Complete 
| 837|0x0000000768a00000, 0x0000000768c00000, 0x0000000768c00000|100%| E|CS|TAMS 0x0000000768a00000| PB 0x0000000768a00000| Complete 
| 838|0x0000000768c00000, 0x0000000768e00000, 0x0000000768e00000|100%| E|CS|TAMS 0x0000000768c00000| PB 0x0000000768c00000| Complete 
| 839|0x0000000768e00000, 0x0000000769000000, 0x0000000769000000|100%| E|CS|TAMS 0x0000000768e00000| PB 0x0000000768e00000| Complete 
| 840|0x0000000769000000, 0x0000000769200000, 0x0000000769200000|100%| E|CS|TAMS 0x0000000769000000| PB 0x0000000769000000| Complete 
| 841|0x0000000769200000, 0x0000000769400000, 0x0000000769400000|100%| E|CS|TAMS 0x0000000769200000| PB 0x0000000769200000| Complete 
| 842|0x0000000769400000, 0x0000000769600000, 0x0000000769600000|100%| E|CS|TAMS 0x0000000769400000| PB 0x0000000769400000| Complete 
| 843|0x0000000769600000, 0x0000000769800000, 0x0000000769800000|100%| E|CS|TAMS 0x0000000769600000| PB 0x0000000769600000| Complete 
| 844|0x0000000769800000, 0x0000000769a00000, 0x0000000769a00000|100%| E|CS|TAMS 0x0000000769800000| PB 0x0000000769800000| Complete 
| 845|0x0000000769a00000, 0x0000000769c00000, 0x0000000769c00000|100%| E|CS|TAMS 0x0000000769a00000| PB 0x0000000769a00000| Complete 
| 846|0x0000000769c00000, 0x0000000769e00000, 0x0000000769e00000|100%| E|CS|TAMS 0x0000000769c00000| PB 0x0000000769c00000| Complete 
| 847|0x0000000769e00000, 0x000000076a000000, 0x000000076a000000|100%| E|CS|TAMS 0x0000000769e00000| PB 0x0000000769e00000| Complete 
| 848|0x000000076a000000, 0x000000076a200000, 0x000000076a200000|100%| E|CS|TAMS 0x000000076a000000| PB 0x000000076a000000| Complete 
| 849|0x000000076a200000, 0x000000076a400000, 0x000000076a400000|100%| E|CS|TAMS 0x000000076a200000| PB 0x000000076a200000| Complete 
| 850|0x000000076a400000, 0x000000076a600000, 0x000000076a600000|100%| E|CS|TAMS 0x000000076a400000| PB 0x000000076a400000| Complete 
| 851|0x000000076a600000, 0x000000076a800000, 0x000000076a800000|100%| E|CS|TAMS 0x000000076a600000| PB 0x000000076a600000| Complete 
| 852|0x000000076a800000, 0x000000076aa00000, 0x000000076aa00000|100%| E|CS|TAMS 0x000000076a800000| PB 0x000000076a800000| Complete 
| 853|0x000000076aa00000, 0x000000076ac00000, 0x000000076ac00000|100%| E|CS|TAMS 0x000000076aa00000| PB 0x000000076aa00000| Complete 
| 854|0x000000076ac00000, 0x000000076ae00000, 0x000000076ae00000|100%| E|CS|TAMS 0x000000076ac00000| PB 0x000000076ac00000| Complete 
| 855|0x000000076ae00000, 0x000000076b000000, 0x000000076b000000|100%| E|CS|TAMS 0x000000076ae00000| PB 0x000000076ae00000| Complete 
| 856|0x000000076b000000, 0x000000076b200000, 0x000000076b200000|100%| E|CS|TAMS 0x000000076b000000| PB 0x000000076b000000| Complete 
| 857|0x000000076b200000, 0x000000076b400000, 0x000000076b400000|100%| E|CS|TAMS 0x000000076b200000| PB 0x000000076b200000| Complete 
| 858|0x000000076b400000, 0x000000076b600000, 0x000000076b600000|100%| E|CS|TAMS 0x000000076b400000| PB 0x000000076b400000| Complete 
| 859|0x000000076b600000, 0x000000076b800000, 0x000000076b800000|100%| E|CS|TAMS 0x000000076b600000| PB 0x000000076b600000| Complete 
| 860|0x000000076b800000, 0x000000076ba00000, 0x000000076ba00000|100%| E|CS|TAMS 0x000000076b800000| PB 0x000000076b800000| Complete 
| 861|0x000000076ba00000, 0x000000076bc00000, 0x000000076bc00000|100%| E|CS|TAMS 0x000000076ba00000| PB 0x000000076ba00000| Complete 
| 862|0x000000076bc00000, 0x000000076be00000, 0x000000076be00000|100%| E|CS|TAMS 0x000000076bc00000| PB 0x000000076bc00000| Complete 
| 863|0x000000076be00000, 0x000000076c000000, 0x000000076c000000|100%| E|CS|TAMS 0x000000076be00000| PB 0x000000076be00000| Complete 
| 864|0x000000076c000000, 0x000000076c200000, 0x000000076c200000|100%| E|CS|TAMS 0x000000076c000000| PB 0x000000076c000000| Complete 
| 865|0x000000076c200000, 0x000000076c400000, 0x000000076c400000|100%| E|CS|TAMS 0x000000076c200000| PB 0x000000076c200000| Complete 
| 866|0x000000076c400000, 0x000000076c600000, 0x000000076c600000|100%| E|CS|TAMS 0x000000076c400000| PB 0x000000076c400000| Complete 
| 867|0x000000076c600000, 0x000000076c800000, 0x000000076c800000|100%| E|CS|TAMS 0x000000076c600000| PB 0x000000076c600000| Complete 
| 868|0x000000076c800000, 0x000000076ca00000, 0x000000076ca00000|100%| E|CS|TAMS 0x000000076c800000| PB 0x000000076c800000| Complete 
| 869|0x000000076ca00000, 0x000000076cc00000, 0x000000076cc00000|100%| E|CS|TAMS 0x000000076ca00000| PB 0x000000076ca00000| Complete 
| 870|0x000000076cc00000, 0x000000076ce00000, 0x000000076ce00000|100%| E|CS|TAMS 0x000000076cc00000| PB 0x000000076cc00000| Complete 
| 871|0x000000076ce00000, 0x000000076d000000, 0x000000076d000000|100%| E|CS|TAMS 0x000000076ce00000| PB 0x000000076ce00000| Complete 
| 872|0x000000076d000000, 0x000000076d200000, 0x000000076d200000|100%| E|CS|TAMS 0x000000076d000000| PB 0x000000076d000000| Complete 
| 873|0x000000076d200000, 0x000000076d400000, 0x000000076d400000|100%| E|CS|TAMS 0x000000076d200000| PB 0x000000076d200000| Complete 
| 874|0x000000076d400000, 0x000000076d600000, 0x000000076d600000|100%| E|CS|TAMS 0x000000076d400000| PB 0x000000076d400000| Complete 
| 875|0x000000076d600000, 0x000000076d800000, 0x000000076d800000|100%| E|CS|TAMS 0x000000076d600000| PB 0x000000076d600000| Complete 
| 876|0x000000076d800000, 0x000000076da00000, 0x000000076da00000|100%| E|CS|TAMS 0x000000076d800000| PB 0x000000076d800000| Complete 
| 877|0x000000076da00000, 0x000000076dc00000, 0x000000076dc00000|100%| E|CS|TAMS 0x000000076da00000| PB 0x000000076da00000| Complete 
| 878|0x000000076dc00000, 0x000000076de00000, 0x000000076de00000|100%| E|CS|TAMS 0x000000076dc00000| PB 0x000000076dc00000| Complete 
| 879|0x000000076de00000, 0x000000076e000000, 0x000000076e000000|100%| E|CS|TAMS 0x000000076de00000| PB 0x000000076de00000| Complete 
| 880|0x000000076e000000, 0x000000076e200000, 0x000000076e200000|100%| E|CS|TAMS 0x000000076e000000| PB 0x000000076e000000| Complete 
| 881|0x000000076e200000, 0x000000076e400000, 0x000000076e400000|100%| E|CS|TAMS 0x000000076e200000| PB 0x000000076e200000| Complete 
| 882|0x000000076e400000, 0x000000076e600000, 0x000000076e600000|100%| E|CS|TAMS 0x000000076e400000| PB 0x000000076e400000| Complete 
| 883|0x000000076e600000, 0x000000076e800000, 0x000000076e800000|100%| E|CS|TAMS 0x000000076e600000| PB 0x000000076e600000| Complete 
| 884|0x000000076e800000, 0x000000076ea00000, 0x000000076ea00000|100%| E|CS|TAMS 0x000000076e800000| PB 0x000000076e800000| Complete 
| 885|0x000000076ea00000, 0x000000076ec00000, 0x000000076ec00000|100%| E|CS|TAMS 0x000000076ea00000| PB 0x000000076ea00000| Complete 
| 886|0x000000076ec00000, 0x000000076ee00000, 0x000000076ee00000|100%| E|CS|TAMS 0x000000076ec00000| PB 0x000000076ec00000| Complete 
| 887|0x000000076ee00000, 0x000000076f000000, 0x000000076f000000|100%| E|CS|TAMS 0x000000076ee00000| PB 0x000000076ee00000| Complete 
| 888|0x000000076f000000, 0x000000076f200000, 0x000000076f200000|100%| E|CS|TAMS 0x000000076f000000| PB 0x000000076f000000| Complete 
| 889|0x000000076f200000, 0x000000076f400000, 0x000000076f400000|100%| E|CS|TAMS 0x000000076f200000| PB 0x000000076f200000| Complete 
| 890|0x000000076f400000, 0x000000076f600000, 0x000000076f600000|100%| E|CS|TAMS 0x000000076f400000| PB 0x000000076f400000| Complete 
| 891|0x000000076f600000, 0x000000076f800000, 0x000000076f800000|100%| E|CS|TAMS 0x000000076f600000| PB 0x000000076f600000| Complete 
| 892|0x000000076f800000, 0x000000076fa00000, 0x000000076fa00000|100%| E|CS|TAMS 0x000000076f800000| PB 0x000000076f800000| Complete 
| 893|0x000000076fa00000, 0x000000076fc00000, 0x000000076fc00000|100%| E|CS|TAMS 0x000000076fa00000| PB 0x000000076fa00000| Complete 
| 894|0x000000076fc00000, 0x000000076fe00000, 0x000000076fe00000|100%| E|CS|TAMS 0x000000076fc00000| PB 0x000000076fc00000| Complete 
| 895|0x000000076fe00000, 0x0000000770000000, 0x0000000770000000|100%| E|CS|TAMS 0x000000076fe00000| PB 0x000000076fe00000| Complete 
| 896|0x0000000770000000, 0x0000000770200000, 0x0000000770200000|100%| E|CS|TAMS 0x0000000770000000| PB 0x0000000770000000| Complete 
| 897|0x0000000770200000, 0x0000000770400000, 0x0000000770400000|100%| E|CS|TAMS 0x0000000770200000| PB 0x0000000770200000| Complete 
| 898|0x0000000770400000, 0x0000000770600000, 0x0000000770600000|100%| E|CS|TAMS 0x0000000770400000| PB 0x0000000770400000| Complete 
| 899|0x0000000770600000, 0x0000000770800000, 0x0000000770800000|100%| E|CS|TAMS 0x0000000770600000| PB 0x0000000770600000| Complete 
| 900|0x0000000770800000, 0x0000000770a00000, 0x0000000770a00000|100%| E|CS|TAMS 0x0000000770800000| PB 0x0000000770800000| Complete 
| 901|0x0000000770a00000, 0x0000000770c00000, 0x0000000770c00000|100%| E|CS|TAMS 0x0000000770a00000| PB 0x0000000770a00000| Complete 
| 902|0x0000000770c00000, 0x0000000770e00000, 0x0000000770e00000|100%| E|CS|TAMS 0x0000000770c00000| PB 0x0000000770c00000| Complete 
| 903|0x0000000770e00000, 0x0000000771000000, 0x0000000771000000|100%| E|CS|TAMS 0x0000000770e00000| PB 0x0000000770e00000| Complete 
| 904|0x0000000771000000, 0x0000000771200000, 0x0000000771200000|100%| E|CS|TAMS 0x0000000771000000| PB 0x0000000771000000| Complete 
| 905|0x0000000771200000, 0x0000000771400000, 0x0000000771400000|100%| E|CS|TAMS 0x0000000771200000| PB 0x0000000771200000| Complete 
| 906|0x0000000771400000, 0x0000000771600000, 0x0000000771600000|100%| E|CS|TAMS 0x0000000771400000| PB 0x0000000771400000| Complete 
| 907|0x0000000771600000, 0x0000000771800000, 0x0000000771800000|100%| E|CS|TAMS 0x0000000771600000| PB 0x0000000771600000| Complete 
| 908|0x0000000771800000, 0x0000000771a00000, 0x0000000771a00000|100%| E|CS|TAMS 0x0000000771800000| PB 0x0000000771800000| Complete 
| 909|0x0000000771a00000, 0x0000000771c00000, 0x0000000771c00000|100%| E|CS|TAMS 0x0000000771a00000| PB 0x0000000771a00000| Complete 
| 910|0x0000000771c00000, 0x0000000771e00000, 0x0000000771e00000|100%| E|CS|TAMS 0x0000000771c00000| PB 0x0000000771c00000| Complete 
| 911|0x0000000771e00000, 0x0000000772000000, 0x0000000772000000|100%| E|CS|TAMS 0x0000000771e00000| PB 0x0000000771e00000| Complete 
| 912|0x0000000772000000, 0x0000000772200000, 0x0000000772200000|100%| E|CS|TAMS 0x0000000772000000| PB 0x0000000772000000| Complete 
| 913|0x0000000772200000, 0x0000000772400000, 0x0000000772400000|100%| E|CS|TAMS 0x0000000772200000| PB 0x0000000772200000| Complete 
| 914|0x0000000772400000, 0x0000000772600000, 0x0000000772600000|100%| E|CS|TAMS 0x0000000772400000| PB 0x0000000772400000| Complete 
| 915|0x0000000772600000, 0x0000000772800000, 0x0000000772800000|100%| E|CS|TAMS 0x0000000772600000| PB 0x0000000772600000| Complete 
| 916|0x0000000772800000, 0x0000000772a00000, 0x0000000772a00000|100%| E|CS|TAMS 0x0000000772800000| PB 0x0000000772800000| Complete 
| 917|0x0000000772a00000, 0x0000000772c00000, 0x0000000772c00000|100%| E|CS|TAMS 0x0000000772a00000| PB 0x0000000772a00000| Complete 
| 918|0x0000000772c00000, 0x0000000772e00000, 0x0000000772e00000|100%| E|CS|TAMS 0x0000000772c00000| PB 0x0000000772c00000| Complete 
| 919|0x0000000772e00000, 0x0000000773000000, 0x0000000773000000|100%| E|CS|TAMS 0x0000000772e00000| PB 0x0000000772e00000| Complete 
| 920|0x0000000773000000, 0x0000000773200000, 0x0000000773200000|100%| E|CS|TAMS 0x0000000773000000| PB 0x0000000773000000| Complete 
| 921|0x0000000773200000, 0x0000000773400000, 0x0000000773400000|100%| E|CS|TAMS 0x0000000773200000| PB 0x0000000773200000| Complete 
| 922|0x0000000773400000, 0x0000000773600000, 0x0000000773600000|100%| E|CS|TAMS 0x0000000773400000| PB 0x0000000773400000| Complete 
| 923|0x0000000773600000, 0x0000000773800000, 0x0000000773800000|100%| E|CS|TAMS 0x0000000773600000| PB 0x0000000773600000| Complete 
| 924|0x0000000773800000, 0x0000000773a00000, 0x0000000773a00000|100%| E|CS|TAMS 0x0000000773800000| PB 0x0000000773800000| Complete 
| 925|0x0000000773a00000, 0x0000000773c00000, 0x0000000773c00000|100%| E|CS|TAMS 0x0000000773a00000| PB 0x0000000773a00000| Complete 
| 926|0x0000000773c00000, 0x0000000773e00000, 0x0000000773e00000|100%| E|CS|TAMS 0x0000000773c00000| PB 0x0000000773c00000| Complete 
| 927|0x0000000773e00000, 0x0000000774000000, 0x0000000774000000|100%| E|CS|TAMS 0x0000000773e00000| PB 0x0000000773e00000| Complete 
| 928|0x0000000774000000, 0x0000000774200000, 0x0000000774200000|100%| E|CS|TAMS 0x0000000774000000| PB 0x0000000774000000| Complete 
| 929|0x0000000774200000, 0x0000000774400000, 0x0000000774400000|100%| E|CS|TAMS 0x0000000774200000| PB 0x0000000774200000| Complete 
| 930|0x0000000774400000, 0x0000000774600000, 0x0000000774600000|100%| E|CS|TAMS 0x0000000774400000| PB 0x0000000774400000| Complete 
| 931|0x0000000774600000, 0x0000000774800000, 0x0000000774800000|100%| E|CS|TAMS 0x0000000774600000| PB 0x0000000774600000| Complete 
| 932|0x0000000774800000, 0x0000000774a00000, 0x0000000774a00000|100%| E|CS|TAMS 0x0000000774800000| PB 0x0000000774800000| Complete 
| 933|0x0000000774a00000, 0x0000000774c00000, 0x0000000774c00000|100%| E|CS|TAMS 0x0000000774a00000| PB 0x0000000774a00000| Complete 
| 934|0x0000000774c00000, 0x0000000774e00000, 0x0000000774e00000|100%| E|CS|TAMS 0x0000000774c00000| PB 0x0000000774c00000| Complete 
| 935|0x0000000774e00000, 0x0000000775000000, 0x0000000775000000|100%| E|CS|TAMS 0x0000000774e00000| PB 0x0000000774e00000| Complete 
| 936|0x0000000775000000, 0x0000000775200000, 0x0000000775200000|100%| E|CS|TAMS 0x0000000775000000| PB 0x0000000775000000| Complete 
| 937|0x0000000775200000, 0x0000000775400000, 0x0000000775400000|100%| E|CS|TAMS 0x0000000775200000| PB 0x0000000775200000| Complete 
| 938|0x0000000775400000, 0x0000000775600000, 0x0000000775600000|100%| E|CS|TAMS 0x0000000775400000| PB 0x0000000775400000| Complete 
| 939|0x0000000775600000, 0x0000000775800000, 0x0000000775800000|100%| E|CS|TAMS 0x0000000775600000| PB 0x0000000775600000| Complete 
| 940|0x0000000775800000, 0x0000000775a00000, 0x0000000775a00000|100%| E|CS|TAMS 0x0000000775800000| PB 0x0000000775800000| Complete 
| 941|0x0000000775a00000, 0x0000000775c00000, 0x0000000775c00000|100%| E|CS|TAMS 0x0000000775a00000| PB 0x0000000775a00000| Complete 
| 942|0x0000000775c00000, 0x0000000775e00000, 0x0000000775e00000|100%| E|CS|TAMS 0x0000000775c00000| PB 0x0000000775c00000| Complete 
| 943|0x0000000775e00000, 0x0000000776000000, 0x0000000776000000|100%| E|CS|TAMS 0x0000000775e00000| PB 0x0000000775e00000| Complete 
| 944|0x0000000776000000, 0x0000000776200000, 0x0000000776200000|100%| E|CS|TAMS 0x0000000776000000| PB 0x0000000776000000| Complete 
| 945|0x0000000776200000, 0x0000000776400000, 0x0000000776400000|100%| E|CS|TAMS 0x0000000776200000| PB 0x0000000776200000| Complete 
| 946|0x0000000776400000, 0x0000000776600000, 0x0000000776600000|100%| E|CS|TAMS 0x0000000776400000| PB 0x0000000776400000| Complete 
| 947|0x0000000776600000, 0x0000000776800000, 0x0000000776800000|100%| E|CS|TAMS 0x0000000776600000| PB 0x0000000776600000| Complete 
| 948|0x0000000776800000, 0x0000000776a00000, 0x0000000776a00000|100%| E|CS|TAMS 0x0000000776800000| PB 0x0000000776800000| Complete 
| 949|0x0000000776a00000, 0x0000000776c00000, 0x0000000776c00000|100%| E|CS|TAMS 0x0000000776a00000| PB 0x0000000776a00000| Complete 
| 950|0x0000000776c00000, 0x0000000776e00000, 0x0000000776e00000|100%| E|CS|TAMS 0x0000000776c00000| PB 0x0000000776c00000| Complete 
| 951|0x0000000776e00000, 0x0000000777000000, 0x0000000777000000|100%| E|CS|TAMS 0x0000000776e00000| PB 0x0000000776e00000| Complete 
| 952|0x0000000777000000, 0x0000000777200000, 0x0000000777200000|100%| E|CS|TAMS 0x0000000777000000| PB 0x0000000777000000| Complete 
| 953|0x0000000777200000, 0x0000000777400000, 0x0000000777400000|100%| E|CS|TAMS 0x0000000777200000| PB 0x0000000777200000| Complete 
| 954|0x0000000777400000, 0x0000000777600000, 0x0000000777600000|100%| E|CS|TAMS 0x0000000777400000| PB 0x0000000777400000| Complete 
| 955|0x0000000777600000, 0x0000000777800000, 0x0000000777800000|100%| E|CS|TAMS 0x0000000777600000| PB 0x0000000777600000| Complete 
| 956|0x0000000777800000, 0x0000000777a00000, 0x0000000777a00000|100%| E|CS|TAMS 0x0000000777800000| PB 0x0000000777800000| Complete 
| 957|0x0000000777a00000, 0x0000000777c00000, 0x0000000777c00000|100%| E|CS|TAMS 0x0000000777a00000| PB 0x0000000777a00000| Complete 
| 958|0x0000000777c00000, 0x0000000777e00000, 0x0000000777e00000|100%| E|CS|TAMS 0x0000000777c00000| PB 0x0000000777c00000| Complete 
| 959|0x0000000777e00000, 0x0000000778000000, 0x0000000778000000|100%| E|CS|TAMS 0x0000000777e00000| PB 0x0000000777e00000| Complete 
| 960|0x0000000778000000, 0x0000000778200000, 0x0000000778200000|100%| E|CS|TAMS 0x0000000778000000| PB 0x0000000778000000| Complete 
| 961|0x0000000778200000, 0x0000000778400000, 0x0000000778400000|100%| E|CS|TAMS 0x0000000778200000| PB 0x0000000778200000| Complete 
| 962|0x0000000778400000, 0x0000000778600000, 0x0000000778600000|100%| E|CS|TAMS 0x0000000778400000| PB 0x0000000778400000| Complete 
| 963|0x0000000778600000, 0x0000000778800000, 0x0000000778800000|100%| E|CS|TAMS 0x0000000778600000| PB 0x0000000778600000| Complete 
| 964|0x0000000778800000, 0x0000000778a00000, 0x0000000778a00000|100%| E|CS|TAMS 0x0000000778800000| PB 0x0000000778800000| Complete 
| 965|0x0000000778a00000, 0x0000000778c00000, 0x0000000778c00000|100%| E|CS|TAMS 0x0000000778a00000| PB 0x0000000778a00000| Complete 
| 966|0x0000000778c00000, 0x0000000778e00000, 0x0000000778e00000|100%| E|CS|TAMS 0x0000000778c00000| PB 0x0000000778c00000| Complete 
| 967|0x0000000778e00000, 0x0000000779000000, 0x0000000779000000|100%| E|CS|TAMS 0x0000000778e00000| PB 0x0000000778e00000| Complete 
| 968|0x0000000779000000, 0x0000000779200000, 0x0000000779200000|100%| E|CS|TAMS 0x0000000779000000| PB 0x0000000779000000| Complete 
| 969|0x0000000779200000, 0x0000000779400000, 0x0000000779400000|100%| E|CS|TAMS 0x0000000779200000| PB 0x0000000779200000| Complete 
| 970|0x0000000779400000, 0x0000000779600000, 0x0000000779600000|100%| E|CS|TAMS 0x0000000779400000| PB 0x0000000779400000| Complete 
| 971|0x0000000779600000, 0x0000000779800000, 0x0000000779800000|100%| E|CS|TAMS 0x0000000779600000| PB 0x0000000779600000| Complete 
| 972|0x0000000779800000, 0x0000000779a00000, 0x0000000779a00000|100%| E|CS|TAMS 0x0000000779800000| PB 0x0000000779800000| Complete 
| 973|0x0000000779a00000, 0x0000000779c00000, 0x0000000779c00000|100%| E|CS|TAMS 0x0000000779a00000| PB 0x0000000779a00000| Complete 
| 974|0x0000000779c00000, 0x0000000779e00000, 0x0000000779e00000|100%| E|CS|TAMS 0x0000000779c00000| PB 0x0000000779c00000| Complete 
| 975|0x0000000779e00000, 0x000000077a000000, 0x000000077a000000|100%| E|CS|TAMS 0x0000000779e00000| PB 0x0000000779e00000| Complete 
| 976|0x000000077a000000, 0x000000077a200000, 0x000000077a200000|100%| E|CS|TAMS 0x000000077a000000| PB 0x000000077a000000| Complete 
| 977|0x000000077a200000, 0x000000077a400000, 0x000000077a400000|100%| E|CS|TAMS 0x000000077a200000| PB 0x000000077a200000| Complete 
| 978|0x000000077a400000, 0x000000077a600000, 0x000000077a600000|100%| E|CS|TAMS 0x000000077a400000| PB 0x000000077a400000| Complete 
| 979|0x000000077a600000, 0x000000077a800000, 0x000000077a800000|100%| E|CS|TAMS 0x000000077a600000| PB 0x000000077a600000| Complete 
| 980|0x000000077a800000, 0x000000077aa00000, 0x000000077aa00000|100%| E|CS|TAMS 0x000000077a800000| PB 0x000000077a800000| Complete 
| 981|0x000000077aa00000, 0x000000077ac00000, 0x000000077ac00000|100%| E|CS|TAMS 0x000000077aa00000| PB 0x000000077aa00000| Complete 
| 982|0x000000077ac00000, 0x000000077ae00000, 0x000000077ae00000|100%| E|CS|TAMS 0x000000077ac00000| PB 0x000000077ac00000| Complete 
| 983|0x000000077ae00000, 0x000000077b000000, 0x000000077b000000|100%| E|CS|TAMS 0x000000077ae00000| PB 0x000000077ae00000| Complete 
| 984|0x000000077b000000, 0x000000077b200000, 0x000000077b200000|100%| E|CS|TAMS 0x000000077b000000| PB 0x000000077b000000| Complete 
| 985|0x000000077b200000, 0x000000077b400000, 0x000000077b400000|100%| E|CS|TAMS 0x000000077b200000| PB 0x000000077b200000| Complete 
| 986|0x000000077b400000, 0x000000077b600000, 0x000000077b600000|100%| E|CS|TAMS 0x000000077b400000| PB 0x000000077b400000| Complete 
| 987|0x000000077b600000, 0x000000077b800000, 0x000000077b800000|100%| E|CS|TAMS 0x000000077b600000| PB 0x000000077b600000| Complete 
| 988|0x000000077b800000, 0x000000077ba00000, 0x000000077ba00000|100%| E|CS|TAMS 0x000000077b800000| PB 0x000000077b800000| Complete 
| 989|0x000000077ba00000, 0x000000077bc00000, 0x000000077bc00000|100%| E|CS|TAMS 0x000000077ba00000| PB 0x000000077ba00000| Complete 
| 990|0x000000077bc00000, 0x000000077be00000, 0x000000077be00000|100%| E|CS|TAMS 0x000000077bc00000| PB 0x000000077bc00000| Complete 
| 991|0x000000077be00000, 0x000000077c000000, 0x000000077c000000|100%| E|CS|TAMS 0x000000077be00000| PB 0x000000077be00000| Complete 
| 992|0x000000077c000000, 0x000000077c200000, 0x000000077c200000|100%| E|CS|TAMS 0x000000077c000000| PB 0x000000077c000000| Complete 
| 993|0x000000077c200000, 0x000000077c400000, 0x000000077c400000|100%| E|CS|TAMS 0x000000077c200000| PB 0x000000077c200000| Complete 
| 994|0x000000077c400000, 0x000000077c600000, 0x000000077c600000|100%| E|CS|TAMS 0x000000077c400000| PB 0x000000077c400000| Complete 
| 995|0x000000077c600000, 0x000000077c800000, 0x000000077c800000|100%| E|CS|TAMS 0x000000077c600000| PB 0x000000077c600000| Complete 
| 996|0x000000077c800000, 0x000000077ca00000, 0x000000077ca00000|100%| E|CS|TAMS 0x000000077c800000| PB 0x000000077c800000| Complete 
| 997|0x000000077ca00000, 0x000000077cc00000, 0x000000077cc00000|100%| E|CS|TAMS 0x000000077ca00000| PB 0x000000077ca00000| Complete 
| 998|0x000000077cc00000, 0x000000077ce00000, 0x000000077ce00000|100%| E|CS|TAMS 0x000000077cc00000| PB 0x000000077cc00000| Complete 
| 999|0x000000077ce00000, 0x000000077d000000, 0x000000077d000000|100%| E|CS|TAMS 0x000000077ce00000| PB 0x000000077ce00000| Complete 
|1000|0x000000077d000000, 0x000000077d200000, 0x000000077d200000|100%| E|CS|TAMS 0x000000077d000000| PB 0x000000077d000000| Complete 
|1001|0x000000077d200000, 0x000000077d400000, 0x000000077d400000|100%| E|CS|TAMS 0x000000077d200000| PB 0x000000077d200000| Complete 
|1002|0x000000077d400000, 0x000000077d600000, 0x000000077d600000|100%| E|CS|TAMS 0x000000077d400000| PB 0x000000077d400000| Complete 
|1003|0x000000077d600000, 0x000000077d800000, 0x000000077d800000|100%| E|CS|TAMS 0x000000077d600000| PB 0x000000077d600000| Complete 
|1004|0x000000077d800000, 0x000000077da00000, 0x000000077da00000|100%| E|CS|TAMS 0x000000077d800000| PB 0x000000077d800000| Complete 
|1005|0x000000077da00000, 0x000000077dc00000, 0x000000077dc00000|100%| E|CS|TAMS 0x000000077da00000| PB 0x000000077da00000| Complete 
|1006|0x000000077dc00000, 0x000000077de00000, 0x000000077de00000|100%| E|CS|TAMS 0x000000077dc00000| PB 0x000000077dc00000| Complete 
|1007|0x000000077de00000, 0x000000077e000000, 0x000000077e000000|100%| E|CS|TAMS 0x000000077de00000| PB 0x000000077de00000| Complete 
|1008|0x000000077e000000, 0x000000077e200000, 0x000000077e200000|100%| E|CS|TAMS 0x000000077e000000| PB 0x000000077e000000| Complete 
|1009|0x000000077e200000, 0x000000077e400000, 0x000000077e400000|100%| E|CS|TAMS 0x000000077e200000| PB 0x000000077e200000| Complete 
|1010|0x000000077e400000, 0x000000077e600000, 0x000000077e600000|100%| E|CS|TAMS 0x000000077e400000| PB 0x000000077e400000| Complete 
|1011|0x000000077e600000, 0x000000077e800000, 0x000000077e800000|100%| E|CS|TAMS 0x000000077e600000| PB 0x000000077e600000| Complete 
|2041|0x00000007ff200000, 0x00000007ff400000, 0x00000007ff400000|100%| E|CS|TAMS 0x00000007ff200000| PB 0x00000007ff200000| Complete 
|2042|0x00000007ff400000, 0x00000007ff600000, 0x00000007ff600000|100%| O|  |TAMS 0x00000007ff600000| PB 0x00000007ff600000| Updating 
|2043|0x00000007ff600000, 0x00000007ff800000, 0x00000007ff800000|100%| O|  |TAMS 0x00000007ff800000| PB 0x00000007ff800000| Updating 
|2044|0x00000007ff800000, 0x00000007ffa00000, 0x00000007ffa00000|100%| E|CS|TAMS 0x00000007ff800000| PB 0x00000007ff800000| Complete 
|2045|0x00000007ffa00000, 0x00000007ffc00000, 0x00000007ffc00000|100%| E|CS|TAMS 0x00000007ffa00000| PB 0x00000007ffa00000| Complete 
|2046|0x00000007ffc00000, 0x00000007ffe00000, 0x00000007ffe00000|100%| O|  |TAMS 0x00000007ffe00000| PB 0x00000007ffe00000| Updating 
|2047|0x00000007ffe00000, 0x0000000800000000, 0x0000000800000000|100%| O|  |TAMS 0x0000000800000000| PB 0x0000000800000000| Updating 

Card table byte_map: [0x00000213e01c0000,0x00000213e09c0000] _byte_map_base: 0x00000213dc9c0000

Marking Bits: (CMBitMap*) 0x00000213c80778f0
 Bits: [0x00000213e09c0000, 0x00000213e49c0000)

Polling page: 0x00000213c6200000

Metaspace:

Usage:
  Non-class:    120.83 MB used.
      Class:     19.77 MB used.
       Both:    140.60 MB used.

Virtual space:
  Non-class space:      128.00 MB reserved,     122.00 MB ( 95%) committed,  2 nodes.
      Class space:        1.00 GB reserved,      21.00 MB (  2%) committed,  1 nodes.
             Both:        1.12 GB reserved,     143.00 MB ( 12%) committed. 

Chunk freelists:
   Non-Class:  5.95 MB
       Class:  10.98 MB
        Both:  16.94 MB

MaxMetaspaceSize: unlimited
CompressedClassSpaceSize: 1.00 GB
Initial GC threshold: 21.00 MB
Current GC threshold: 236.50 MB
CDS: on
 - commit_granule_bytes: 65536.
 - commit_granule_words: 8192.
 - virtual_space_node_default_size: 8388608.
 - enlarge_chunks_in_place: 1.
 - use_allocation_guard: 0.


Internal statistics:

num_allocs_failed_limit: 12.
num_arena_births: 4634.
num_arena_deaths: 126.
num_vsnodes_births: 3.
num_vsnodes_deaths: 0.
num_space_committed: 2287.
num_space_uncommitted: 0.
num_chunks_returned_to_freelist: 195.
num_chunks_taken_from_freelist: 11152.
num_chunk_merges: 78.
num_chunk_splits: 7371.
num_chunks_enlarged: 4835.
num_inconsistent_stats: 0.

CodeHeap 'non-profiled nmethods': size=120000Kb used=12651Kb max_used=13843Kb free=107348Kb
 bounds [0x00000213d7f40000, 0x00000213d8cd0000, 0x00000213df470000]
CodeHeap 'profiled nmethods': size=120000Kb used=45966Kb max_used=52301Kb free=74033Kb
 bounds [0x00000213d0470000, 0x00000213d3790000, 0x00000213d79a0000]
CodeHeap 'non-nmethods': size=5760Kb used=2274Kb max_used=2357Kb free=3485Kb
 bounds [0x00000213d79a0000, 0x00000213d7c10000, 0x00000213d7f40000]
 total_blobs=21644 nmethods=20683 adapters=862
 compilation: enabled
              stopped_count=0, restarted_count=0
 full_count=0

Compilation events (20 events):
Event: 52.856 Thread 0x00000213e6b900d0 27399       2       com.android.tools.r8.internal.dd0::size (8 bytes)
Event: 52.857 Thread 0x00000213e6b900d0 nmethod 27399 0x00000213d377e910 code [0x00000213d377eaa0, 0x00000213d377ebb8]
Event: 52.857 Thread 0x00000213e6b900d0 27400       2       com.android.tools.r8.internal.cd0::<init> (11 bytes)
Event: 52.857 Thread 0x00000213e6b900d0 nmethod 27400 0x00000213d377ec90 code [0x00000213d377ee40, 0x00000213d377efb8]
Event: 52.857 Thread 0x00000213e6b900d0 27401       2       com.android.tools.r8.dex.I::<init> (19 bytes)
Event: 52.857 Thread 0x00000213e6b900d0 nmethod 27401 0x00000213d377f090 code [0x00000213d377f220, 0x00000213d377f330]
Event: 52.881 Thread 0x00000213e6b900d0 27402       2       com.android.tools.r8.internal.x1::get (21 bytes)
Event: 52.881 Thread 0x00000213e6b900d0 nmethod 27402 0x00000213d377f410 code [0x00000213d377f5e0, 0x00000213d377f868]
Event: 52.881 Thread 0x00000213e6b900d0 27403       2       com.android.tools.r8.internal.x1::put (32 bytes)
Event: 52.882 Thread 0x00000213e6b900d0 nmethod 27403 0x00000213d377f990 code [0x00000213d377fb60, 0x00000213d377fe50]
Event: 52.891 Thread 0x00000213e6b900d0 27404       2       com.android.tools.r8.kotlin.X::<init> (32 bytes)
Event: 52.892 Thread 0x00000213e6b900d0 nmethod 27404 0x00000213d377ff90 code [0x00000213d3780180, 0x00000213d3780700]
Event: 52.896 Thread 0x00000213e6b900d0 27405       3       java.util.ArrayDeque::bulkRemoveModified (312 bytes)
Event: 52.898 Thread 0x00000213e6b900d0 nmethod 27405 0x00000213d3780990 code [0x00000213d3780c40, 0x00000213d3781d00]
Event: 52.911 Thread 0x00000213e6b900d0 27406       3       com.android.tools.r8.internal.cM::a (70 bytes)
Event: 52.912 Thread 0x00000213e6b900d0 nmethod 27406 0x00000213d3782290 code [0x00000213d37824c0, 0x00000213d3782a58]
Event: 52.913 Thread 0x00000213e6b900d0 27408       2       com.android.tools.r8.internal.pC::isEmpty (13 bytes)
Event: 52.913 Thread 0x00000213e6b900d0 nmethod 27408 0x00000213d3782d10 code [0x00000213d3782ec0, 0x00000213d3783010]
Event: 52.913 Thread 0x00000213e6b900d0 27407       2       com.android.tools.r8.internal.u90::getDefaultInstanceForType (4 bytes)
Event: 52.913 Thread 0x00000213e6b900d0 nmethod 27407 0x00000213d3783110 code [0x00000213d37832a0, 0x00000213d37833b0]

GC Heap History (20 events):
Event: 37.023 GC heap before
{Heap before GC invocations=57 (full 0):
 garbage-first heap   total 1558528K, used 1254400K [0x0000000700000000, 0x0000000800000000)
  region size 2048K, 198 young (405504K), 23 survivors (47104K)
 Metaspace       used 138439K, committed 140992K, reserved 1179648K
  class space    used 19766K, committed 21056K, reserved 1048576K
}
Event: 37.120 GC heap after
{Heap after GC invocations=58 (full 0):
 garbage-first heap   total 2086912K, used 958464K [0x0000000700000000, 0x0000000800000000)
  region size 2048K, 25 young (51200K), 25 survivors (51200K)
 Metaspace       used 138439K, committed 140992K, reserved 1179648K
  class space    used 19766K, committed 21056K, reserved 1048576K
}
Event: 38.656 GC heap before
{Heap before GC invocations=58 (full 0):
 garbage-first heap   total 2086912K, used 1400832K [0x0000000700000000, 0x0000000800000000)
  region size 2048K, 242 young (495616K), 25 survivors (51200K)
 Metaspace       used 140533K, committed 143104K, reserved 1179648K
  class space    used 20043K, committed 21312K, reserved 1048576K
}
Event: 38.852 GC heap after
{Heap after GC invocations=59 (full 0):
 garbage-first heap   total 2086912K, used 1006543K [0x0000000700000000, 0x0000000800000000)
  region size 2048K, 21 young (43008K), 21 survivors (43008K)
 Metaspace       used 140533K, committed 143104K, reserved 1179648K
  class space    used 20043K, committed 21312K, reserved 1048576K
}
Event: 39.906 GC heap before
{Heap before GC invocations=59 (full 0):
 garbage-first heap   total 2086912K, used 1338319K [0x0000000700000000, 0x0000000800000000)
  region size 2048K, 183 young (374784K), 21 survivors (43008K)
 Metaspace       used 141478K, committed 144000K, reserved 1179648K
  class space    used 20126K, committed 21376K, reserved 1048576K
}
Event: 39.968 GC heap after
{Heap after GC invocations=60 (full 0):
 garbage-first heap   total 2086912K, used 1017401K [0x0000000700000000, 0x0000000800000000)
  region size 2048K, 6 young (12288K), 6 survivors (12288K)
 Metaspace       used 141478K, committed 144000K, reserved 1179648K
  class space    used 20126K, committed 21376K, reserved 1048576K
}
Event: 41.937 GC heap before
{Heap before GC invocations=60 (full 0):
 garbage-first heap   total 2086912K, used 1580601K [0x0000000700000000, 0x0000000800000000)
  region size 2048K, 282 young (577536K), 6 survivors (12288K)
 Metaspace       used 142009K, committed 144512K, reserved 1179648K
  class space    used 20161K, committed 21440K, reserved 1048576K
}
Event: 41.988 GC heap after
{Heap after GC invocations=61 (full 0):
 garbage-first heap   total 2086912K, used 1044026K [0x0000000700000000, 0x0000000800000000)
  region size 2048K, 19 young (38912K), 19 survivors (38912K)
 Metaspace       used 142009K, committed 144512K, reserved 1179648K
  class space    used 20161K, committed 21440K, reserved 1048576K
}
Event: 43.980 GC heap before
{Heap before GC invocations=61 (full 0):
 garbage-first heap   total 2086912K, used 1867322K [0x0000000700000000, 0x0000000800000000)
  region size 2048K, 422 young (864256K), 19 survivors (38912K)
 Metaspace       used 142399K, committed 144896K, reserved 1179648K
  class space    used 20171K, committed 21440K, reserved 1048576K
}
Event: 44.049 GC heap after
{Heap after GC invocations=62 (full 0):
 garbage-first heap   total 2086912K, used 1077238K [0x0000000700000000, 0x0000000800000000)
  region size 2048K, 35 young (71680K), 35 survivors (71680K)
 Metaspace       used 142399K, committed 144896K, reserved 1179648K
  class space    used 20171K, committed 21440K, reserved 1048576K
}
Event: 45.342 GC heap before
{Heap before GC invocations=62 (full 0):
 garbage-first heap   total 2086912K, used 1878006K [0x0000000700000000, 0x0000000800000000)
  region size 2048K, 426 young (872448K), 35 survivors (71680K)
 Metaspace       used 142613K, committed 145088K, reserved 1179648K
  class space    used 20180K, committed 21440K, reserved 1048576K
}
Event: 45.426 GC heap after
{Heap after GC invocations=63 (full 0):
 garbage-first heap   total 2086912K, used 1093468K [0x0000000700000000, 0x0000000800000000)
  region size 2048K, 26 young (53248K), 26 survivors (53248K)
 Metaspace       used 142613K, committed 145088K, reserved 1179648K
  class space    used 20180K, committed 21440K, reserved 1048576K
}
Event: 46.765 GC heap before
{Heap before GC invocations=63 (full 0):
 garbage-first heap   total 2086912K, used 1916764K [0x0000000700000000, 0x0000000800000000)
  region size 2048K, 428 young (876544K), 26 survivors (53248K)
 Metaspace       used 142713K, committed 145280K, reserved 1179648K
  class space    used 20187K, committed 21440K, reserved 1048576K
}
Event: 46.820 GC heap after
{Heap after GC invocations=64 (full 0):
 garbage-first heap   total 2086912K, used 1102684K [0x0000000700000000, 0x0000000800000000)
  region size 2048K, 31 young (63488K), 31 survivors (63488K)
 Metaspace       used 142713K, committed 145280K, reserved 1179648K
  class space    used 20187K, committed 21440K, reserved 1048576K
}
Event: 48.326 GC heap before
{Heap before GC invocations=65 (full 0):
 garbage-first heap   total 2086912K, used 1835868K [0x0000000700000000, 0x0000000800000000)
  region size 2048K, 428 young (876544K), 31 survivors (63488K)
 Metaspace       used 142631K, committed 145280K, reserved 1179648K
  class space    used 20158K, committed 21440K, reserved 1048576K
}
Event: 48.395 GC heap after
{Heap after GC invocations=66 (full 0):
 garbage-first heap   total 2086912K, used 1034902K [0x0000000700000000, 0x0000000800000000)
  region size 2048K, 21 young (43008K), 21 survivors (43008K)
 Metaspace       used 142631K, committed 145280K, reserved 1179648K
  class space    used 20158K, committed 21440K, reserved 1048576K
}
Event: 49.809 GC heap before
{Heap before GC invocations=66 (full 0):
 garbage-first heap   total 2086912K, used 1933974K [0x0000000700000000, 0x0000000800000000)
  region size 2048K, 461 young (944128K), 21 survivors (43008K)
 Metaspace       used 142891K, committed 145408K, reserved 1179648K
  class space    used 20165K, committed 21440K, reserved 1048576K
}
Event: 49.881 GC heap after
{Heap after GC invocations=67 (full 0):
 garbage-first heap   total 2086912K, used 1024910K [0x0000000700000000, 0x0000000800000000)
  region size 2048K, 31 young (63488K), 31 survivors (63488K)
 Metaspace       used 142891K, committed 145408K, reserved 1179648K
  class space    used 20165K, committed 21440K, reserved 1048576K
}
Event: 51.446 GC heap before
{Heap before GC invocations=67 (full 0):
 garbage-first heap   total 2086912K, used 1913742K [0x0000000700000000, 0x0000000800000000)
  region size 2048K, 466 young (954368K), 31 survivors (63488K)
 Metaspace       used 143601K, committed 146048K, reserved 1179648K
  class space    used 20229K, committed 21440K, reserved 1048576K
}
Event: 51.543 GC heap after
{Heap after GC invocations=68 (full 0):
 garbage-first heap   total 2086912K, used 1057678K [0x0000000700000000, 0x0000000800000000)
  region size 2048K, 47 young (96256K), 47 survivors (96256K)
 Metaspace       used 143601K, committed 146048K, reserved 1179648K
  class space    used 20229K, committed 21440K, reserved 1048576K
}

Dll operation events (16 events):
Event: 0.015 Loaded shared library C:\Program Files\Java\jdk-21\bin\java.dll
Event: 0.055 Loaded shared library C:\Program Files\Java\jdk-21\bin\jsvml.dll
Event: 0.109 Loaded shared library C:\Program Files\Java\jdk-21\bin\zip.dll
Event: 0.114 Loaded shared library C:\Program Files\Java\jdk-21\bin\instrument.dll
Event: 0.120 Loaded shared library C:\Program Files\Java\jdk-21\bin\net.dll
Event: 0.122 Loaded shared library C:\Program Files\Java\jdk-21\bin\nio.dll
Event: 0.126 Loaded shared library C:\Program Files\Java\jdk-21\bin\zip.dll
Event: 0.420 Loaded shared library C:\Program Files\Java\jdk-21\bin\jimage.dll
Event: 0.578 Loaded shared library C:\Program Files\Java\jdk-21\bin\verify.dll
Event: 0.772 Loaded shared library C:\Users\harsh\.gradle\native\c067742578af261105cb4f569cf0c3c89f3d7b1fecec35dd04571415982c5e48\windows-amd64\native-platform.dll
Event: 0.784 Loaded shared library C:\Users\harsh\.gradle\native\100fb08df4bc3b14c8652ba06237920a3bd2aa13389f12d3474272988ae205f9\windows-amd64\native-platform-file-events.dll
Event: 2.218 Loaded shared library C:\Program Files\Java\jdk-21\bin\management.dll
Event: 2.222 Loaded shared library C:\Program Files\Java\jdk-21\bin\management_ext.dll
Event: 2.510 Loaded shared library C:\Program Files\Java\jdk-21\bin\extnet.dll
Event: 2.665 Loaded shared library C:\Program Files\Java\jdk-21\bin\sunmscapi.dll
Event: 27.045 Loaded shared library C:\Program Files\Java\jdk-21\bin\rmi.dll

Deoptimization events (20 events):
Event: 52.748 Thread 0x00000213f911d570 DEOPT PACKING pc=0x00000213d329e439 sp=0x000000fea9ef99e0
Event: 52.748 Thread 0x00000213f911d570 DEOPT UNPACKING pc=0x00000213d79f4e42 sp=0x000000fea9ef9130 mode 0
Event: 52.781 Thread 0x00000213f045eb70 DEOPT PACKING pc=0x00000213d10ccba4 sp=0x000000fea94fb950
Event: 52.782 Thread 0x00000213f045eb70 DEOPT UNPACKING pc=0x00000213d79f4e42 sp=0x000000fea94faeb0 mode 0
Event: 52.787 Thread 0x00000213f911efb0 DEOPT PACKING pc=0x00000213d10ccb32 sp=0x000000feaa7fb9a0
Event: 52.787 Thread 0x00000213f911efb0 DEOPT UNPACKING pc=0x00000213d79f4e42 sp=0x000000feaa7faef8 mode 0
Event: 52.805 Thread 0x00000213f9121da0 DEOPT PACKING pc=0x00000213d269fa72 sp=0x000000feaa5fa000
Event: 52.805 Thread 0x00000213f9121da0 DEOPT UNPACKING pc=0x00000213d79f4e42 sp=0x000000feaa5f96b0 mode 0
Event: 52.825 Thread 0x00000213f911fcd0 DEOPT PACKING pc=0x00000213d2773a4c sp=0x000000fea9ff99e0
Event: 52.825 Thread 0x00000213f911fcd0 DEOPT UNPACKING pc=0x00000213d79f4e42 sp=0x000000fea9ff9280 mode 0
Event: 52.840 Thread 0x00000213f9121da0 DEOPT PACKING pc=0x00000213d329e439 sp=0x000000feaa5f9410
Event: 52.840 Thread 0x00000213f9121da0 DEOPT UNPACKING pc=0x00000213d79f4e42 sp=0x000000feaa5f8b60 mode 0
Event: 52.846 Thread 0x00000213f9121da0 DEOPT PACKING pc=0x00000213d329e439 sp=0x000000feaa5f9330
Event: 52.846 Thread 0x00000213f9121da0 DEOPT UNPACKING pc=0x00000213d79f4e42 sp=0x000000feaa5f8a98 mode 0
Event: 52.847 Thread 0x00000213f9121da0 DEOPT PACKING pc=0x00000213d26fcf59 sp=0x000000feaa5f93b0
Event: 52.847 Thread 0x00000213f9121da0 DEOPT UNPACKING pc=0x00000213d79f4e42 sp=0x000000feaa5f89b8 mode 0
Event: 52.885 Thread 0x00000213f9121da0 DEOPT PACKING pc=0x00000213d269fa72 sp=0x000000feaa5fa000
Event: 52.886 Thread 0x00000213f9121da0 DEOPT UNPACKING pc=0x00000213d79f4e42 sp=0x000000feaa5f96b0 mode 0
Event: 52.905 Thread 0x00000213f045eb70 DEOPT PACKING pc=0x00000213d329e439 sp=0x000000fea94f9580
Event: 52.905 Thread 0x00000213f045eb70 DEOPT UNPACKING pc=0x00000213d79f4e42 sp=0x000000fea94f8cd0 mode 0

Classes loaded (20 events):
Event: 33.733 Loading class java/util/stream/SliceOps$1$1
Event: 33.733 Loading class java/util/stream/SliceOps$1$1 done
Event: 33.822 Loading class java/util/IdentityHashMap$ValueIterator
Event: 33.822 Loading class java/util/IdentityHashMap$ValueIterator done
Event: 36.947 Loading class java/nio/ByteBufferAsShortBufferL
Event: 36.947 Loading class java/nio/ByteBufferAsShortBufferL done
Event: 37.220 Loading class java/util/zip/Adler32
Event: 37.221 Loading class java/util/zip/Adler32 done
Event: 37.227 Loading class java/nio/file/Files$2
Event: 37.228 Loading class java/nio/file/Files$2 done
Event: 37.406 Loading class java/nio/file/StandardCopyOption
Event: 37.406 Loading class java/nio/file/StandardCopyOption done
Event: 37.407 Loading class sun/nio/fs/WindowsFileCopy
Event: 37.408 Loading class sun/nio/fs/WindowsFileCopy done
Event: 51.243 Loading class java/util/zip/Deflater
Event: 51.245 Loading class java/util/zip/Deflater done
Event: 51.275 Loading class java/util/zip/Deflater$DeflaterZStreamRef
Event: 51.278 Loading class java/util/zip/Deflater$DeflaterZStreamRef done
Event: 51.297 Loading class java/util/zip/ZipOutputStream$XEntry
Event: 51.297 Loading class java/util/zip/ZipOutputStream$XEntry done

Classes unloaded (20 events):
Event: 47.057 Thread 0x00000213e6b54ea0 Unloading class 0x000002138227c800 'java/lang/invoke/LambdaForm$DMH+0x000002138227c800'
Event: 47.057 Thread 0x00000213e6b54ea0 Unloading class 0x000002138227c400 'java/lang/invoke/LambdaForm$DMH+0x000002138227c400'
Event: 47.057 Thread 0x00000213e6b54ea0 Unloading class 0x000002138227d000 'java/lang/invoke/LambdaForm$DMH+0x000002138227d000'
Event: 47.057 Thread 0x00000213e6b54ea0 Unloading class 0x00000213821da000 'java/lang/invoke/LambdaForm$DMH+0x00000213821da000'
Event: 47.057 Thread 0x00000213e6b54ea0 Unloading class 0x00000213821d9c00 'java/lang/invoke/LambdaForm$DMH+0x00000213821d9c00'
Event: 47.057 Thread 0x00000213e6b54ea0 Unloading class 0x00000213821d9800 'java/lang/invoke/LambdaForm$DMH+0x00000213821d9800'
Event: 47.057 Thread 0x00000213e6b54ea0 Unloading class 0x00000213821d9400 'java/lang/invoke/LambdaForm$DMH+0x00000213821d9400'
Event: 47.057 Thread 0x00000213e6b54ea0 Unloading class 0x00000213821d9000 'java/lang/invoke/LambdaForm$DMH+0x00000213821d9000'
Event: 47.057 Thread 0x00000213e6b54ea0 Unloading class 0x00000213821d8c00 'java/lang/invoke/LambdaForm$DMH+0x00000213821d8c00'
Event: 47.057 Thread 0x00000213e6b54ea0 Unloading class 0x00000213821d8800 'java/lang/invoke/LambdaForm$DMH+0x00000213821d8800'
Event: 47.057 Thread 0x00000213e6b54ea0 Unloading class 0x00000213821d8400 'java/lang/invoke/LambdaForm$DMH+0x00000213821d8400'
Event: 47.057 Thread 0x00000213e6b54ea0 Unloading class 0x0000021382175400 'java/lang/invoke/LambdaForm$DMH+0x0000021382175400'
Event: 47.057 Thread 0x00000213e6b54ea0 Unloading class 0x0000021382175000 'java/lang/invoke/LambdaForm$DMH+0x0000021382175000'
Event: 47.057 Thread 0x00000213e6b54ea0 Unloading class 0x0000021382174800 'java/lang/invoke/LambdaForm$DMH+0x0000021382174800'
Event: 47.057 Thread 0x00000213e6b54ea0 Unloading class 0x0000021382174400 'java/lang/invoke/LambdaForm$DMH+0x0000021382174400'
Event: 47.057 Thread 0x00000213e6b54ea0 Unloading class 0x0000021382161400 'java/lang/invoke/LambdaForm$DMH+0x0000021382161400'
Event: 47.057 Thread 0x00000213e6b54ea0 Unloading class 0x0000021382160c00 'java/lang/invoke/LambdaForm$DMH+0x0000021382160c00'
Event: 47.057 Thread 0x00000213e6b54ea0 Unloading class 0x0000021382161000 'java/lang/invoke/LambdaForm$DMH+0x0000021382161000'
Event: 47.057 Thread 0x00000213e6b54ea0 Unloading class 0x0000021382160800 'java/lang/invoke/LambdaForm$DMH+0x0000021382160800'
Event: 47.057 Thread 0x00000213e6b54ea0 Unloading class 0x0000021382160400 'java/lang/invoke/LambdaForm$DMH+0x0000021382160400'

Classes redefined (0 events):
No events

Internal exceptions (20 events):
Event: 36.390 Thread 0x00000213f0e0baa0 Exception <a 'java/lang/NoSuchMethodError'{0x00000007554330c8}: 'java.lang.Object java.lang.invoke.DirectMethodHandle$Holder.invokeStatic(java.lang.Object, java.lang.Object, int, java.lang.Object)'> (0x00000007554330c8) 
thrown [s\open\src\hotspot\share\interpreter\linkResolver.cpp, line 773]
Event: 36.778 Thread 0x00000213f0e0baa0 Exception <a 'java/lang/IncompatibleClassChangeError'{0x000000074d306898}: Found class java.lang.Object, but interface was expected> (0x000000074d306898) 
thrown [s\open\src\hotspot\share\interpreter\linkResolver.cpp, line 840]
Event: 37.232 Thread 0x00000213f0e0baa0 Exception <a 'sun/nio/fs/WindowsException'{0x000000077d14e0d8}> (0x000000077d14e0d8) 
thrown [s\open\src\hotspot\share\prims\jni.cpp, line 520]
Event: 38.012 Thread 0x00000213f911fcd0 Exception <a 'java/lang/ClassCastException'{0x000000076fdc83d0}: class kotlin.reflect.jvm.internal.ReflectionFactoryImpl cannot be cast to class com.android.tools.r8.internal.we0 (kotlin.reflect.jvm.internal.ReflectionFactoryImpl is in unnamed module of loader org.gradle.internal.classloader.VisitableURLClassLoader @66133adc; com.android.tools.r8.internal.we0 is in unnamed module of loader org.gradle.internal.classloader.VisitableURLClassLoader$InstrumentingVisitableURLClassLoader @4c9e3493)> (0x000000076f
Event: 38.200 Thread 0x00000213f045eb70 Exception <a 'java/lang/NoSuchMethodError'{0x000000076c6a3378}: 'java.lang.Object java.lang.invoke.DirectMethodHandle$Holder.invokeInterface(java.lang.Object, java.lang.Object, java.lang.Object, java.lang.Object)'> (0x000000076c6a3378) 
thrown [s\open\src\hotspot\share\interpreter\linkResolver.cpp, line 773]
Event: 38.201 Thread 0x00000213f045eb70 Exception <a 'java/lang/IncompatibleClassChangeError'{0x000000076c6a7278}: Found class java.lang.Object, but interface was expected> (0x000000076c6a7278) 
thrown [s\open\src\hotspot\share\interpreter\linkResolver.cpp, line 840]
Event: 39.459 Thread 0x00000213f911fcd0 Exception <a 'sun/nio/fs/WindowsException'{0x00000007743045e0}> (0x00000007743045e0) 
thrown [s\open\src\hotspot\share\prims\jni.cpp, line 520]
Event: 42.489 Thread 0x00000213f911efb0 Implicit null exception at 0x00000213d8370efa to 0x00000213d8371078
Event: 43.000 Thread 0x00000213f911efb0 Exception <a 'sun/nio/fs/WindowsException'{0x000000076d4a72b8}> (0x000000076d4a72b8) 
thrown [s\open\src\hotspot\share\prims\jni.cpp, line 520]
Event: 43.488 Thread 0x00000213f0e0baa0 Implicit null exception at 0x00000213d808d0e3 to 0x00000213d808e52c
Event: 44.965 Thread 0x00000213f045eb70 Exception <a 'java/lang/NoSuchMethodError'{0x000000075c95cf60}: 'int java.lang.invoke.DirectMethodHandle$Holder.invokeSpecial(java.lang.Object, java.lang.Object, int, int)'> (0x000000075c95cf60) 
thrown [s\open\src\hotspot\share\interpreter\linkResolver.cpp, line 773]
Event: 49.452 Thread 0x00000213f911e290 Exception <a 'sun/nio/fs/WindowsException'{0x0000000757d72ff0}> (0x0000000757d72ff0) 
thrown [s\open\src\hotspot\share\prims\jni.cpp, line 520]
Event: 49.980 Thread 0x00000213f911efb0 Exception <a 'sun/nio/fs/WindowsException'{0x000000077a40cd30}> (0x000000077a40cd30) 
thrown [s\open\src\hotspot\share\prims\jni.cpp, line 520]
Event: 50.975 Thread 0x00000213f045eb70 Exception <a 'sun/nio/fs/WindowsException'{0x0000000758b052c0}> (0x0000000758b052c0) 
thrown [s\open\src\hotspot\share\prims\jni.cpp, line 520]
Event: 51.235 Thread 0x00000213f0e0baa0 Exception <a 'sun/nio/fs/WindowsException'{0x0000000751b96318}> (0x0000000751b96318) 
thrown [s\open\src\hotspot\share\prims\jni.cpp, line 520]
Event: 51.300 Thread 0x00000213f0e0baa0 Exception <a 'sun/nio/fs/WindowsException'{0x0000000751be9ad8}> (0x0000000751be9ad8) 
thrown [s\open\src\hotspot\share\prims\jni.cpp, line 520]
Event: 51.764 Thread 0x00000213f911efb0 Exception <a 'sun/nio/fs/WindowsException'{0x0000000778bc47f0}> (0x0000000778bc47f0) 
thrown [s\open\src\hotspot\share\prims\jni.cpp, line 520]
Event: 51.910 Thread 0x00000213f045eb70 Exception <a 'sun/nio/fs/WindowsException'{0x00000007749509c0}> (0x00000007749509c0) 
thrown [s\open\src\hotspot\share\prims\jni.cpp, line 520]
Event: 52.522 Thread 0x00000213f0e0baa0 Exception <a 'sun/nio/fs/WindowsException'{0x0000000763d3e030}> (0x0000000763d3e030) 
thrown [s\open\src\hotspot\share\prims\jni.cpp, line 520]
Event: 52.859 Thread 0x00000213f0e0baa0 Exception <a 'sun/nio/fs/WindowsException'{0x000000075aaecb10}> (0x000000075aaecb10) 
thrown [s\open\src\hotspot\share\prims\jni.cpp, line 520]

ZGC Phase Switch (0 events):
No events

VM Operations (20 events):
Event: 48.728 Executing VM operation: ICBufferFull done
Event: 49.234 Executing VM operation: ICBufferFull
Event: 49.250 Executing VM operation: ICBufferFull done
Event: 49.808 Executing VM operation: G1CollectForAllocation (G1 Evacuation Pause)
Event: 49.882 Executing VM operation: G1CollectForAllocation (G1 Evacuation Pause) done
Event: 50.336 Executing VM operation: HandshakeAllThreads (Deoptimize)
Event: 50.354 Executing VM operation: HandshakeAllThreads (Deoptimize) done
Event: 50.476 Executing VM operation: ICBufferFull
Event: 50.500 Executing VM operation: ICBufferFull done
Event: 50.830 Executing VM operation: ICBufferFull
Event: 50.846 Executing VM operation: ICBufferFull done
Event: 51.263 Executing VM operation: ICBufferFull
Event: 51.276 Executing VM operation: ICBufferFull done
Event: 51.438 Executing VM operation: G1CollectForAllocation (G1 Evacuation Pause)
Event: 51.554 Executing VM operation: G1CollectForAllocation (G1 Evacuation Pause) done
Event: 51.860 Executing VM operation: ICBufferFull
Event: 51.865 Executing VM operation: ICBufferFull done
Event: 52.198 Executing VM operation: ICBufferFull
Event: 52.213 Executing VM operation: ICBufferFull done
Event: 52.917 Executing VM operation: G1PauseRemark

Events (20 events):
Event: 53.012 Thread 0x00000213e6b54ea0 flushing nmethod 0x00000213d7f4be10
Event: 53.012 Thread 0x00000213e6b54ea0 flushing nmethod 0x00000213d7f48810
Event: 53.012 Thread 0x00000213e6b54ea0 flushing nmethod 0x00000213d7f53210
Event: 53.012 Thread 0x00000213e6b54ea0 flushing nmethod 0x00000213d7f67990
Event: 53.012 Thread 0x00000213e6b54ea0 flushing nmethod 0x00000213d7f56b10
Event: 53.012 Thread 0x00000213e6b54ea0 flushing nmethod 0x00000213d7f4b390
Event: 53.012 Thread 0x00000213e6b54ea0 flushing nmethod 0x00000213d7f4f790
Event: 53.012 Thread 0x00000213e6b54ea0 flushing nmethod 0x00000213d7f4b090
Event: 53.012 Thread 0x00000213e6b54ea0 flushing nmethod 0x00000213d7f5af90
Event: 53.012 Thread 0x00000213e6b54ea0 flushing nmethod 0x00000213d7f4ad90
Event: 53.012 Thread 0x00000213e6b54ea0 flushing nmethod 0x00000213d7f47e90
Event: 53.012 Thread 0x00000213e6b54ea0 flushing nmethod 0x00000213d7f52510
Event: 53.012 Thread 0x00000213e6b54ea0 flushing nmethod 0x00000213d7f47890
Event: 53.012 Thread 0x00000213e6b54ea0 flushing nmethod 0x00000213d7f4aa90
Event: 53.012 Thread 0x00000213e6b54ea0 flushing nmethod 0x00000213d7f5c590
Event: 53.012 Thread 0x00000213e6b54ea0 flushing nmethod 0x00000213d7f47590
Event: 53.012 Thread 0x00000213e6b54ea0 flushing nmethod 0x00000213d7f51c10
Event: 53.012 Thread 0x00000213e6b54ea0 flushing nmethod 0x00000213d7f49e90
Event: 53.012 Thread 0x00000213e6b54ea0 flushing nmethod 0x00000213d7f40610
Event: 53.012 Thread 0x00000213e6b54ea0 flushing nmethod 0x00000213d7f40010


Dynamic libraries:
0x00007ff7c5860000 - 0x00007ff7c5870000 	C:\Program Files\Java\jdk-21\bin\java.exe
0x00007ffde0a40000 - 0x00007ffde0ca7000 	C:\WINDOWS\SYSTEM32\ntdll.dll
0x00007ffddf400000 - 0x00007ffddf4c9000 	C:\WINDOWS\System32\KERNEL32.DLL
0x00007ffddd5f0000 - 0x00007ffddd9e1000 	C:\WINDOWS\System32\KERNELBASE.dll
0x00007ffddd4a0000 - 0x00007ffddd5eb000 	C:\WINDOWS\System32\ucrtbase.dll
0x00007ffdd8410000 - 0x00007ffdd8429000 	C:\Program Files\Java\jdk-21\bin\jli.dll
0x00007ffddb5a0000 - 0x00007ffddb5bb000 	C:\Program Files\Java\jdk-21\bin\VCRUNTIME140.dll
0x00007ffddf8c0000 - 0x00007ffddf97b000 	C:\WINDOWS\System32\ADVAPI32.dll
0x00007ffddf350000 - 0x00007ffddf3f9000 	C:\WINDOWS\System32\msvcrt.dll
0x00007ffddfe90000 - 0x00007ffddff37000 	C:\WINDOWS\System32\sechost.dll
0x00007ffde0870000 - 0x00007ffde0988000 	C:\WINDOWS\System32\RPCRT4.dll
0x00007ffde0620000 - 0x00007ffde07e5000 	C:\WINDOWS\System32\USER32.dll
0x00007ffdc9f20000 - 0x00007ffdca1b3000 	C:\WINDOWS\WinSxS\amd64_microsoft.windows.common-controls_6595b64144ccf1df_6.0.26100.8037_none_3e092faae333b53b\COMCTL32.dll
0x00007ffdddab0000 - 0x00007ffdddad7000 	C:\WINDOWS\System32\win32u.dll
0x00007ffde0370000 - 0x00007ffde039b000 	C:\WINDOWS\System32\GDI32.dll
0x00007ffdddd00000 - 0x00007ffddde2b000 	C:\WINDOWS\System32\gdi32full.dll
0x00007ffdd75f0000 - 0x00007ffdd75fb000 	C:\WINDOWS\SYSTEM32\VERSION.dll
0x00007ffdddc50000 - 0x00007ffdddcf3000 	C:\WINDOWS\System32\msvcp_win.dll
0x00007ffddff90000 - 0x00007ffddffc1000 	C:\WINDOWS\System32\IMM32.DLL
0x00007ffddb520000 - 0x00007ffddb52c000 	C:\Program Files\Java\jdk-21\bin\vcruntime140_1.dll
0x00007ffdbb810000 - 0x00007ffdbb89e000 	C:\Program Files\Java\jdk-21\bin\msvcp140.dll
0x00007ffd50ea0000 - 0x00007ffd51bb7000 	C:\Program Files\Java\jdk-21\bin\server\jvm.dll
0x00007ffddf980000 - 0x00007ffddf9f4000 	C:\WINDOWS\System32\WS2_32.dll
0x00007ffddd180000 - 0x00007ffddd1de000 	C:\WINDOWS\SYSTEM32\POWRPROF.dll
0x00007ffdd75b0000 - 0x00007ffdd75e5000 	C:\WINDOWS\SYSTEM32\WINMM.dll
0x00007ffddd160000 - 0x00007ffddd174000 	C:\WINDOWS\SYSTEM32\UMPDC.dll
0x00007ffddc0b0000 - 0x00007ffddc0cb000 	C:\WINDOWS\SYSTEM32\kernel.appcore.dll
0x00007ffddb4a0000 - 0x00007ffddb4aa000 	C:\Program Files\Java\jdk-21\bin\jimage.dll
0x00007ffddb230000 - 0x00007ffddb472000 	C:\WINDOWS\SYSTEM32\DBGHELP.DLL
0x00007ffddffd0000 - 0x00007ffde0352000 	C:\WINDOWS\System32\combase.dll
0x00007ffddf7e0000 - 0x00007ffddf8b7000 	C:\WINDOWS\System32\OLEAUT32.dll
0x00007ffdc6c50000 - 0x00007ffdc6c8b000 	C:\WINDOWS\SYSTEM32\dbgcore.DLL
0x00007ffddde30000 - 0x00007ffddded5000 	C:\WINDOWS\System32\bcryptPrimitives.dll
0x00007ffdd3380000 - 0x00007ffdd338f000 	C:\Program Files\Java\jdk-21\bin\instrument.dll
0x00007ffdd3770000 - 0x00007ffdd378f000 	C:\Program Files\Java\jdk-21\bin\java.dll
0x00007ffddeba0000 - 0x00007ffddf2ff000 	C:\WINDOWS\System32\SHELL32.dll
0x00007ffdddae0000 - 0x00007ffdddc4a000 	C:\WINDOWS\System32\wintypes.dll
0x00007ffdddee0000 - 0x00007ffdde744000 	C:\WINDOWS\System32\windows.storage.dll
0x00007ffddf650000 - 0x00007ffddf747000 	C:\WINDOWS\System32\SHCORE.dll
0x00007ffddf750000 - 0x00007ffddf7b7000 	C:\WINDOWS\System32\shlwapi.dll
0x00007ffddd240000 - 0x00007ffddd269000 	C:\WINDOWS\SYSTEM32\profapi.dll
0x00007ffda4410000 - 0x00007ffda44e7000 	C:\Program Files\Java\jdk-21\bin\jsvml.dll
0x00007ffdd3460000 - 0x00007ffdd3478000 	C:\Program Files\Java\jdk-21\bin\zip.dll
0x00007ffdd8530000 - 0x00007ffdd8540000 	C:\Program Files\Java\jdk-21\bin\net.dll
0x00007ffdd5170000 - 0x00007ffdd5297000 	C:\WINDOWS\SYSTEM32\WINHTTP.dll
0x00007ffddc620000 - 0x00007ffddc68b000 	C:\WINDOWS\system32\mswsock.dll
0x00007ffdd3500000 - 0x00007ffdd3516000 	C:\Program Files\Java\jdk-21\bin\nio.dll
0x00007ffdd3760000 - 0x00007ffdd3770000 	C:\Program Files\Java\jdk-21\bin\verify.dll
0x00007ffdd1e90000 - 0x00007ffdd1eb7000 	C:\Users\harsh\.gradle\native\c067742578af261105cb4f569cf0c3c89f3d7b1fecec35dd04571415982c5e48\windows-amd64\native-platform.dll
0x00007ffda0780000 - 0x00007ffda08c4000 	C:\Users\harsh\.gradle\native\100fb08df4bc3b14c8652ba06237920a3bd2aa13389f12d3474272988ae205f9\windows-amd64\native-platform-file-events.dll
0x00007ffdd3720000 - 0x00007ffdd372a000 	C:\Program Files\Java\jdk-21\bin\management.dll
0x00007ffdd3550000 - 0x00007ffdd355b000 	C:\Program Files\Java\jdk-21\bin\management_ext.dll
0x00007ffddf310000 - 0x00007ffddf318000 	C:\WINDOWS\System32\PSAPI.DLL
0x00007ffddc900000 - 0x00007ffddc91b000 	C:\WINDOWS\SYSTEM32\CRYPTSP.dll
0x00007ffddc010000 - 0x00007ffddc049000 	C:\WINDOWS\system32\rsaenh.dll
0x00007ffddc6d0000 - 0x00007ffddc702000 	C:\WINDOWS\SYSTEM32\USERENV.dll
0x00007ffddd210000 - 0x00007ffddd23a000 	C:\WINDOWS\SYSTEM32\bcrypt.dll
0x00007ffddc920000 - 0x00007ffddc92c000 	C:\WINDOWS\SYSTEM32\CRYPTBASE.dll
0x00007ffddbb30000 - 0x00007ffddbb63000 	C:\WINDOWS\SYSTEM32\IPHLPAPI.DLL
0x00007ffde0990000 - 0x00007ffde099a000 	C:\WINDOWS\System32\NSI.dll
0x00007ffdd3410000 - 0x00007ffdd3419000 	C:\Program Files\Java\jdk-21\bin\extnet.dll
0x00007ffdd3370000 - 0x00007ffdd337e000 	C:\Program Files\Java\jdk-21\bin\sunmscapi.dll
0x00007ffddd320000 - 0x00007ffddd497000 	C:\WINDOWS\System32\CRYPT32.dll
0x00007ffddcb20000 - 0x00007ffddcb50000 	C:\WINDOWS\SYSTEM32\ncrypt.dll
0x00007ffddcad0000 - 0x00007ffddcb0f000 	C:\WINDOWS\SYSTEM32\NTASN1.dll
0x00007ffda26b0000 - 0x00007ffda26b8000 	C:\WINDOWS\system32\wshunix.dll
0x00007ffddb660000 - 0x00007ffddb667000 	C:\Program Files\Java\jdk-21\bin\rmi.dll

dbghelp: loaded successfully - version: 4.0.5 - missing functions: none
symbol engine: initialized successfully - sym options: 0x614 - pdb path: .;C:\Program Files\Java\jdk-21\bin;C:\WINDOWS\SYSTEM32;C:\WINDOWS\WinSxS\amd64_microsoft.windows.common-controls_6595b64144ccf1df_6.0.26100.8037_none_3e092faae333b53b;C:\Program Files\Java\jdk-21\bin\server;C:\Users\harsh\.gradle\native\c067742578af261105cb4f569cf0c3c89f3d7b1fecec35dd04571415982c5e48\windows-amd64;C:\Users\harsh\.gradle\native\100fb08df4bc3b14c8652ba06237920a3bd2aa13389f12d3474272988ae205f9\windows-amd64

VM Arguments:
jvm_args: --add-opens=java.base/java.lang=ALL-UNNAMED --add-opens=java.base/java.lang.invoke=ALL-UNNAMED --add-opens=java.base/java.util=ALL-UNNAMED --add-opens=java.prefs/java.util.prefs=ALL-UNNAMED --add-exports=jdk.compiler/com.sun.tools.javac.api=ALL-UNNAMED --add-exports=jdk.compiler/com.sun.tools.javac.util=ALL-UNNAMED --add-opens=java.base/java.util=ALL-UNNAMED --add-opens=java.prefs/java.util.prefs=ALL-UNNAMED --add-opens=java.base/java.nio.charset=ALL-UNNAMED --add-opens=java.base/java.net=ALL-UNNAMED --add-opens=java.base/java.util.concurrent.atomic=ALL-UNNAMED --add-opens=java.xml/javax.xml.namespace=ALL-UNNAMED -Xmx4096m -Dfile.encoding=UTF-8 -Duser.country=IN -Duser.language=en -Duser.variant -javaagent:C:\Users\harsh\.gradle\wrapper\dists\gradle-8.11.1-bin\bpt9gzteqjrbo1mjrsomdt32c\gradle-8.11.1\lib\agents\gradle-instrumentation-agent-8.11.1.jar 
java_command: org.gradle.launcher.daemon.bootstrap.GradleDaemon 8.11.1
java_class_path (initial): C:\Users\harsh\.gradle\wrapper\dists\gradle-8.11.1-bin\bpt9gzteqjrbo1mjrsomdt32c\gradle-8.11.1\lib\gradle-daemon-main-8.11.1.jar
Launcher Type: SUN_STANDARD

[Global flags]
     intx CICompilerCount                          = 4                                         {product} {ergonomic}
     uint ConcGCThreads                            = 3                                         {product} {ergonomic}
     uint G1ConcRefinementThreads                  = 10                                        {product} {ergonomic}
   size_t G1HeapRegionSize                         = 2097152                                   {product} {ergonomic}
    uintx GCDrainStackTargetSize                   = 64                                        {product} {ergonomic}
   size_t InitialHeapSize                          = 125829120                                 {product} {ergonomic}
   size_t MarkStackSize                            = 4194304                                   {product} {ergonomic}
   size_t MaxHeapSize                              = 4294967296                                {product} {command line}
   size_t MaxNewSize                               = 2575302656                                {product} {ergonomic}
   size_t MinHeapDeltaBytes                        = 2097152                                   {product} {ergonomic}
   size_t MinHeapSize                              = 8388608                                   {product} {ergonomic}
    uintx NonNMethodCodeHeapSize                   = 5839372                                {pd product} {ergonomic}
    uintx NonProfiledCodeHeapSize                  = 122909434                              {pd product} {ergonomic}
    uintx ProfiledCodeHeapSize                     = 122909434                              {pd product} {ergonomic}
    uintx ReservedCodeCacheSize                    = 251658240                              {pd product} {ergonomic}
     bool SegmentedCodeCache                       = true                                      {product} {ergonomic}
   size_t SoftMaxHeapSize                          = 4294967296                             {manageable} {ergonomic}
     bool UseCompressedOops                        = true                           {product lp64_product} {ergonomic}
     bool UseG1GC                                  = true                                      {product} {ergonomic}
     bool UseLargePagesIndividualAllocation        = false                                  {pd product} {ergonomic}

Logging:
Log output configuration:
 #0: stdout all=warning uptime,level,tags foldmultilines=false
 #1: stderr all=off uptime,level,tags foldmultilines=false

Environment Variables:
JAVA_HOME=C:\Program Files\Java\jdk-21
CLASSPATH=C:\Users\harsh\AndroidStudioProjects\VidPlay\\gradle\wrapper\gradle-wrapper.jar
PATH=c:\Users\harsh\AppData\Roaming\Code\User\globalStorage\github.copilot-chat\debugCommand;c:\Users\harsh\AppData\Roaming\Code\User\globalStorage\github.copilot-chat\copilotCli;C:\Users\harsh\AppData\Local\Programs\Microsoft VS Code;C:\Program Files\Eclipse Adoptium\jdk-11.0.29.7-hotspot\bin;C:\Program Files\Python313\Scripts\;C:\Program Files\Python313\;C:\Program Files\Common Files\Oracle\Java\javapath;C:\WINDOWS\system32;C:\WINDOWS;C:\WINDOWS\System32\Wbem;C:\WINDOWS\System32\WindowsPowerShell\v1.0\;C:\WINDOWS\System32\OpenSSH\;C:\Program Files\Java\jdk-21\bin;C:\Program Files\nodejs\;C:\Program Files\Git\cmd;C:\Program Files\Docker\Docker\resources\bin;C:\Program Files\Go\bin;C:\flutter_windows_3.32.8-stable\flutter\bin\;C:\platform-tools;C:\Program Files\MySQL\MySQL Shell 8.0\bin\;C:\Users\harsh\AppData\Local\Microsoft\WindowsApps;C:\MinGW\bin;C:\Users\harsh\AppData\Roaming\npm;C:\Program Files\MongoDB\Server\7.0\bin;C:\Users\harsh\AppData\Local\GitHubDesktop\bin;C:\Users\harsh\AppData\Local\Programs\Microsoft VS Code\bin;C:\Users\harsh\AppData\Local\Microsoft\WindowsApps\python.exe;C:\users\harsh\appdata\roaming\python\python313\site-packages\git_filter_repo.py;C:\Users\harsh\AppData\Local\Programs\cursor\resources\app\bin;C:\Users\harsh\flutter_windows_3.32.6-stable\flutter\bin;C:\Program Files\MongoDB\Server\7.0\bin;C:\Users\harsh\go\bin;C:\Users\harsh\AppData\Local\Programs\Antigravity\bin;c:\Users\harsh\.vscode\extensions\vscjava.vscode-java-debug-0.58.5\bundled\scripts\noConfigScripts;c:\Users\harsh\.vscode\extensions\ms-python.debugpy-2025.18.0-win32-x64\bundled\scripts\noConfigScripts
USERNAME=harsh
LANG=en_US.UTF-8
OS=Windows_NT
PROCESSOR_IDENTIFIER=AMD64 Family 25 Model 80 Stepping 0, AuthenticAMD
TMP=C:\Users\harsh\AppData\Local\Temp
TEMP=C:\Users\harsh\AppData\Local\Temp




Periodic native trim disabled

---------------  S Y S T E M  ---------------

OS:
 Windows 11 , 64 bit Build 26100 (10.0.26100.7920)
OS uptime: 0 days 13:51 hours
Hyper-V role detected

CPU: total 12 (initial active 12) (12 cores per cpu, 2 threads per core) family 25 model 80 stepping 0 microcode 0xa50000d, cx8, cmov, fxsr, ht, mmx, 3dnowpref, sse, sse2, sse3, ssse3, sse4a, sse4.1, sse4.2, popcnt, lzcnt, tsc, tscinvbit, avx, avx2, aes, erms, clmul, bmi1, bmi2, adx, sha, fma, vzeroupper, clflush, clflushopt, hv, rdtscp, rdpid, fsrm, f16c, cet_ss
Processor Information for all 12 processors :
  Max Mhz: 3301, Current Mhz: 2011, Mhz Limit: 3301

Memory: 4k page, system-wide physical 7581M (974M free)
TotalPageFile size 31133M (AvailPageFile size 359M)
current process WorkingSet (physical memory assigned to process): 2201M, peak: 2203M
current process commit charge ("private bytes"): 2586M, peak: 3299M

vm_info: Java HotSpot(TM) 64-Bit Server VM (21.0.2+13-LTS-58) for windows-amd64 JRE (21.0.2+13-LTS-58), built on 2024-01-05T18:32:24Z by "mach5one" with MS VC++ 17.1 (VS2022)

END.
