#
# There is insufficient memory for the Java Runtime Environment to continue.
# Native memory allocation (malloc) failed to allocate 1093456 bytes. Error detail: Chunk::new
# Possible reasons:
#   The system is out of physical RAM or swap space
#   This process is running with CompressedOops enabled, and the Java Heap may be blocking the growth of the native heap
# Possible solutions:
#   Reduce memory load on the system
#   Increase physical memory or swap space
#   Check if swap backing store is full
#   Decrease Java heap size (-Xmx/-Xms)
#   Decrease number of Java threads
#   Decrease Java thread stack sizes (-Xss)
#   Set larger code cache with -XX:ReservedCodeCacheSize=
#   JVM is running with Unscaled Compressed Oops mode in which the Java heap is
#     placed in the first 4GB address space. The Java Heap base address is the
#     maximum limit for the native heap growth. Please use -XX:HeapBaseMinAddress
#     to set the Java Heap base and to place the Java Heap above 4GB virtual address.
# This output file may be truncated or incomplete.
#
#  Out of Memory Error (arena.cpp:168), pid=25304, tid=11580
#
# JRE version: OpenJDK Runtime Environment (21.0.6) (build 21.0.6+-13391695-b895.109)
# Java VM: OpenJDK 64-Bit Server VM (21.0.6+-13391695-b895.109, mixed mode, tiered, compressed oops, compressed class ptrs, g1 gc, windows-amd64)
# No core dump will be written. Minidumps are not enabled by default on client versions of Windows
#

---------------  S U M M A R Y ------------

Command Line: --add-opens=java.base/java.lang=ALL-UNNAMED --add-opens=java.base/java.lang.invoke=ALL-UNNAMED --add-opens=java.base/java.util=ALL-UNNAMED --add-opens=java.prefs/java.util.prefs=ALL-UNNAMED --add-exports=jdk.compiler/com.sun.tools.javac.api=ALL-UNNAMED --add-exports=jdk.compiler/com.sun.tools.javac.util=ALL-UNNAMED --add-opens=java.base/java.util=ALL-UNNAMED --add-opens=java.prefs/java.util.prefs=ALL-UNNAMED --add-opens=java.base/java.nio.charset=ALL-UNNAMED --add-opens=java.base/java.net=ALL-UNNAMED --add-opens=java.base/java.util.concurrent.atomic=ALL-UNNAMED --add-opens=java.xml/javax.xml.namespace=ALL-UNNAMED -Xmx2048m -Dfile.encoding=UTF-8 -Duser.country=IN -Duser.language=en -Duser.variant -javaagent:C:\Users\harsh\.gradle\wrapper\dists\gradle-8.11.1-bin\bpt9gzteqjrbo1mjrsomdt32c\gradle-8.11.1\lib\agents\gradle-instrumentation-agent-8.11.1.jar org.gradle.launcher.daemon.bootstrap.GradleDaemon 8.11.1

Host: AMD Ryzen 5 5600H with Radeon Graphics         , 12 cores, 7G,  Windows 11 , 64 bit Build 26100 (10.0.26100.7920)
Time: Wed Mar 25 21:19:16 2026 India Standard Time elapsed time: 226.774557 seconds (0d 0h 3m 46s)

---------------  T H R E A D  ---------------

Current thread (0x0000021e949a2e40):  JavaThread "C2 CompilerThread0" daemon [_thread_in_native, id=11580, stack(0x000000609ba00000,0x000000609bb00000) (1024K)]


Current CompileTask:
C2:226774 24290       4       org.gradle.internal.classpath.transforms.BaseClasspathElementTransform$$Lambda/0x000000010074eb80::visit (13 bytes)

Stack: [0x000000609ba00000,0x000000609bb00000]
Native frames: (J=compiled Java code, j=interpreted, Vv=VM code, C=native code)
V  [jvm.dll+0x6d0639]
V  [jvm.dll+0x85eb03]
V  [jvm.dll+0x86105e]
V  [jvm.dll+0x861743]
V  [jvm.dll+0x27e6e6]
V  [jvm.dll+0xbff6d]
V  [jvm.dll+0xc04a3]
V  [jvm.dll+0x3b6171]
V  [jvm.dll+0x1de684]
V  [jvm.dll+0x247dd4]
V  [jvm.dll+0x247251]
V  [jvm.dll+0x1c5f04]
V  [jvm.dll+0x2569ac]
V  [jvm.dll+0x254ef6]
V  [jvm.dll+0x3f0e96]
V  [jvm.dll+0x806ed8]
V  [jvm.dll+0x6cef0d]
C  [ucrtbase.dll+0x37b0]
C  [KERNEL32.DLL+0x2e8d7]
C  [ntdll.dll+0x8c48c]


---------------  P R O C E S S  ---------------

Threads class SMR info:
_java_thread_list=0x0000021e9e2e51a0, length=126, elements={
0x0000021efcbb0180, 0x0000021e949898e0, 0x0000021e9498c340, 0x0000021e949ac850,
0x0000021e9499f2b0, 0x0000021e949a1270, 0x0000021e949a1cc0, 0x0000021e949a2e40,
0x0000021e949a38d0, 0x0000021e94af1910, 0x0000021e94ca1630, 0x0000021e9aac5fd0,
0x0000021e9aa03490, 0x0000021e9aaeec80, 0x0000021e9ae12240, 0x0000021e9ae138b0,
0x0000021e9ab43a60, 0x0000021e9ab440c0, 0x0000021e9ab30cd0, 0x0000021e9ab31330,
0x0000021e9ac9b120, 0x0000021e9ac99d70, 0x0000021e9ac9a400, 0x0000021e9ac9aa90,
0x0000021e9d287b30, 0x0000021e9d2860f0, 0x0000021e9d286e10, 0x0000021e9d288850,
0x0000021e9d286780, 0x0000021e9d288ee0, 0x0000021e9d2874a0, 0x0000021e9d289c00,
0x0000021e9d289570, 0x0000021e9d28a290, 0x0000021e9d28a920, 0x0000021e9d28afb0,
0x0000021e9d28b640, 0x0000021e9d2881c0, 0x0000021e9d28d710, 0x0000021e9d28bcd0,
0x0000021e9d28c360, 0x0000021e9d28c9f0, 0x0000021e9d28d080, 0x0000021e9e9bced0,
0x0000021e9e9bc1b0, 0x0000021e9e9befa0, 0x0000021e9e9c09e0, 0x0000021e9e9bdbf0,
0x0000021e9e9be910, 0x0000021e9e9bf630, 0x0000021e9e9bfcc0, 0x0000021e9e9c0350,
0x0000021e9e9c1070, 0x0000021e9e9c1700, 0x0000021e9e9be280, 0x0000021e9e9c1d90,
0x0000021e9bcf97f0, 0x0000021e9bcf8ad0, 0x0000021e9bcfe020, 0x0000021e9bcfd990,
0x0000021e9bcfc5e0, 0x0000021e9bcfd300, 0x0000021e9bcffa60, 0x0000021e9bd000f0,
0x0000021e9bcfe6b0, 0x0000021e9f7e9d50, 0x0000021e9fdd9290, 0x0000021e9f2fdeb0,
0x0000021e9f2fd820, 0x0000021e9f2fc470, 0x0000021e9f7e8310, 0x0000021ea0ac29d0,
0x0000021ea0ac0f90, 0x0000021ea0ac1620, 0x0000021ea0ac1cb0, 0x0000021ea0ac3d80,
0x0000021ea0ac2340, 0x0000021ea0ac3060, 0x0000021e9f7414d0, 0x0000021e9f742f10,
0x0000021e9f2fb0c0, 0x0000021e9f2fbde0, 0x0000021e9f2fcb00, 0x0000021ea05ec710,
0x0000021ea05ec080, 0x0000021e9947c4f0, 0x0000021e9947cb80, 0x0000021e9947d8a0,
0x0000021e9947df30, 0x0000021ea06788a0, 0x0000021ea067b000, 0x0000021e9f6a2e60,
0x0000021e9f6a0d90, 0x0000021e9f6a3b80, 0x0000021e9f6a0700, 0x0000021e9f6a4210,
0x0000021e9f740e40, 0x0000021e9f73fa90, 0x0000021e9f740120, 0x0000021e9f741b60,
0x0000021e9f7407b0, 0x0000021e9f7421f0, 0x0000021e9f742880, 0x0000021e9cccbc60,
0x0000021eae2c8e50, 0x0000021eae2c66f0, 0x0000021eae2c94e0, 0x0000021eae294080,
0x0000021eae290c00, 0x0000021e9fd4b440, 0x0000021e9fd4c7f0, 0x0000021e9fd4ce80,
0x0000021e9fd4d510, 0x0000021e9fd4bad0, 0x0000021e9fd4c160, 0x0000021ea067a2e0,
0x0000021ea067b690, 0x0000021ea0678f30, 0x0000021ea067a970, 0x0000021ea0679c50,
0x0000021ea06795c0, 0x0000021e9c256f40, 0x0000021e9c255b90, 0x0000021e9c256220,
0x0000021e9c2568b0, 0x0000021ea0aaf010
}

Java Threads: ( => current thread )
  0x0000021efcbb0180 JavaThread "main"                              [_thread_blocked, id=15024, stack(0x000000609ac00000,0x000000609ad00000) (1024K)]
  0x0000021e949898e0 JavaThread "Reference Handler"          daemon [_thread_blocked, id=15560, stack(0x000000609b400000,0x000000609b500000) (1024K)]
  0x0000021e9498c340 JavaThread "Finalizer"                  daemon [_thread_blocked, id=18936, stack(0x000000609b500000,0x000000609b600000) (1024K)]
  0x0000021e949ac850 JavaThread "Signal Dispatcher"          daemon [_thread_blocked, id=24412, stack(0x000000609b600000,0x000000609b700000) (1024K)]
  0x0000021e9499f2b0 JavaThread "Attach Listener"            daemon [_thread_blocked, id=15020, stack(0x000000609b700000,0x000000609b800000) (1024K)]
  0x0000021e949a1270 JavaThread "Service Thread"             daemon [_thread_blocked, id=12496, stack(0x000000609b800000,0x000000609b900000) (1024K)]
  0x0000021e949a1cc0 JavaThread "Monitor Deflation Thread"   daemon [_thread_blocked, id=3868, stack(0x000000609b900000,0x000000609ba00000) (1024K)]
=>0x0000021e949a2e40 JavaThread "C2 CompilerThread0"         daemon [_thread_in_native, id=11580, stack(0x000000609ba00000,0x000000609bb00000) (1024K)]
  0x0000021e949a38d0 JavaThread "C1 CompilerThread0"         daemon [_thread_blocked, id=18492, stack(0x000000609bb00000,0x000000609bc00000) (1024K)]
  0x0000021e94af1910 JavaThread "Common-Cleaner"             daemon [_thread_blocked, id=4960, stack(0x000000609bc00000,0x000000609bd00000) (1024K)]
  0x0000021e94ca1630 JavaThread "Notification Thread"        daemon [_thread_blocked, id=15872, stack(0x000000609bd00000,0x000000609be00000) (1024K)]
  0x0000021e9aac5fd0 JavaThread "Daemon health stats"               [_thread_blocked, id=15176, stack(0x000000609c400000,0x000000609c500000) (1024K)]
  0x0000021e9aa03490 JavaThread "Incoming local TCP Connector on port 59512"        [_thread_in_native, id=26792, stack(0x000000609c500000,0x000000609c600000) (1024K)]
  0x0000021e9aaeec80 JavaThread "Daemon periodic checks"            [_thread_blocked, id=28572, stack(0x000000609c600000,0x000000609c700000) (1024K)]
  0x0000021e9ae12240 JavaThread "Daemon"                            [_thread_blocked, id=14400, stack(0x000000609c700000,0x000000609c800000) (1024K)]
  0x0000021e9ae138b0 JavaThread "Handler for socket connection from /127.0.0.1:59512 to /127.0.0.1:59513"        [_thread_in_native, id=24560, stack(0x000000609c800000,0x000000609c900000) (1024K)]
  0x0000021e9ab43a60 JavaThread "Cancel handler"                    [_thread_blocked, id=19108, stack(0x000000609c900000,0x000000609ca00000) (1024K)]
  0x0000021e9ab440c0 JavaThread "Daemon worker"                     [_thread_in_Java, id=20352, stack(0x000000609ca00000,0x000000609cb00000) (1024K)]
  0x0000021e9ab30cd0 JavaThread "Asynchronous log dispatcher for DefaultDaemonConnection: socket connection from /127.0.0.1:59512 to /127.0.0.1:59513"        [_thread_blocked, id=29556, stack(0x000000609cb00000,0x000000609cc00000) (1024K)]
  0x0000021e9ab31330 JavaThread "Stdin handler"                     [_thread_blocked, id=19852, stack(0x000000609cc00000,0x000000609cd00000) (1024K)]
  0x0000021e9ac9b120 JavaThread "Daemon client event forwarder"        [_thread_blocked, id=4056, stack(0x000000609cd00000,0x000000609ce00000) (1024K)]
  0x0000021e9ac99d70 JavaThread "Cache worker for journal cache (C:\Users\harsh\.gradle\caches\journal-1)"        [_thread_blocked, id=10616, stack(0x000000609d400000,0x000000609d500000) (1024K)]
  0x0000021e9ac9a400 JavaThread "File lock request listener"        [_thread_in_native, id=10520, stack(0x000000609d500000,0x000000609d600000) (1024K)]
  0x0000021e9ac9aa90 JavaThread "Cache worker for file hash cache (C:\Users\harsh\.gradle\caches\8.11.1\fileHashes)"        [_thread_in_Java, id=3104, stack(0x000000609d600000,0x000000609d700000) (1024K)]
  0x0000021e9d287b30 JavaThread "Cache worker for file content cache (C:\Users\harsh\.gradle\caches\8.11.1\fileContent)"        [_thread_blocked, id=17676, stack(0x000000609d800000,0x000000609d900000) (1024K)]
  0x0000021e9d2860f0 JavaThread "Cache worker for file hash cache (C:\Users\harsh\AndroidStudioProjects\VidPlay\.gradle\8.11.1\fileHashes)"        [_thread_blocked, id=28668, stack(0x000000609d900000,0x000000609da00000) (1024K)]
  0x0000021e9d286e10 JavaThread "Cache worker for Build Output Cleanup Cache (C:\Users\harsh\AndroidStudioProjects\VidPlay\.gradle\buildOutputCleanup)"        [_thread_blocked, id=14976, stack(0x000000609da00000,0x000000609db00000) (1024K)]
  0x0000021e9d288850 JavaThread "File watcher server"        daemon [_thread_in_native, id=19656, stack(0x000000609db00000,0x000000609dc00000) (1024K)]
  0x0000021e9d286780 JavaThread "File watcher consumer"      daemon [_thread_blocked, id=4464, stack(0x000000609dc00000,0x000000609dd00000) (1024K)]
  0x0000021e9d288ee0 JavaThread "jar transforms"                    [_thread_blocked, id=17272, stack(0x000000609bf00000,0x000000609c000000) (1024K)]
  0x0000021e9d2874a0 JavaThread "jar transforms Thread 2"           [_thread_blocked, id=20556, stack(0x000000609d700000,0x000000609d800000) (1024K)]
  0x0000021e9d289c00 JavaThread "jar transforms Thread 3"           [_thread_blocked, id=10412, stack(0x000000609dd00000,0x000000609de00000) (1024K)]
  0x0000021e9d289570 JavaThread "jar transforms Thread 4"           [_thread_blocked, id=14968, stack(0x000000609de00000,0x000000609df00000) (1024K)]
  0x0000021e9d28a290 JavaThread "jar transforms Thread 5"           [_thread_blocked, id=10936, stack(0x000000609df00000,0x000000609e000000) (1024K)]
  0x0000021e9d28a920 JavaThread "jar transforms Thread 6"           [_thread_blocked, id=21232, stack(0x000000609e000000,0x000000609e100000) (1024K)]
  0x0000021e9d28afb0 JavaThread "jar transforms Thread 7"           [_thread_blocked, id=5760, stack(0x000000609e100000,0x000000609e200000) (1024K)]
  0x0000021e9d28b640 JavaThread "jar transforms Thread 8"           [_thread_blocked, id=24476, stack(0x000000609e200000,0x000000609e300000) (1024K)]
  0x0000021e9d2881c0 JavaThread "jar transforms Thread 9"           [_thread_blocked, id=27840, stack(0x000000609e300000,0x000000609e400000) (1024K)]
  0x0000021e9d28d710 JavaThread "jar transforms Thread 10"          [_thread_blocked, id=10436, stack(0x000000609e400000,0x000000609e500000) (1024K)]
  0x0000021e9d28bcd0 JavaThread "jar transforms Thread 11"          [_thread_blocked, id=24776, stack(0x000000609e500000,0x000000609e600000) (1024K)]
  0x0000021e9d28c360 JavaThread "jar transforms Thread 12"          [_thread_blocked, id=27536, stack(0x000000609e600000,0x000000609e700000) (1024K)]
  0x0000021e9d28c9f0 JavaThread "Cache worker for checksums cache (C:\Users\harsh\AndroidStudioProjects\VidPlay\.gradle\8.11.1\checksums)"        [_thread_blocked, id=7996, stack(0x000000609e800000,0x000000609e900000) (1024K)]
  0x0000021e9d28d080 JavaThread "Cache worker for cache directory md-rule (C:\Users\harsh\.gradle\caches\8.11.1\md-rule)"        [_thread_blocked, id=28948, stack(0x000000609e900000,0x000000609ea00000) (1024K)]
  0x0000021e9e9bced0 JavaThread "Cache worker for cache directory md-supplier (C:\Users\harsh\.gradle\caches\8.11.1\md-supplier)"        [_thread_blocked, id=27364, stack(0x000000609ea00000,0x000000609eb00000) (1024K)]
  0x0000021e9e9bc1b0 JavaThread "Unconstrained build operations"        [_thread_blocked, id=27584, stack(0x000000609ec00000,0x000000609ed00000) (1024K)]
  0x0000021e9e9befa0 JavaThread "Unconstrained build operations Thread 2"        [_thread_blocked, id=27964, stack(0x000000609ed00000,0x000000609ee00000) (1024K)]
  0x0000021e9e9c09e0 JavaThread "Unconstrained build operations Thread 3"        [_thread_blocked, id=6196, stack(0x000000609ee00000,0x000000609ef00000) (1024K)]
  0x0000021e9e9bdbf0 JavaThread "Unconstrained build operations Thread 4"        [_thread_blocked, id=23948, stack(0x000000609ef00000,0x000000609f000000) (1024K)]
  0x0000021e9e9be910 JavaThread "Unconstrained build operations Thread 5"        [_thread_blocked, id=29112, stack(0x000000609eb00000,0x000000609ec00000) (1024K)]
  0x0000021e9e9bf630 JavaThread "Unconstrained build operations Thread 6"        [_thread_blocked, id=8996, stack(0x000000609f000000,0x000000609f100000) (1024K)]
  0x0000021e9e9bfcc0 JavaThread "Unconstrained build operations Thread 7"        [_thread_blocked, id=11756, stack(0x000000609f100000,0x000000609f200000) (1024K)]
  0x0000021e9e9c0350 JavaThread "Unconstrained build operations Thread 8"        [_thread_blocked, id=5780, stack(0x000000609f200000,0x000000609f300000) (1024K)]
  0x0000021e9e9c1070 JavaThread "Unconstrained build operations Thread 9"        [_thread_blocked, id=29592, stack(0x000000609f300000,0x000000609f400000) (1024K)]
  0x0000021e9e9c1700 JavaThread "Unconstrained build operations Thread 10"        [_thread_blocked, id=21424, stack(0x000000609f400000,0x000000609f500000) (1024K)]
  0x0000021e9e9be280 JavaThread "Unconstrained build operations Thread 11"        [_thread_blocked, id=23996, stack(0x000000609f500000,0x000000609f600000) (1024K)]
  0x0000021e9e9c1d90 JavaThread "Unconstrained build operations Thread 12"        [_thread_blocked, id=21004, stack(0x000000609f600000,0x000000609f700000) (1024K)]
  0x0000021e9bcf97f0 JavaThread "Unconstrained build operations Thread 13"        [_thread_blocked, id=19248, stack(0x000000609e700000,0x000000609e800000) (1024K)]
  0x0000021e9bcf8ad0 JavaThread "Unconstrained build operations Thread 14"        [_thread_blocked, id=29384, stack(0x000000609f700000,0x000000609f800000) (1024K)]
  0x0000021e9bcfe020 JavaThread "Unconstrained build operations Thread 15"        [_thread_blocked, id=3092, stack(0x000000609f800000,0x000000609f900000) (1024K)]
  0x0000021e9bcfd990 JavaThread "Unconstrained build operations Thread 16"        [_thread_blocked, id=2292, stack(0x000000609f900000,0x000000609fa00000) (1024K)]
  0x0000021e9bcfc5e0 JavaThread "Unconstrained build operations Thread 17"        [_thread_blocked, id=25912, stack(0x000000609fa00000,0x000000609fb00000) (1024K)]
  0x0000021e9bcfd300 JavaThread "Unconstrained build operations Thread 18"        [_thread_blocked, id=13692, stack(0x000000609fb00000,0x000000609fc00000) (1024K)]
  0x0000021e9bcffa60 JavaThread "Unconstrained build operations Thread 19"        [_thread_blocked, id=13844, stack(0x000000609fc00000,0x000000609fd00000) (1024K)]
  0x0000021e9bd000f0 JavaThread "Unconstrained build operations Thread 20"        [_thread_blocked, id=10596, stack(0x000000609fd00000,0x000000609fe00000) (1024K)]
  0x0000021e9bcfe6b0 JavaThread "Unconstrained build operations Thread 21"        [_thread_blocked, id=25984, stack(0x000000609fe00000,0x000000609ff00000) (1024K)]
  0x0000021e9f7e9d50 JavaThread "Kotlin DSL Writer"                 [_thread_blocked, id=27824, stack(0x000000609a900000,0x000000609aa00000) (1024K)]
  0x0000021e9fdd9290 JavaThread "File lock release action executor"        [_thread_blocked, id=25404, stack(0x000000609ab00000,0x000000609ac00000) (1024K)]
  0x0000021e9f2fdeb0 JavaThread "Unconstrained build operations Thread 22"        [_thread_blocked, id=24728, stack(0x00000060a0300000,0x00000060a0400000) (1024K)]
  0x0000021e9f2fd820 JavaThread "Unconstrained build operations Thread 23"        [_thread_blocked, id=19696, stack(0x00000060a0400000,0x00000060a0500000) (1024K)]
  0x0000021e9f2fc470 JavaThread "Unconstrained build operations Thread 24"        [_thread_blocked, id=27788, stack(0x00000060a0500000,0x00000060a0600000) (1024K)]
  0x0000021e9f7e8310 JavaThread "Unconstrained build operations Thread 25"        [_thread_blocked, id=23116, stack(0x00000060a0600000,0x00000060a0700000) (1024K)]
  0x0000021ea0ac29d0 JavaThread "Unconstrained build operations Thread 26"        [_thread_blocked, id=20232, stack(0x00000060a0700000,0x00000060a0800000) (1024K)]
  0x0000021ea0ac0f90 JavaThread "Unconstrained build operations Thread 27"        [_thread_blocked, id=9412, stack(0x00000060a0800000,0x00000060a0900000) (1024K)]
  0x0000021ea0ac1620 JavaThread "Unconstrained build operations Thread 28"        [_thread_blocked, id=19424, stack(0x00000060a0900000,0x00000060a0a00000) (1024K)]
  0x0000021ea0ac1cb0 JavaThread "Unconstrained build operations Thread 29"        [_thread_blocked, id=22936, stack(0x00000060a0a00000,0x00000060a0b00000) (1024K)]
  0x0000021ea0ac3d80 JavaThread "Unconstrained build operations Thread 30"        [_thread_blocked, id=25280, stack(0x00000060a0b00000,0x00000060a0c00000) (1024K)]
  0x0000021ea0ac2340 JavaThread "Unconstrained build operations Thread 31"        [_thread_blocked, id=26676, stack(0x00000060a0c00000,0x00000060a0d00000) (1024K)]
  0x0000021ea0ac3060 JavaThread "Unconstrained build operations Thread 32"        [_thread_blocked, id=19244, stack(0x00000060a0d00000,0x00000060a0e00000) (1024K)]
  0x0000021e9f7414d0 JavaThread "Unconstrained build operations Thread 33"        [_thread_blocked, id=27968, stack(0x000000609ff00000,0x00000060a0000000) (1024K)]
  0x0000021e9f742f10 JavaThread "Unconstrained build operations Thread 34"        [_thread_blocked, id=11760, stack(0x00000060a0200000,0x00000060a0300000) (1024K)]
  0x0000021e9f2fb0c0 JavaThread "Unconstrained build operations Thread 35"        [_thread_blocked, id=5824, stack(0x00000060a0e00000,0x00000060a0f00000) (1024K)]
  0x0000021e9f2fbde0 JavaThread "Unconstrained build operations Thread 36"        [_thread_blocked, id=24260, stack(0x00000060a0f00000,0x00000060a1000000) (1024K)]
  0x0000021e9f2fcb00 JavaThread "Unconstrained build operations Thread 37"        [_thread_blocked, id=18248, stack(0x00000060a1000000,0x00000060a1100000) (1024K)]
  0x0000021ea05ec710 JavaThread "Unconstrained build operations Thread 38"        [_thread_blocked, id=21596, stack(0x00000060a1100000,0x00000060a1200000) (1024K)]
  0x0000021ea05ec080 JavaThread "Unconstrained build operations Thread 39"        [_thread_blocked, id=28328, stack(0x00000060a1200000,0x00000060a1300000) (1024K)]
  0x0000021e9947c4f0 JavaThread "Unconstrained build operations Thread 40"        [_thread_blocked, id=5804, stack(0x00000060a1300000,0x00000060a1400000) (1024K)]
  0x0000021e9947cb80 JavaThread "Unconstrained build operations Thread 41"        [_thread_blocked, id=4716, stack(0x00000060a1400000,0x00000060a1500000) (1024K)]
  0x0000021e9947d8a0 JavaThread "Unconstrained build operations Thread 42"        [_thread_blocked, id=10744, stack(0x00000060a1500000,0x00000060a1600000) (1024K)]
  0x0000021e9947df30 JavaThread "Unconstrained build operations Thread 43"        [_thread_blocked, id=25584, stack(0x00000060a1600000,0x00000060a1700000) (1024K)]
  0x0000021ea06788a0 JavaThread "Unconstrained build operations Thread 44"        [_thread_blocked, id=3284, stack(0x00000060a1700000,0x00000060a1800000) (1024K)]
  0x0000021ea067b000 JavaThread "Unconstrained build operations Thread 45"        [_thread_blocked, id=10400, stack(0x00000060a1800000,0x00000060a1900000) (1024K)]
  0x0000021e9f6a2e60 JavaThread "Unconstrained build operations Thread 46"        [_thread_blocked, id=24616, stack(0x00000060a1900000,0x00000060a1a00000) (1024K)]
  0x0000021e9f6a0d90 JavaThread "Unconstrained build operations Thread 47"        [_thread_blocked, id=2024, stack(0x00000060a1a00000,0x00000060a1b00000) (1024K)]
  0x0000021e9f6a3b80 JavaThread "Unconstrained build operations Thread 48"        [_thread_blocked, id=1468, stack(0x00000060a1d00000,0x00000060a1e00000) (1024K)]
  0x0000021e9f6a0700 JavaThread "Unconstrained build operations Thread 49"        [_thread_blocked, id=24356, stack(0x00000060a1e00000,0x00000060a1f00000) (1024K)]
  0x0000021e9f6a4210 JavaThread "Unconstrained build operations Thread 50"        [_thread_blocked, id=5196, stack(0x00000060a1f00000,0x00000060a2000000) (1024K)]
  0x0000021e9f740e40 JavaThread "Unconstrained build operations Thread 51"        [_thread_blocked, id=17508, stack(0x00000060a2000000,0x00000060a2100000) (1024K)]
  0x0000021e9f73fa90 JavaThread "Unconstrained build operations Thread 52"        [_thread_blocked, id=2920, stack(0x00000060a2100000,0x00000060a2200000) (1024K)]
  0x0000021e9f740120 JavaThread "Unconstrained build operations Thread 53"        [_thread_blocked, id=7940, stack(0x00000060a2200000,0x00000060a2300000) (1024K)]
  0x0000021e9f741b60 JavaThread "Unconstrained build operations Thread 54"        [_thread_blocked, id=20400, stack(0x00000060a2300000,0x00000060a2400000) (1024K)]
  0x0000021e9f7407b0 JavaThread "Unconstrained build operations Thread 55"        [_thread_blocked, id=15480, stack(0x00000060a2400000,0x00000060a2500000) (1024K)]
  0x0000021e9f7421f0 JavaThread "Unconstrained build operations Thread 56"        [_thread_blocked, id=7744, stack(0x00000060a2500000,0x00000060a2600000) (1024K)]
  0x0000021e9f742880 JavaThread "Unconstrained build operations Thread 57"        [_thread_blocked, id=6996, stack(0x00000060a2600000,0x00000060a2700000) (1024K)]
  0x0000021e9cccbc60 JavaThread "Unconstrained build operations Thread 58"        [_thread_blocked, id=11668, stack(0x00000060a2700000,0x00000060a2800000) (1024K)]
  0x0000021eae2c8e50 JavaThread "Unconstrained build operations Thread 59"        [_thread_blocked, id=25136, stack(0x00000060a0000000,0x00000060a0100000) (1024K)]
  0x0000021eae2c66f0 JavaThread "Unconstrained build operations Thread 60"        [_thread_blocked, id=21704, stack(0x00000060a1c00000,0x00000060a1d00000) (1024K)]
  0x0000021eae2c94e0 JavaThread "Unconstrained build operations Thread 61"        [_thread_blocked, id=24308, stack(0x00000060a2800000,0x00000060a2900000) (1024K)]
  0x0000021eae294080 JavaThread "Unconstrained build operations Thread 62"        [_thread_blocked, id=9300, stack(0x00000060a2a00000,0x00000060a2b00000) (1024K)]
  0x0000021eae290c00 JavaThread "Unconstrained build operations Thread 63"        [_thread_blocked, id=12000, stack(0x00000060a2b00000,0x00000060a2c00000) (1024K)]
  0x0000021e9fd4b440 JavaThread "Unconstrained build operations Thread 64"        [_thread_blocked, id=24064, stack(0x00000060a2c00000,0x00000060a2d00000) (1024K)]
  0x0000021e9fd4c7f0 JavaThread "Unconstrained build operations Thread 65"        [_thread_blocked, id=23736, stack(0x00000060a2d00000,0x00000060a2e00000) (1024K)]
  0x0000021e9fd4ce80 JavaThread "Unconstrained build operations Thread 66"        [_thread_blocked, id=23512, stack(0x00000060a2e00000,0x00000060a2f00000) (1024K)]
  0x0000021e9fd4d510 JavaThread "Unconstrained build operations Thread 67"        [_thread_blocked, id=3308, stack(0x00000060a2f00000,0x00000060a3000000) (1024K)]
  0x0000021e9fd4bad0 JavaThread "Unconstrained build operations Thread 68"        [_thread_blocked, id=10324, stack(0x00000060a3000000,0x00000060a3100000) (1024K)]
  0x0000021e9fd4c160 JavaThread "Unconstrained build operations Thread 69"        [_thread_blocked, id=11304, stack(0x00000060a3100000,0x00000060a3200000) (1024K)]
  0x0000021ea067a2e0 JavaThread "Unconstrained build operations Thread 70"        [_thread_in_Java, id=15004, stack(0x00000060a2900000,0x00000060a2a00000) (1024K)]
  0x0000021ea067b690 JavaThread "Unconstrained build operations Thread 71"        [_thread_in_native, id=14808, stack(0x00000060a3200000,0x00000060a3300000) (1024K)]
  0x0000021ea0678f30 JavaThread "Unconstrained build operations Thread 72"        [_thread_blocked, id=17392, stack(0x00000060a3300000,0x00000060a3400000) (1024K)]
  0x0000021ea067a970 JavaThread "Unconstrained build operations Thread 73"        [_thread_in_Java, id=23812, stack(0x00000060a3400000,0x00000060a3500000) (1024K)]
  0x0000021ea0679c50 JavaThread "Unconstrained build operations Thread 74"        [_thread_blocked, id=19700, stack(0x00000060a3500000,0x00000060a3600000) (1024K)]
  0x0000021ea06795c0 JavaThread "Unconstrained build operations Thread 75"        [_thread_in_native, id=23668, stack(0x00000060a3600000,0x00000060a3700000) (1024K)]
  0x0000021e9c256f40 JavaThread "Unconstrained build operations Thread 76"        [_thread_in_native, id=29620, stack(0x00000060a3700000,0x00000060a3800000) (1024K)]
  0x0000021e9c255b90 JavaThread "Unconstrained build operations Thread 77"        [_thread_blocked, id=5848, stack(0x00000060a3800000,0x00000060a3900000) (1024K)]
  0x0000021e9c256220 JavaThread "Unconstrained build operations Thread 78"        [_thread_blocked, id=19228, stack(0x00000060a3900000,0x00000060a3a00000) (1024K)]
  0x0000021e9c2568b0 JavaThread "Unconstrained build operations Thread 79"        [_thread_in_Java, id=15724, stack(0x00000060a3a00000,0x00000060a3b00000) (1024K)]
  0x0000021ea0aaf010 JavaThread "Unconstrained build operations Thread 80"        [_thread_in_native, id=10828, stack(0x00000060a3b00000,0x00000060a3c00000) (1024K)]
Total: 126

Other Threads:
  0x0000021e94930dd0 VMThread "VM Thread"                           [id=27440, stack(0x000000609b300000,0x000000609b400000) (1024K)]
  0x0000021e9477e9f0 WatcherThread "VM Periodic Task Thread"        [id=26112, stack(0x000000609b200000,0x000000609b300000) (1024K)]
  0x0000021efa7fe060 WorkerThread "GC Thread#0"                     [id=13108, stack(0x000000609ad00000,0x000000609ae00000) (1024K)]
  0x0000021e995f6ac0 WorkerThread "GC Thread#1"                     [id=20108, stack(0x000000609c000000,0x000000609c100000) (1024K)]
  0x0000021e990f6980 WorkerThread "GC Thread#2"                     [id=3752, stack(0x000000609c100000,0x000000609c200000) (1024K)]
  0x0000021e99666170 WorkerThread "GC Thread#3"                     [id=18548, stack(0x000000609c200000,0x000000609c300000) (1024K)]
  0x0000021e99666510 WorkerThread "GC Thread#4"                     [id=4876, stack(0x000000609c300000,0x000000609c400000) (1024K)]
  0x0000021e9a90c800 WorkerThread "GC Thread#5"                     [id=8712, stack(0x000000609be00000,0x000000609bf00000) (1024K)]
  0x0000021e9a879990 WorkerThread "GC Thread#6"                     [id=8628, stack(0x000000609ce00000,0x000000609cf00000) (1024K)]
  0x0000021e9a879d30 WorkerThread "GC Thread#7"                     [id=22740, stack(0x000000609cf00000,0x000000609d000000) (1024K)]
  0x0000021e9a878b10 WorkerThread "GC Thread#8"                     [id=12436, stack(0x000000609d000000,0x000000609d100000) (1024K)]
  0x0000021e9a878eb0 WorkerThread "GC Thread#9"                     [id=21712, stack(0x000000609d100000,0x000000609d200000) (1024K)]
  0x0000021efcc55010 ConcurrentGCThread "G1 Main Marker"            [id=8968, stack(0x000000609ae00000,0x000000609af00000) (1024K)]
  0x0000021efcc55a20 WorkerThread "G1 Conc#0"                       [id=13640, stack(0x000000609af00000,0x000000609b000000) (1024K)]
  0x0000021e9a879250 WorkerThread "G1 Conc#1"                       [id=28788, stack(0x000000609d200000,0x000000609d300000) (1024K)]
  0x0000021e9a87a0d0 WorkerThread "G1 Conc#2"                       [id=23432, stack(0x000000609d300000,0x000000609d400000) (1024K)]
  0x0000021e94647450 ConcurrentGCThread "G1 Refine#0"               [id=7492, stack(0x000000609b000000,0x000000609b100000) (1024K)]
  0x0000021e94648c80 ConcurrentGCThread "G1 Service"                [id=23292, stack(0x000000609b100000,0x000000609b200000) (1024K)]
Total: 18

Threads with active compile tasks:
C2 CompilerThread0  226891 24290       4       org.gradle.internal.classpath.transforms.BaseClasspathElementTransform$$Lambda/0x000000010074eb80::visit (13 bytes)
C1 CompilerThread0  226892 24609       3       java.util.stream.ReferencePipeline::flatMap (30 bytes)
Total: 2

VM state: not at safepoint (normal execution)

VM Mutex/Monitor currently owned by a thread: None

Heap address: 0x0000000080000000, size: 2048 MB, Compressed Oops mode: 32-bit

CDS archive(s) not mapped
Compressed class space mapped at: 0x0000000100000000-0x0000000140000000, reserved size: 1073741824
Narrow klass base: 0x0000000000000000, Narrow klass shift: 3, Narrow klass range: 0x140000000

GC Precious Log:
 CardTable entry size: 512
 Card Set container configuration: InlinePtr #cards 5 size 8 Array Of Cards #cards 12 size 40 Howl #buckets 4 coarsen threshold 1843 Howl Bitmap #cards 512 size 80 coarsen threshold 460 Card regions per heap region 1 cards per card region 2048
 CPUs: 12 total, 12 available
 Memory: 7581M
 Large Page Support: Disabled
 NUMA Support: Disabled
 Compressed Oops: Enabled (32-bit)
 Heap Region Size: 1M
 Heap Min Capacity: 8M
 Heap Initial Capacity: 120M
 Heap Max Capacity: 2G
 Pre-touch: Disabled
 Parallel Workers: 10
 Concurrent Workers: 3
 Concurrent Refinement Workers: 10
 Periodic GC: Disabled

Heap:
 garbage-first heap   total 679936K, used 538313K [0x0000000080000000, 0x0000000100000000)
  region size 1024K, 228 young (233472K), 16 survivors (16384K)
 Metaspace       used 166941K, committed 169408K, reserved 1245184K
  class space    used 20754K, committed 21952K, reserved 1048576K

Heap Regions: E=young(eden), S=young(survivor), O=old, HS=humongous(starts), HC=humongous(continues), CS=collection set, F=free, TAMS=top-at-mark-start, PB=parsable bottom
|   0|0x0000000080000000, 0x0000000080100000, 0x0000000080100000|100%| O|  |TAMS 0x0000000080100000| PB 0x0000000080000000| Updating 
|   1|0x0000000080100000, 0x0000000080200000, 0x0000000080200000|100%|HS|  |TAMS 0x0000000080200000| PB 0x0000000080100000| Complete 
|   2|0x0000000080200000, 0x0000000080300000, 0x0000000080300000|100%|HC|  |TAMS 0x0000000080300000| PB 0x0000000080200000| Complete 
|   3|0x0000000080300000, 0x0000000080400000, 0x0000000080400000|100%|HC|  |TAMS 0x0000000080400000| PB 0x0000000080300000| Complete 
|   4|0x0000000080400000, 0x0000000080500000, 0x0000000080500000|100%| O|  |TAMS 0x0000000080500000| PB 0x0000000080400000| Untracked 
|   5|0x0000000080500000, 0x0000000080600000, 0x0000000080600000|100%| O|  |TAMS 0x0000000080600000| PB 0x0000000080500000| Updating 
|   6|0x0000000080600000, 0x0000000080700000, 0x0000000080700000|100%| O|  |TAMS 0x0000000080700000| PB 0x0000000080600000| Untracked 
|   7|0x0000000080700000, 0x0000000080800000, 0x0000000080800000|100%|HS|  |TAMS 0x0000000080800000| PB 0x0000000080700000| Complete 
|   8|0x0000000080800000, 0x0000000080900000, 0x0000000080900000|100%|HS|  |TAMS 0x0000000080900000| PB 0x0000000080800000| Complete 
|   9|0x0000000080900000, 0x0000000080a00000, 0x0000000080a00000|100%| O|  |TAMS 0x0000000080a00000| PB 0x0000000080900000| Untracked 
|  10|0x0000000080a00000, 0x0000000080b00000, 0x0000000080b00000|100%| O|  |TAMS 0x0000000080b00000| PB 0x0000000080a00000| Untracked 
|  11|0x0000000080b00000, 0x0000000080c00000, 0x0000000080c00000|100%| O|  |TAMS 0x0000000080c00000| PB 0x0000000080b00000| Untracked 
|  12|0x0000000080c00000, 0x0000000080d00000, 0x0000000080d00000|100%| O|  |TAMS 0x0000000080d00000| PB 0x0000000080c00000| Untracked 
|  13|0x0000000080d00000, 0x0000000080e00000, 0x0000000080e00000|100%|HS|  |TAMS 0x0000000080e00000| PB 0x0000000080d00000| Complete 
|  14|0x0000000080e00000, 0x0000000080f00000, 0x0000000080f00000|100%|HC|  |TAMS 0x0000000080f00000| PB 0x0000000080e00000| Complete 
|  15|0x0000000080f00000, 0x0000000081000000, 0x0000000081000000|100%|HC|  |TAMS 0x0000000081000000| PB 0x0000000080f00000| Complete 
|  16|0x0000000081000000, 0x0000000081100000, 0x0000000081100000|100%|HC|  |TAMS 0x0000000081100000| PB 0x0000000081000000| Complete 
|  17|0x0000000081100000, 0x0000000081200000, 0x0000000081200000|100%|HC|  |TAMS 0x0000000081200000| PB 0x0000000081100000| Complete 
|  18|0x0000000081200000, 0x0000000081300000, 0x0000000081300000|100%|HC|  |TAMS 0x0000000081300000| PB 0x0000000081200000| Complete 
|  19|0x0000000081300000, 0x0000000081400000, 0x0000000081400000|100%|HS|  |TAMS 0x0000000081400000| PB 0x0000000081300000| Complete 
|  20|0x0000000081400000, 0x0000000081500000, 0x0000000081500000|100%|HC|  |TAMS 0x0000000081500000| PB 0x0000000081400000| Complete 
|  21|0x0000000081500000, 0x0000000081600000, 0x0000000081600000|100%|HC|  |TAMS 0x0000000081600000| PB 0x0000000081500000| Complete 
|  22|0x0000000081600000, 0x0000000081700000, 0x0000000081700000|100%|HC|  |TAMS 0x0000000081700000| PB 0x0000000081600000| Complete 
|  23|0x0000000081700000, 0x0000000081800000, 0x0000000081800000|100%| O|  |TAMS 0x0000000081800000| PB 0x0000000081700000| Untracked 
|  24|0x0000000081800000, 0x0000000081900000, 0x0000000081900000|100%|HS|  |TAMS 0x0000000081900000| PB 0x0000000081800000| Complete 
|  25|0x0000000081900000, 0x0000000081a00000, 0x0000000081a00000|100%|HS|  |TAMS 0x0000000081a00000| PB 0x0000000081900000| Complete 
|  26|0x0000000081a00000, 0x0000000081b00000, 0x0000000081b00000|100%|HS|  |TAMS 0x0000000081b00000| PB 0x0000000081a00000| Complete 
|  27|0x0000000081b00000, 0x0000000081c00000, 0x0000000081c00000|100%|HC|  |TAMS 0x0000000081c00000| PB 0x0000000081b00000| Complete 
|  28|0x0000000081c00000, 0x0000000081d00000, 0x0000000081d00000|100%|HS|  |TAMS 0x0000000081d00000| PB 0x0000000081c00000| Complete 
|  29|0x0000000081d00000, 0x0000000081e00000, 0x0000000081e00000|100%|HC|  |TAMS 0x0000000081e00000| PB 0x0000000081d00000| Complete 
|  30|0x0000000081e00000, 0x0000000081f00000, 0x0000000081f00000|100%| O|  |TAMS 0x0000000081f00000| PB 0x0000000081e00000| Untracked 
|  31|0x0000000081f00000, 0x0000000082000000, 0x0000000082000000|100%| O|  |TAMS 0x0000000082000000| PB 0x0000000081f00000| Updating 
|  32|0x0000000082000000, 0x0000000082100000, 0x0000000082100000|100%| O|  |TAMS 0x0000000082100000| PB 0x0000000082000000| Updating 
|  33|0x0000000082100000, 0x0000000082200000, 0x0000000082200000|100%| O|  |TAMS 0x0000000082200000| PB 0x0000000082100000| Untracked 
|  34|0x0000000082200000, 0x0000000082300000, 0x0000000082300000|100%| O|  |TAMS 0x0000000082300000| PB 0x0000000082200000| Untracked 
|  35|0x0000000082300000, 0x0000000082400000, 0x0000000082400000|100%|HS|  |TAMS 0x0000000082400000| PB 0x0000000082300000| Complete 
|  36|0x0000000082400000, 0x0000000082500000, 0x0000000082500000|100%|HC|  |TAMS 0x0000000082500000| PB 0x0000000082400000| Complete 
|  37|0x0000000082500000, 0x0000000082600000, 0x0000000082600000|100%|HC|  |TAMS 0x0000000082600000| PB 0x0000000082500000| Complete 
|  38|0x0000000082600000, 0x0000000082700000, 0x0000000082700000|100%|HC|  |TAMS 0x0000000082700000| PB 0x0000000082600000| Complete 
|  39|0x0000000082700000, 0x0000000082800000, 0x0000000082800000|100%|HC|  |TAMS 0x0000000082800000| PB 0x0000000082700000| Complete 
|  40|0x0000000082800000, 0x0000000082900000, 0x0000000082900000|100%|HC|  |TAMS 0x0000000082900000| PB 0x0000000082800000| Complete 
|  41|0x0000000082900000, 0x0000000082a00000, 0x0000000082a00000|100%|HS|  |TAMS 0x0000000082a00000| PB 0x0000000082900000| Complete 
|  42|0x0000000082a00000, 0x0000000082b00000, 0x0000000082b00000|100%|HC|  |TAMS 0x0000000082b00000| PB 0x0000000082a00000| Complete 
|  43|0x0000000082b00000, 0x0000000082c00000, 0x0000000082c00000|100%|HC|  |TAMS 0x0000000082c00000| PB 0x0000000082b00000| Complete 
|  44|0x0000000082c00000, 0x0000000082d00000, 0x0000000082d00000|100%|HC|  |TAMS 0x0000000082d00000| PB 0x0000000082c00000| Complete 
|  45|0x0000000082d00000, 0x0000000082e00000, 0x0000000082e00000|100%|HS|  |TAMS 0x0000000082e00000| PB 0x0000000082d00000| Complete 
|  46|0x0000000082e00000, 0x0000000082f00000, 0x0000000082f00000|100%| O|  |TAMS 0x0000000082f00000| PB 0x0000000082e00000| Untracked 
|  47|0x0000000082f00000, 0x0000000083000000, 0x0000000083000000|100%| O|  |TAMS 0x0000000083000000| PB 0x0000000082f00000| Untracked 
|  48|0x0000000083000000, 0x0000000083100000, 0x0000000083100000|100%| O|  |TAMS 0x0000000083100000| PB 0x0000000083000000| Untracked 
|  49|0x0000000083100000, 0x0000000083200000, 0x0000000083200000|100%| O|  |TAMS 0x0000000083200000| PB 0x0000000083100000| Updating 
|  50|0x0000000083200000, 0x0000000083300000, 0x0000000083300000|100%| O|  |TAMS 0x0000000083300000| PB 0x0000000083200000| Untracked 
|  51|0x0000000083300000, 0x0000000083400000, 0x0000000083400000|100%| O|  |TAMS 0x0000000083400000| PB 0x0000000083300000| Untracked 
|  52|0x0000000083400000, 0x0000000083500000, 0x0000000083500000|100%| O|  |TAMS 0x0000000083500000| PB 0x0000000083400000| Untracked 
|  53|0x0000000083500000, 0x0000000083600000, 0x0000000083600000|100%| O|  |TAMS 0x0000000083600000| PB 0x0000000083500000| Updating 
|  54|0x0000000083600000, 0x0000000083700000, 0x0000000083700000|100%| O|  |TAMS 0x0000000083700000| PB 0x0000000083600000| Untracked 
|  55|0x0000000083700000, 0x0000000083800000, 0x0000000083800000|100%| O|  |TAMS 0x0000000083800000| PB 0x0000000083700000| Untracked 
|  56|0x0000000083800000, 0x0000000083900000, 0x0000000083900000|100%| O|  |TAMS 0x0000000083900000| PB 0x0000000083800000| Untracked 
|  57|0x0000000083900000, 0x0000000083a00000, 0x0000000083a00000|100%| O|  |TAMS 0x0000000083a00000| PB 0x0000000083900000| Updating 
|  58|0x0000000083a00000, 0x0000000083b00000, 0x0000000083b00000|100%| O|  |TAMS 0x0000000083b00000| PB 0x0000000083a00000| Untracked 
|  59|0x0000000083b00000, 0x0000000083c00000, 0x0000000083c00000|100%| O|  |TAMS 0x0000000083c00000| PB 0x0000000083b00000| Updating 
|  60|0x0000000083c00000, 0x0000000083d00000, 0x0000000083d00000|100%| O|  |TAMS 0x0000000083d00000| PB 0x0000000083c00000| Untracked 
|  61|0x0000000083d00000, 0x0000000083e00000, 0x0000000083e00000|100%| O|  |TAMS 0x0000000083e00000| PB 0x0000000083d00000| Updating 
|  62|0x0000000083e00000, 0x0000000083f00000, 0x0000000083f00000|100%| O|  |TAMS 0x0000000083f00000| PB 0x0000000083e00000| Untracked 
|  63|0x0000000083f00000, 0x0000000084000000, 0x0000000084000000|100%| O|  |TAMS 0x0000000084000000| PB 0x0000000083f00000| Untracked 
|  64|0x0000000084000000, 0x0000000084100000, 0x0000000084100000|100%| O|  |TAMS 0x0000000084100000| PB 0x0000000084000000| Untracked 
|  65|0x0000000084100000, 0x0000000084200000, 0x0000000084200000|100%| O|  |TAMS 0x0000000084200000| PB 0x0000000084100000| Untracked 
|  66|0x0000000084200000, 0x0000000084300000, 0x0000000084300000|100%| O|  |TAMS 0x0000000084300000| PB 0x0000000084200000| Updating 
|  67|0x0000000084300000, 0x0000000084400000, 0x0000000084400000|100%| O|  |TAMS 0x0000000084400000| PB 0x0000000084300000| Updating 
|  68|0x0000000084400000, 0x0000000084500000, 0x0000000084500000|100%| O|  |TAMS 0x0000000084500000| PB 0x0000000084400000| Untracked 
|  69|0x0000000084500000, 0x0000000084600000, 0x0000000084600000|100%| O|  |TAMS 0x0000000084600000| PB 0x0000000084500000| Untracked 
|  70|0x0000000084600000, 0x0000000084700000, 0x0000000084700000|100%|HS|  |TAMS 0x0000000084700000| PB 0x0000000084600000| Complete 
|  71|0x0000000084700000, 0x0000000084800000, 0x0000000084800000|100%|HC|  |TAMS 0x0000000084800000| PB 0x0000000084700000| Complete 
|  72|0x0000000084800000, 0x0000000084900000, 0x0000000084900000|100%| O|  |TAMS 0x0000000084900000| PB 0x0000000084800000| Updating 
|  73|0x0000000084900000, 0x0000000084a00000, 0x0000000084a00000|100%| O|  |TAMS 0x0000000084a00000| PB 0x0000000084900000| Untracked 
|  74|0x0000000084a00000, 0x0000000084b00000, 0x0000000084b00000|100%| O|  |TAMS 0x0000000084b00000| PB 0x0000000084a00000| Untracked 
|  75|0x0000000084b00000, 0x0000000084c00000, 0x0000000084c00000|100%| O|  |TAMS 0x0000000084c00000| PB 0x0000000084b00000| Updating 
|  76|0x0000000084c00000, 0x0000000084d00000, 0x0000000084d00000|100%| O|  |TAMS 0x0000000084d00000| PB 0x0000000084c00000| Untracked 
|  77|0x0000000084d00000, 0x0000000084e00000, 0x0000000084e00000|100%|HS|  |TAMS 0x0000000084e00000| PB 0x0000000084d00000| Complete 
|  78|0x0000000084e00000, 0x0000000084f00000, 0x0000000084f00000|100%| O|  |TAMS 0x0000000084f00000| PB 0x0000000084e00000| Updating 
|  79|0x0000000084f00000, 0x0000000085000000, 0x0000000085000000|100%| O|  |TAMS 0x0000000085000000| PB 0x0000000084f00000| Untracked 
|  80|0x0000000085000000, 0x0000000085100000, 0x0000000085100000|100%| O|  |TAMS 0x0000000085100000| PB 0x0000000085000000| Untracked 
|  81|0x0000000085100000, 0x0000000085200000, 0x0000000085200000|100%| O|  |TAMS 0x0000000085200000| PB 0x0000000085100000| Updating 
|  82|0x0000000085200000, 0x0000000085300000, 0x0000000085300000|100%| O|  |TAMS 0x0000000085300000| PB 0x0000000085200000| Untracked 
|  83|0x0000000085300000, 0x0000000085400000, 0x0000000085400000|100%| O|  |TAMS 0x0000000085400000| PB 0x0000000085300000| Untracked 
|  84|0x0000000085400000, 0x0000000085500000, 0x0000000085500000|100%| O|  |TAMS 0x0000000085500000| PB 0x0000000085400000| Updating 
|  85|0x0000000085500000, 0x0000000085600000, 0x0000000085600000|100%| O|  |TAMS 0x0000000085600000| PB 0x0000000085500000| Untracked 
|  86|0x0000000085600000, 0x0000000085700000, 0x0000000085700000|100%| O|  |TAMS 0x0000000085700000| PB 0x0000000085600000| Updating 
|  87|0x0000000085700000, 0x0000000085800000, 0x0000000085800000|100%| O|  |TAMS 0x0000000085800000| PB 0x0000000085700000| Untracked 
|  88|0x0000000085800000, 0x0000000085900000, 0x0000000085900000|100%| O|  |TAMS 0x0000000085900000| PB 0x0000000085800000| Untracked 
|  89|0x0000000085900000, 0x0000000085a00000, 0x0000000085a00000|100%| O|  |TAMS 0x0000000085a00000| PB 0x0000000085900000| Untracked 
|  90|0x0000000085a00000, 0x0000000085b00000, 0x0000000085b00000|100%| O|  |TAMS 0x0000000085b00000| PB 0x0000000085a00000| Updating 
|  91|0x0000000085b00000, 0x0000000085c00000, 0x0000000085c00000|100%| O|  |TAMS 0x0000000085c00000| PB 0x0000000085b00000| Untracked 
|  92|0x0000000085c00000, 0x0000000085d00000, 0x0000000085d00000|100%| O|  |TAMS 0x0000000085d00000| PB 0x0000000085c00000| Untracked 
|  93|0x0000000085d00000, 0x0000000085e00000, 0x0000000085e00000|100%| O|  |TAMS 0x0000000085e00000| PB 0x0000000085d00000| Untracked 
|  94|0x0000000085e00000, 0x0000000085f00000, 0x0000000085f00000|100%| O|  |TAMS 0x0000000085f00000| PB 0x0000000085e00000| Untracked 
|  95|0x0000000085f00000, 0x0000000086000000, 0x0000000086000000|100%| O|  |TAMS 0x0000000086000000| PB 0x0000000085f00000| Updating 
|  96|0x0000000086000000, 0x0000000086100000, 0x0000000086100000|100%| O|  |TAMS 0x0000000086100000| PB 0x0000000086000000| Updating 
|  97|0x0000000086100000, 0x0000000086200000, 0x0000000086200000|100%| O|  |TAMS 0x0000000086200000| PB 0x0000000086100000| Untracked 
|  98|0x0000000086200000, 0x0000000086300000, 0x0000000086300000|100%| O|  |TAMS 0x0000000086300000| PB 0x0000000086200000| Untracked 
|  99|0x0000000086300000, 0x0000000086400000, 0x0000000086400000|100%| O|  |TAMS 0x0000000086400000| PB 0x0000000086300000| Updating 
| 100|0x0000000086400000, 0x0000000086500000, 0x0000000086500000|100%| O|  |TAMS 0x0000000086500000| PB 0x0000000086400000| Updating 
| 101|0x0000000086500000, 0x0000000086600000, 0x0000000086600000|100%| O|  |TAMS 0x0000000086600000| PB 0x0000000086500000| Updating 
| 102|0x0000000086600000, 0x0000000086700000, 0x0000000086700000|100%| O|  |TAMS 0x0000000086700000| PB 0x0000000086600000| Untracked 
| 103|0x0000000086700000, 0x0000000086800000, 0x0000000086800000|100%| O|  |TAMS 0x0000000086800000| PB 0x0000000086700000| Untracked 
| 104|0x0000000086800000, 0x0000000086900000, 0x0000000086900000|100%| O|  |TAMS 0x0000000086900000| PB 0x0000000086800000| Untracked 
| 105|0x0000000086900000, 0x0000000086a00000, 0x0000000086a00000|100%| O|  |TAMS 0x0000000086a00000| PB 0x0000000086900000| Untracked 
| 106|0x0000000086a00000, 0x0000000086b00000, 0x0000000086b00000|100%| O|  |TAMS 0x0000000086b00000| PB 0x0000000086a00000| Untracked 
| 107|0x0000000086b00000, 0x0000000086c00000, 0x0000000086c00000|100%| O|  |TAMS 0x0000000086c00000| PB 0x0000000086b00000| Untracked 
| 108|0x0000000086c00000, 0x0000000086d00000, 0x0000000086d00000|100%| O|  |TAMS 0x0000000086d00000| PB 0x0000000086c00000| Untracked 
| 109|0x0000000086d00000, 0x0000000086e00000, 0x0000000086e00000|100%| O|  |TAMS 0x0000000086e00000| PB 0x0000000086d00000| Updating 
| 110|0x0000000086e00000, 0x0000000086f00000, 0x0000000086f00000|100%| O|  |TAMS 0x0000000086f00000| PB 0x0000000086e00000| Untracked 
| 111|0x0000000086f00000, 0x0000000087000000, 0x0000000087000000|100%| O|  |TAMS 0x0000000087000000| PB 0x0000000086f00000| Updating 
| 112|0x0000000087000000, 0x0000000087100000, 0x0000000087100000|100%| O|  |TAMS 0x0000000087100000| PB 0x0000000087000000| Untracked 
| 113|0x0000000087100000, 0x0000000087200000, 0x0000000087200000|100%| O|  |TAMS 0x0000000087200000| PB 0x0000000087100000| Untracked 
| 114|0x0000000087200000, 0x0000000087300000, 0x0000000087300000|100%| O|  |TAMS 0x0000000087300000| PB 0x0000000087200000| Untracked 
| 115|0x0000000087300000, 0x0000000087400000, 0x0000000087400000|100%| O|  |TAMS 0x0000000087400000| PB 0x0000000087300000| Untracked 
| 116|0x0000000087400000, 0x0000000087500000, 0x0000000087500000|100%| O|  |TAMS 0x0000000087500000| PB 0x0000000087400000| Updating 
| 117|0x0000000087500000, 0x0000000087600000, 0x0000000087600000|100%| O|  |TAMS 0x0000000087600000| PB 0x0000000087500000| Untracked 
| 118|0x0000000087600000, 0x0000000087700000, 0x0000000087700000|100%| O|  |TAMS 0x0000000087700000| PB 0x0000000087600000| Updating 
| 119|0x0000000087700000, 0x0000000087800000, 0x0000000087800000|100%| O|  |TAMS 0x0000000087800000| PB 0x0000000087700000| Untracked 
| 120|0x0000000087800000, 0x0000000087900000, 0x0000000087900000|100%| O|  |TAMS 0x0000000087900000| PB 0x0000000087800000| Untracked 
| 121|0x0000000087900000, 0x0000000087a00000, 0x0000000087a00000|100%| O|  |TAMS 0x0000000087a00000| PB 0x0000000087900000| Untracked 
| 122|0x0000000087a00000, 0x0000000087b00000, 0x0000000087b00000|100%|HS|  |TAMS 0x0000000087b00000| PB 0x0000000087a00000| Complete 
| 123|0x0000000087b00000, 0x0000000087c00000, 0x0000000087c00000|100%| O|  |TAMS 0x0000000087c00000| PB 0x0000000087b00000| Updating 
| 124|0x0000000087c00000, 0x0000000087d00000, 0x0000000087d00000|100%| O|  |TAMS 0x0000000087d00000| PB 0x0000000087c00000| Untracked 
| 125|0x0000000087d00000, 0x0000000087e00000, 0x0000000087e00000|100%| O|  |TAMS 0x0000000087e00000| PB 0x0000000087d00000| Untracked 
| 126|0x0000000087e00000, 0x0000000087f00000, 0x0000000087f00000|100%|HS|  |TAMS 0x0000000087f00000| PB 0x0000000087e00000| Complete 
| 127|0x0000000087f00000, 0x0000000088000000, 0x0000000088000000|100%| O|  |TAMS 0x0000000088000000| PB 0x0000000087f00000| Untracked 
| 128|0x0000000088000000, 0x0000000088100000, 0x0000000088100000|100%| O|  |TAMS 0x0000000088100000| PB 0x0000000088000000| Untracked 
| 129|0x0000000088100000, 0x0000000088200000, 0x0000000088200000|100%| O|  |TAMS 0x0000000088200000| PB 0x0000000088100000| Untracked 
| 130|0x0000000088200000, 0x0000000088300000, 0x0000000088300000|100%| O|  |TAMS 0x0000000088300000| PB 0x0000000088200000| Updating 
| 131|0x0000000088300000, 0x0000000088400000, 0x0000000088400000|100%| O|  |TAMS 0x0000000088400000| PB 0x0000000088300000| Updating 
| 132|0x0000000088400000, 0x0000000088500000, 0x0000000088500000|100%| O|  |TAMS 0x0000000088500000| PB 0x0000000088400000| Untracked 
| 133|0x0000000088500000, 0x0000000088600000, 0x0000000088600000|100%| O|  |TAMS 0x0000000088600000| PB 0x0000000088500000| Updating 
| 134|0x0000000088600000, 0x0000000088700000, 0x0000000088700000|100%| O|  |TAMS 0x0000000088700000| PB 0x0000000088600000| Untracked 
| 135|0x0000000088700000, 0x0000000088800000, 0x0000000088800000|100%| O|  |TAMS 0x0000000088800000| PB 0x0000000088700000| Updating 
| 136|0x0000000088800000, 0x0000000088900000, 0x0000000088900000|100%| O|  |TAMS 0x0000000088900000| PB 0x0000000088900000| Updating 
| 137|0x0000000088900000, 0x0000000088a00000, 0x0000000088a00000|100%| O|  |TAMS 0x0000000088a00000| PB 0x0000000088900000| Updating 
| 138|0x0000000088a00000, 0x0000000088b00000, 0x0000000088b00000|100%|HS|  |TAMS 0x0000000088b00000| PB 0x0000000088a00000| Complete 
| 139|0x0000000088b00000, 0x0000000088c00000, 0x0000000088c00000|100%| O|  |TAMS 0x0000000088c00000| PB 0x0000000088c00000| Updating 
| 140|0x0000000088c00000, 0x0000000088d00000, 0x0000000088d00000|100%| O|  |TAMS 0x0000000088d00000| PB 0x0000000088c00000| Updating 
| 141|0x0000000088d00000, 0x0000000088e00000, 0x0000000088e00000|100%| O|  |TAMS 0x0000000088e00000| PB 0x0000000088e00000| Untracked 
| 142|0x0000000088e00000, 0x0000000088f00000, 0x0000000088f00000|100%| O|  |TAMS 0x0000000088f00000| PB 0x0000000088f00000| Untracked 
| 143|0x0000000088f00000, 0x0000000089000000, 0x0000000089000000|100%| O|  |TAMS 0x0000000089000000| PB 0x0000000089000000| Updating 
| 144|0x0000000089000000, 0x0000000089100000, 0x0000000089100000|100%|HS|  |TAMS 0x0000000089100000| PB 0x0000000089000000| Complete 
| 145|0x0000000089100000, 0x0000000089200000, 0x0000000089200000|100%| O|  |TAMS 0x0000000089200000| PB 0x0000000089200000| Updating 
| 146|0x0000000089200000, 0x0000000089300000, 0x0000000089300000|100%| O|  |TAMS 0x0000000089300000| PB 0x0000000089300000| Updating 
| 147|0x0000000089300000, 0x0000000089400000, 0x0000000089400000|100%| O|  |TAMS 0x0000000089400000| PB 0x0000000089400000| Untracked 
| 148|0x0000000089400000, 0x0000000089500000, 0x0000000089500000|100%| O|  |TAMS 0x0000000089500000| PB 0x0000000089500000| Untracked 
| 149|0x0000000089500000, 0x0000000089600000, 0x0000000089600000|100%| O|  |TAMS 0x0000000089600000| PB 0x0000000089600000| Untracked 
| 150|0x0000000089600000, 0x0000000089700000, 0x0000000089700000|100%| O|  |TAMS 0x0000000089700000| PB 0x0000000089700000| Untracked 
| 151|0x0000000089700000, 0x0000000089800000, 0x0000000089800000|100%|HS|  |TAMS 0x0000000089800000| PB 0x0000000089700000| Complete 
| 152|0x0000000089800000, 0x0000000089900000, 0x0000000089900000|100%|HC|  |TAMS 0x0000000089900000| PB 0x0000000089800000| Complete 
| 153|0x0000000089900000, 0x0000000089a00000, 0x0000000089a00000|100%|HC|  |TAMS 0x0000000089a00000| PB 0x0000000089900000| Complete 
| 154|0x0000000089a00000, 0x0000000089b00000, 0x0000000089b00000|100%|HC|  |TAMS 0x0000000089b00000| PB 0x0000000089a00000| Complete 
| 155|0x0000000089b00000, 0x0000000089c00000, 0x0000000089c00000|100%|HC|  |TAMS 0x0000000089c00000| PB 0x0000000089b00000| Complete 
| 156|0x0000000089c00000, 0x0000000089d00000, 0x0000000089d00000|100%|HC|  |TAMS 0x0000000089d00000| PB 0x0000000089c00000| Complete 
| 157|0x0000000089d00000, 0x0000000089e00000, 0x0000000089e00000|100%| O|  |TAMS 0x0000000089e00000| PB 0x0000000089e00000| Untracked 
| 158|0x0000000089e00000, 0x0000000089f00000, 0x0000000089f00000|100%| O|  |TAMS 0x0000000089f00000| PB 0x0000000089f00000| Untracked 
| 159|0x0000000089f00000, 0x000000008a000000, 0x000000008a000000|100%| O|  |TAMS 0x000000008a000000| PB 0x000000008a000000| Untracked 
| 160|0x000000008a000000, 0x000000008a100000, 0x000000008a100000|100%| O|  |TAMS 0x000000008a100000| PB 0x000000008a100000| Untracked 
| 161|0x000000008a100000, 0x000000008a200000, 0x000000008a200000|100%| O|  |TAMS 0x000000008a200000| PB 0x000000008a200000| Untracked 
| 162|0x000000008a200000, 0x000000008a300000, 0x000000008a300000|100%| O|  |TAMS 0x000000008a300000| PB 0x000000008a300000| Untracked 
| 163|0x000000008a300000, 0x000000008a400000, 0x000000008a400000|100%| O|  |TAMS 0x000000008a400000| PB 0x000000008a400000| Untracked 
| 164|0x000000008a400000, 0x000000008a500000, 0x000000008a500000|100%| O|  |TAMS 0x000000008a500000| PB 0x000000008a500000| Updating 
| 165|0x000000008a500000, 0x000000008a600000, 0x000000008a600000|100%|HS|  |TAMS 0x000000008a600000| PB 0x000000008a500000| Complete 
| 166|0x000000008a600000, 0x000000008a700000, 0x000000008a700000|100%|HC|  |TAMS 0x000000008a700000| PB 0x000000008a600000| Complete 
| 167|0x000000008a700000, 0x000000008a800000, 0x000000008a800000|100%|HC|  |TAMS 0x000000008a800000| PB 0x000000008a700000| Complete 
| 168|0x000000008a800000, 0x000000008a900000, 0x000000008a900000|100%|HC|  |TAMS 0x000000008a900000| PB 0x000000008a800000| Complete 
| 169|0x000000008a900000, 0x000000008aa00000, 0x000000008aa00000|100%|HC|  |TAMS 0x000000008aa00000| PB 0x000000008a900000| Complete 
| 170|0x000000008aa00000, 0x000000008ab00000, 0x000000008ab00000|100%|HC|  |TAMS 0x000000008ab00000| PB 0x000000008aa00000| Complete 
| 171|0x000000008ab00000, 0x000000008ac00000, 0x000000008ac00000|100%| O|  |TAMS 0x000000008ac00000| PB 0x000000008ac00000| Updating 
| 172|0x000000008ac00000, 0x000000008ad00000, 0x000000008ad00000|100%| O|  |TAMS 0x000000008ad00000| PB 0x000000008ad00000| Untracked 
| 173|0x000000008ad00000, 0x000000008ae00000, 0x000000008ae00000|100%| O|  |TAMS 0x000000008ae00000| PB 0x000000008ae00000| Untracked 
| 174|0x000000008ae00000, 0x000000008af00000, 0x000000008af00000|100%| O|  |TAMS 0x000000008af00000| PB 0x000000008af00000| Untracked 
| 175|0x000000008af00000, 0x000000008b000000, 0x000000008b000000|100%| O|  |TAMS 0x000000008b000000| PB 0x000000008b000000| Untracked 
| 176|0x000000008b000000, 0x000000008b100000, 0x000000008b100000|100%| O|  |TAMS 0x000000008b100000| PB 0x000000008b100000| Updating 
| 177|0x000000008b100000, 0x000000008b200000, 0x000000008b200000|100%| O|  |TAMS 0x000000008b200000| PB 0x000000008b200000| Updating 
| 178|0x000000008b200000, 0x000000008b300000, 0x000000008b300000|100%| O|  |TAMS 0x000000008b300000| PB 0x000000008b300000| Untracked 
| 179|0x000000008b300000, 0x000000008b400000, 0x000000008b400000|100%| O|  |TAMS 0x000000008b400000| PB 0x000000008b400000| Updating 
| 180|0x000000008b400000, 0x000000008b500000, 0x000000008b500000|100%| O|  |TAMS 0x000000008b500000| PB 0x000000008b500000| Untracked 
| 181|0x000000008b500000, 0x000000008b600000, 0x000000008b600000|100%| O|  |TAMS 0x000000008b600000| PB 0x000000008b600000| Untracked 
| 182|0x000000008b600000, 0x000000008b700000, 0x000000008b700000|100%| O|  |TAMS 0x000000008b700000| PB 0x000000008b700000| Updating 
| 183|0x000000008b700000, 0x000000008b800000, 0x000000008b800000|100%| O|  |TAMS 0x000000008b800000| PB 0x000000008b800000| Untracked 
| 184|0x000000008b800000, 0x000000008b900000, 0x000000008b900000|100%| O|  |TAMS 0x000000008b900000| PB 0x000000008b900000| Updating 
| 185|0x000000008b900000, 0x000000008ba00000, 0x000000008ba00000|100%| O|  |TAMS 0x000000008ba00000| PB 0x000000008ba00000| Untracked 
| 186|0x000000008ba00000, 0x000000008bb00000, 0x000000008bb00000|100%| O|  |TAMS 0x000000008bb00000| PB 0x000000008bb00000| Untracked 
| 187|0x000000008bb00000, 0x000000008bc00000, 0x000000008bc00000|100%| O|  |TAMS 0x000000008bc00000| PB 0x000000008bc00000| Untracked 
| 188|0x000000008bc00000, 0x000000008bd00000, 0x000000008bd00000|100%| O|  |TAMS 0x000000008bd00000| PB 0x000000008bd00000| Untracked 
| 189|0x000000008bd00000, 0x000000008be00000, 0x000000008be00000|100%| O|  |TAMS 0x000000008be00000| PB 0x000000008be00000| Untracked 
| 190|0x000000008be00000, 0x000000008bf00000, 0x000000008bf00000|100%| O|  |TAMS 0x000000008bf00000| PB 0x000000008bf00000| Untracked 
| 191|0x000000008bf00000, 0x000000008c000000, 0x000000008c000000|100%| O|  |TAMS 0x000000008c000000| PB 0x000000008c000000| Untracked 
| 192|0x000000008c000000, 0x000000008c100000, 0x000000008c100000|100%| O|  |TAMS 0x000000008c100000| PB 0x000000008c100000| Untracked 
| 193|0x000000008c100000, 0x000000008c200000, 0x000000008c200000|100%| O|  |TAMS 0x000000008c200000| PB 0x000000008c200000| Untracked 
| 194|0x000000008c200000, 0x000000008c300000, 0x000000008c300000|100%| O|  |TAMS 0x000000008c300000| PB 0x000000008c300000| Untracked 
| 195|0x000000008c300000, 0x000000008c400000, 0x000000008c400000|100%| O|  |TAMS 0x000000008c400000| PB 0x000000008c400000| Updating 
| 196|0x000000008c400000, 0x000000008c500000, 0x000000008c500000|100%| O|  |TAMS 0x000000008c500000| PB 0x000000008c500000| Updating 
| 197|0x000000008c500000, 0x000000008c600000, 0x000000008c600000|100%| O|  |TAMS 0x000000008c600000| PB 0x000000008c600000| Updating 
| 198|0x000000008c600000, 0x000000008c700000, 0x000000008c700000|100%| O|  |TAMS 0x000000008c700000| PB 0x000000008c700000| Updating 
| 199|0x000000008c700000, 0x000000008c800000, 0x000000008c800000|100%| O|  |TAMS 0x000000008c800000| PB 0x000000008c800000| Updating 
| 200|0x000000008c800000, 0x000000008c900000, 0x000000008c900000|100%|HS|  |TAMS 0x000000008c900000| PB 0x000000008c800000| Complete 
| 201|0x000000008c900000, 0x000000008ca00000, 0x000000008ca00000|100%|HC|  |TAMS 0x000000008ca00000| PB 0x000000008c900000| Complete 
| 202|0x000000008ca00000, 0x000000008cb00000, 0x000000008cb00000|100%|HC|  |TAMS 0x000000008cb00000| PB 0x000000008ca00000| Complete 
| 203|0x000000008cb00000, 0x000000008cc00000, 0x000000008cc00000|100%|HC|  |TAMS 0x000000008cc00000| PB 0x000000008cb00000| Complete 
| 204|0x000000008cc00000, 0x000000008cd00000, 0x000000008cd00000|100%|HC|  |TAMS 0x000000008cd00000| PB 0x000000008cc00000| Complete 
| 205|0x000000008cd00000, 0x000000008ce00000, 0x000000008ce00000|100%|HC|  |TAMS 0x000000008ce00000| PB 0x000000008cd00000| Complete 
| 206|0x000000008ce00000, 0x000000008cf00000, 0x000000008cf00000|100%| O|  |TAMS 0x000000008cf00000| PB 0x000000008cf00000| Untracked 
| 207|0x000000008cf00000, 0x000000008d000000, 0x000000008d000000|100%|HS|  |TAMS 0x000000008cf00000| PB 0x000000008cf00000| Complete 
| 208|0x000000008d000000, 0x000000008d100000, 0x000000008d100000|100%| O|  |TAMS 0x000000008d100000| PB 0x000000008d100000| Updating 
| 209|0x000000008d100000, 0x000000008d200000, 0x000000008d200000|100%| O|  |TAMS 0x000000008d200000| PB 0x000000008d200000| Untracked 
| 210|0x000000008d200000, 0x000000008d200000, 0x000000008d300000|  0%| F|  |TAMS 0x000000008d200000| PB 0x000000008d200000| Untracked 
| 211|0x000000008d300000, 0x000000008d300000, 0x000000008d400000|  0%| F|  |TAMS 0x000000008d300000| PB 0x000000008d300000| Untracked 
| 212|0x000000008d400000, 0x000000008d400000, 0x000000008d500000|  0%| F|  |TAMS 0x000000008d400000| PB 0x000000008d400000| Untracked 
| 213|0x000000008d500000, 0x000000008d500000, 0x000000008d600000|  0%| F|  |TAMS 0x000000008d500000| PB 0x000000008d500000| Untracked 
| 214|0x000000008d600000, 0x000000008d600000, 0x000000008d700000|  0%| F|  |TAMS 0x000000008d600000| PB 0x000000008d600000| Untracked 
| 215|0x000000008d700000, 0x000000008d700000, 0x000000008d800000|  0%| F|  |TAMS 0x000000008d700000| PB 0x000000008d700000| Untracked 
| 216|0x000000008d800000, 0x000000008d800000, 0x000000008d900000|  0%| F|  |TAMS 0x000000008d800000| PB 0x000000008d800000| Untracked 
| 217|0x000000008d900000, 0x000000008d900000, 0x000000008da00000|  0%| F|  |TAMS 0x000000008d900000| PB 0x000000008d900000| Untracked 
| 218|0x000000008da00000, 0x000000008db00000, 0x000000008db00000|100%| O|  |TAMS 0x000000008db00000| PB 0x000000008db00000| Untracked 
| 219|0x000000008db00000, 0x000000008dc00000, 0x000000008dc00000|100%| O|  |TAMS 0x000000008dc00000| PB 0x000000008dc00000| Untracked 
| 220|0x000000008dc00000, 0x000000008dd00000, 0x000000008dd00000|100%| O|  |TAMS 0x000000008dd00000| PB 0x000000008dd00000| Updating 
| 221|0x000000008dd00000, 0x000000008de00000, 0x000000008de00000|100%| O|  |TAMS 0x000000008de00000| PB 0x000000008de00000| Untracked 
| 222|0x000000008de00000, 0x000000008df00000, 0x000000008df00000|100%| O|  |TAMS 0x000000008df00000| PB 0x000000008df00000| Untracked 
| 223|0x000000008df00000, 0x000000008e000000, 0x000000008e000000|100%| O|  |TAMS 0x000000008e000000| PB 0x000000008e000000| Untracked 
| 224|0x000000008e000000, 0x000000008e100000, 0x000000008e100000|100%| O|  |TAMS 0x000000008e100000| PB 0x000000008e100000| Untracked 
| 225|0x000000008e100000, 0x000000008e200000, 0x000000008e200000|100%| O|  |TAMS 0x000000008e200000| PB 0x000000008e200000| Untracked 
| 226|0x000000008e200000, 0x000000008e300000, 0x000000008e300000|100%| O|  |TAMS 0x000000008e300000| PB 0x000000008e300000| Updating 
| 227|0x000000008e300000, 0x000000008e400000, 0x000000008e400000|100%| O|  |TAMS 0x000000008e400000| PB 0x000000008e400000| Updating 
| 228|0x000000008e400000, 0x000000008e500000, 0x000000008e500000|100%| O|  |TAMS 0x000000008e500000| PB 0x000000008e500000| Untracked 
| 229|0x000000008e500000, 0x000000008e600000, 0x000000008e600000|100%| O|  |TAMS 0x000000008e600000| PB 0x000000008e600000| Updating 
| 230|0x000000008e600000, 0x000000008e700000, 0x000000008e700000|100%| O|  |TAMS 0x000000008e700000| PB 0x000000008e700000| Updating 
| 231|0x000000008e700000, 0x000000008e800000, 0x000000008e800000|100%| O|  |TAMS 0x000000008e800000| PB 0x000000008e800000| Untracked 
| 232|0x000000008e800000, 0x000000008e900000, 0x000000008e900000|100%| O|  |TAMS 0x000000008e900000| PB 0x000000008e900000| Untracked 
| 233|0x000000008e900000, 0x000000008ea00000, 0x000000008ea00000|100%| O|  |TAMS 0x000000008ea00000| PB 0x000000008ea00000| Updating 
| 234|0x000000008ea00000, 0x000000008eb00000, 0x000000008eb00000|100%| O|  |TAMS 0x000000008eb00000| PB 0x000000008eb00000| Updating 
| 235|0x000000008eb00000, 0x000000008ec00000, 0x000000008ec00000|100%| O|  |TAMS 0x000000008ec00000| PB 0x000000008ec00000| Untracked 
| 236|0x000000008ec00000, 0x000000008ed00000, 0x000000008ed00000|100%| O|  |TAMS 0x000000008ed00000| PB 0x000000008ed00000| Untracked 
| 237|0x000000008ed00000, 0x000000008ee00000, 0x000000008ee00000|100%| O|  |TAMS 0x000000008ee00000| PB 0x000000008ee00000| Untracked 
| 238|0x000000008ee00000, 0x000000008ef00000, 0x000000008ef00000|100%| O|  |TAMS 0x000000008ef00000| PB 0x000000008ef00000| Untracked 
| 239|0x000000008ef00000, 0x000000008f000000, 0x000000008f000000|100%| O|  |TAMS 0x000000008f000000| PB 0x000000008f000000| Untracked 
| 240|0x000000008f000000, 0x000000008f100000, 0x000000008f100000|100%| O|  |TAMS 0x000000008f100000| PB 0x000000008f100000| Updating 
| 241|0x000000008f100000, 0x000000008f200000, 0x000000008f200000|100%| O|  |TAMS 0x000000008f200000| PB 0x000000008f200000| Untracked 
| 242|0x000000008f200000, 0x000000008f300000, 0x000000008f300000|100%| O|  |TAMS 0x000000008f300000| PB 0x000000008f300000| Updating 
| 243|0x000000008f300000, 0x000000008f400000, 0x000000008f400000|100%| O|  |TAMS 0x000000008f400000| PB 0x000000008f400000| Updating 
| 244|0x000000008f400000, 0x000000008f500000, 0x000000008f500000|100%| O|  |TAMS 0x000000008f500000| PB 0x000000008f500000| Updating 
| 245|0x000000008f500000, 0x000000008f600000, 0x000000008f600000|100%| O|  |TAMS 0x000000008f600000| PB 0x000000008f600000| Updating 
| 246|0x000000008f600000, 0x000000008f700000, 0x000000008f700000|100%| O|  |TAMS 0x000000008f700000| PB 0x000000008f700000| Untracked 
| 247|0x000000008f700000, 0x000000008f800000, 0x000000008f800000|100%| O|  |TAMS 0x000000008f800000| PB 0x000000008f800000| Untracked 
| 248|0x000000008f800000, 0x000000008f900000, 0x000000008f900000|100%| O|  |TAMS 0x000000008f900000| PB 0x000000008f900000| Untracked 
| 249|0x000000008f900000, 0x000000008fa00000, 0x000000008fa00000|100%| O|  |TAMS 0x000000008fa00000| PB 0x000000008fa00000| Untracked 
| 250|0x000000008fa00000, 0x000000008fb00000, 0x000000008fb00000|100%| O|  |TAMS 0x000000008fb00000| PB 0x000000008fb00000| Updating 
| 251|0x000000008fb00000, 0x000000008fc00000, 0x000000008fc00000|100%| O|  |TAMS 0x000000008fc00000| PB 0x000000008fc00000| Untracked 
| 252|0x000000008fc00000, 0x000000008fd00000, 0x000000008fd00000|100%| O|  |TAMS 0x000000008fd00000| PB 0x000000008fd00000| Untracked 
| 253|0x000000008fd00000, 0x000000008fe00000, 0x000000008fe00000|100%| O|  |TAMS 0x000000008fe00000| PB 0x000000008fe00000| Updating 
| 254|0x000000008fe00000, 0x000000008ff00000, 0x000000008ff00000|100%| O|  |TAMS 0x000000008ff00000| PB 0x000000008ff00000| Untracked 
| 255|0x000000008ff00000, 0x0000000090000000, 0x0000000090000000|100%| O|  |TAMS 0x0000000090000000| PB 0x0000000090000000| Untracked 
| 256|0x0000000090000000, 0x0000000090100000, 0x0000000090100000|100%| O|  |TAMS 0x0000000090100000| PB 0x0000000090100000| Untracked 
| 257|0x0000000090100000, 0x0000000090200000, 0x0000000090200000|100%| O|  |TAMS 0x0000000090200000| PB 0x0000000090200000| Untracked 
| 258|0x0000000090200000, 0x0000000090300000, 0x0000000090300000|100%| O|  |TAMS 0x0000000090300000| PB 0x0000000090300000| Updating 
| 259|0x0000000090300000, 0x0000000090400000, 0x0000000090400000|100%| O|  |TAMS 0x0000000090400000| PB 0x0000000090400000| Untracked 
| 260|0x0000000090400000, 0x0000000090500000, 0x0000000090500000|100%| O|  |TAMS 0x0000000090500000| PB 0x0000000090500000| Untracked 
| 261|0x0000000090500000, 0x0000000090600000, 0x0000000090600000|100%|HS|  |TAMS 0x0000000090600000| PB 0x0000000090500000| Complete 
| 262|0x0000000090600000, 0x0000000090700000, 0x0000000090700000|100%|HS|  |TAMS 0x0000000090700000| PB 0x0000000090600000| Complete 
| 263|0x0000000090700000, 0x0000000090800000, 0x0000000090800000|100%|HS|  |TAMS 0x0000000090800000| PB 0x0000000090700000| Complete 
| 264|0x0000000090800000, 0x0000000090900000, 0x0000000090900000|100%|HC|  |TAMS 0x0000000090900000| PB 0x0000000090800000| Complete 
| 265|0x0000000090900000, 0x0000000090a00000, 0x0000000090a00000|100%| O|  |TAMS 0x0000000090a00000| PB 0x0000000090a00000| Untracked 
| 266|0x0000000090a00000, 0x0000000090b00000, 0x0000000090b00000|100%| O|  |TAMS 0x0000000090b00000| PB 0x0000000090b00000| Updating 
| 267|0x0000000090b00000, 0x0000000090b7fba8, 0x0000000090c00000| 49%| O|  |TAMS 0x0000000090b7fba8| PB 0x0000000090b7fba8| Updating 
| 268|0x0000000090c00000, 0x0000000090c00000, 0x0000000090d00000|  0%| F|  |TAMS 0x0000000090c00000| PB 0x0000000090c00000| Untracked 
| 269|0x0000000090d00000, 0x0000000090d00000, 0x0000000090e00000|  0%| F|  |TAMS 0x0000000090d00000| PB 0x0000000090d00000| Untracked 
| 270|0x0000000090e00000, 0x0000000090e00000, 0x0000000090f00000|  0%| F|  |TAMS 0x0000000090e00000| PB 0x0000000090e00000| Untracked 
| 271|0x0000000090f00000, 0x0000000091000000, 0x0000000091000000|100%| O|  |TAMS 0x0000000091000000| PB 0x0000000091000000| Untracked 
| 272|0x0000000091000000, 0x0000000091100000, 0x0000000091100000|100%| O|  |TAMS 0x0000000091100000| PB 0x0000000091100000| Untracked 
| 273|0x0000000091100000, 0x0000000091200000, 0x0000000091200000|100%| O|  |TAMS 0x0000000091200000| PB 0x0000000091200000| Untracked 
| 274|0x0000000091200000, 0x0000000091300000, 0x0000000091300000|100%| O|  |TAMS 0x0000000091300000| PB 0x0000000091300000| Untracked 
| 275|0x0000000091300000, 0x0000000091300000, 0x0000000091400000|  0%| F|  |TAMS 0x0000000091300000| PB 0x0000000091300000| Untracked 
| 276|0x0000000091400000, 0x0000000091400000, 0x0000000091500000|  0%| F|  |TAMS 0x0000000091400000| PB 0x0000000091400000| Untracked 
| 277|0x0000000091500000, 0x0000000091500000, 0x0000000091600000|  0%| F|  |TAMS 0x0000000091500000| PB 0x0000000091500000| Untracked 
| 278|0x0000000091600000, 0x0000000091600000, 0x0000000091700000|  0%| F|  |TAMS 0x0000000091600000| PB 0x0000000091600000| Untracked 
| 279|0x0000000091700000, 0x0000000091700000, 0x0000000091800000|  0%| F|  |TAMS 0x0000000091700000| PB 0x0000000091700000| Untracked 
| 280|0x0000000091800000, 0x0000000091800000, 0x0000000091900000|  0%| F|  |TAMS 0x0000000091800000| PB 0x0000000091800000| Untracked 
| 281|0x0000000091900000, 0x0000000091900000, 0x0000000091a00000|  0%| F|  |TAMS 0x0000000091900000| PB 0x0000000091900000| Untracked 
| 282|0x0000000091a00000, 0x0000000091a00000, 0x0000000091b00000|  0%| F|  |TAMS 0x0000000091a00000| PB 0x0000000091a00000| Untracked 
| 283|0x0000000091b00000, 0x0000000091b00000, 0x0000000091c00000|  0%| F|  |TAMS 0x0000000091b00000| PB 0x0000000091b00000| Untracked 
| 284|0x0000000091c00000, 0x0000000091c00000, 0x0000000091d00000|  0%| F|  |TAMS 0x0000000091c00000| PB 0x0000000091c00000| Untracked 
| 285|0x0000000091d00000, 0x0000000091d00000, 0x0000000091e00000|  0%| F|  |TAMS 0x0000000091d00000| PB 0x0000000091d00000| Untracked 
| 286|0x0000000091e00000, 0x0000000091e00000, 0x0000000091f00000|  0%| F|  |TAMS 0x0000000091e00000| PB 0x0000000091e00000| Untracked 
| 287|0x0000000091f00000, 0x0000000091f00000, 0x0000000092000000|  0%| F|  |TAMS 0x0000000091f00000| PB 0x0000000091f00000| Untracked 
| 288|0x0000000092000000, 0x0000000092100000, 0x0000000092100000|100%| O|  |TAMS 0x0000000092100000| PB 0x0000000092100000| Untracked 
| 289|0x0000000092100000, 0x0000000092200000, 0x0000000092200000|100%| O|  |TAMS 0x0000000092200000| PB 0x0000000092200000| Untracked 
| 290|0x0000000092200000, 0x0000000092300000, 0x0000000092300000|100%| O|  |TAMS 0x0000000092300000| PB 0x0000000092300000| Untracked 
| 291|0x0000000092300000, 0x0000000092400000, 0x0000000092400000|100%| O|  |TAMS 0x0000000092400000| PB 0x0000000092400000| Untracked 
| 292|0x0000000092400000, 0x0000000092500000, 0x0000000092500000|100%| O|  |TAMS 0x0000000092500000| PB 0x0000000092500000| Untracked 
| 293|0x0000000092500000, 0x0000000092600000, 0x0000000092600000|100%| O|  |TAMS 0x0000000092600000| PB 0x0000000092600000| Untracked 
| 294|0x0000000092600000, 0x0000000092700000, 0x0000000092700000|100%| O|  |TAMS 0x0000000092700000| PB 0x0000000092700000| Untracked 
| 295|0x0000000092700000, 0x0000000092800000, 0x0000000092800000|100%| O|  |TAMS 0x0000000092800000| PB 0x0000000092800000| Untracked 
| 296|0x0000000092800000, 0x0000000092900000, 0x0000000092900000|100%| O|  |TAMS 0x0000000092900000| PB 0x0000000092900000| Untracked 
| 297|0x0000000092900000, 0x0000000092a00000, 0x0000000092a00000|100%| O|  |TAMS 0x0000000092a00000| PB 0x0000000092a00000| Untracked 
| 298|0x0000000092a00000, 0x0000000092b00000, 0x0000000092b00000|100%| O|  |TAMS 0x0000000092b00000| PB 0x0000000092b00000| Untracked 
| 299|0x0000000092b00000, 0x0000000092c00000, 0x0000000092c00000|100%| O|  |TAMS 0x0000000092c00000| PB 0x0000000092c00000| Untracked 
| 300|0x0000000092c00000, 0x0000000092d00000, 0x0000000092d00000|100%| O|  |TAMS 0x0000000092d00000| PB 0x0000000092d00000| Untracked 
| 301|0x0000000092d00000, 0x0000000092e00000, 0x0000000092e00000|100%| O|  |TAMS 0x0000000092e00000| PB 0x0000000092e00000| Untracked 
| 302|0x0000000092e00000, 0x0000000092f00000, 0x0000000092f00000|100%| O|  |TAMS 0x0000000092f00000| PB 0x0000000092f00000| Untracked 
| 303|0x0000000092f00000, 0x0000000093000000, 0x0000000093000000|100%| O|  |TAMS 0x0000000093000000| PB 0x0000000093000000| Untracked 
| 304|0x0000000093000000, 0x0000000093100000, 0x0000000093100000|100%| O|  |TAMS 0x0000000093100000| PB 0x0000000093100000| Untracked 
| 305|0x0000000093100000, 0x0000000093200000, 0x0000000093200000|100%| O|  |TAMS 0x0000000093200000| PB 0x0000000093200000| Untracked 
| 306|0x0000000093200000, 0x0000000093300000, 0x0000000093300000|100%| O|  |TAMS 0x0000000093300000| PB 0x0000000093300000| Untracked 
| 307|0x0000000093300000, 0x0000000093400000, 0x0000000093400000|100%| O|  |TAMS 0x0000000093400000| PB 0x0000000093400000| Untracked 
| 308|0x0000000093400000, 0x0000000093400000, 0x0000000093500000|  0%| F|  |TAMS 0x0000000093400000| PB 0x0000000093400000| Untracked 
| 309|0x0000000093500000, 0x0000000093500000, 0x0000000093600000|  0%| F|  |TAMS 0x0000000093500000| PB 0x0000000093500000| Untracked 
| 310|0x0000000093600000, 0x0000000093600000, 0x0000000093700000|  0%| F|  |TAMS 0x0000000093600000| PB 0x0000000093600000| Untracked 
| 311|0x0000000093700000, 0x0000000093700000, 0x0000000093800000|  0%| F|  |TAMS 0x0000000093700000| PB 0x0000000093700000| Untracked 
| 312|0x0000000093800000, 0x0000000093800000, 0x0000000093900000|  0%| F|  |TAMS 0x0000000093800000| PB 0x0000000093800000| Untracked 
| 313|0x0000000093900000, 0x0000000093900000, 0x0000000093a00000|  0%| F|  |TAMS 0x0000000093900000| PB 0x0000000093900000| Untracked 
| 314|0x0000000093a00000, 0x0000000093a00000, 0x0000000093b00000|  0%| F|  |TAMS 0x0000000093a00000| PB 0x0000000093a00000| Untracked 
| 315|0x0000000093b00000, 0x0000000093b00000, 0x0000000093c00000|  0%| F|  |TAMS 0x0000000093b00000| PB 0x0000000093b00000| Untracked 
| 316|0x0000000093c00000, 0x0000000093c00000, 0x0000000093d00000|  0%| F|  |TAMS 0x0000000093c00000| PB 0x0000000093c00000| Untracked 
| 317|0x0000000093d00000, 0x0000000093d00000, 0x0000000093e00000|  0%| F|  |TAMS 0x0000000093d00000| PB 0x0000000093d00000| Untracked 
| 318|0x0000000093e00000, 0x0000000093e00000, 0x0000000093f00000|  0%| F|  |TAMS 0x0000000093e00000| PB 0x0000000093e00000| Untracked 
| 319|0x0000000093f00000, 0x0000000093f00000, 0x0000000094000000|  0%| F|  |TAMS 0x0000000093f00000| PB 0x0000000093f00000| Untracked 
| 320|0x0000000094000000, 0x0000000094000000, 0x0000000094100000|  0%| F|  |TAMS 0x0000000094000000| PB 0x0000000094000000| Untracked 
| 321|0x0000000094100000, 0x0000000094100000, 0x0000000094200000|  0%| F|  |TAMS 0x0000000094100000| PB 0x0000000094100000| Untracked 
| 322|0x0000000094200000, 0x0000000094200000, 0x0000000094300000|  0%| F|  |TAMS 0x0000000094200000| PB 0x0000000094200000| Untracked 
| 323|0x0000000094300000, 0x0000000094300000, 0x0000000094400000|  0%| F|  |TAMS 0x0000000094300000| PB 0x0000000094300000| Untracked 
| 324|0x0000000094400000, 0x0000000094400000, 0x0000000094500000|  0%| F|  |TAMS 0x0000000094400000| PB 0x0000000094400000| Untracked 
| 325|0x0000000094500000, 0x0000000094500000, 0x0000000094600000|  0%| F|  |TAMS 0x0000000094500000| PB 0x0000000094500000| Untracked 
| 326|0x0000000094600000, 0x0000000094600000, 0x0000000094700000|  0%| F|  |TAMS 0x0000000094600000| PB 0x0000000094600000| Untracked 
| 327|0x0000000094700000, 0x0000000094700000, 0x0000000094800000|  0%| F|  |TAMS 0x0000000094700000| PB 0x0000000094700000| Untracked 
| 328|0x0000000094800000, 0x0000000094800000, 0x0000000094900000|  0%| F|  |TAMS 0x0000000094800000| PB 0x0000000094800000| Untracked 
| 329|0x0000000094900000, 0x0000000094a00000, 0x0000000094a00000|100%| O|  |TAMS 0x0000000094a00000| PB 0x0000000094a00000| Untracked 
| 330|0x0000000094a00000, 0x0000000094b00000, 0x0000000094b00000|100%| O|  |TAMS 0x0000000094b00000| PB 0x0000000094b00000| Untracked 
| 331|0x0000000094b00000, 0x0000000094c00000, 0x0000000094c00000|100%| O|  |TAMS 0x0000000094c00000| PB 0x0000000094c00000| Updating 
| 332|0x0000000094c00000, 0x0000000094d00000, 0x0000000094d00000|100%| O|  |TAMS 0x0000000094d00000| PB 0x0000000094d00000| Updating 
| 333|0x0000000094d00000, 0x0000000094e00000, 0x0000000094e00000|100%| O|  |TAMS 0x0000000094e00000| PB 0x0000000094e00000| Updating 
| 334|0x0000000094e00000, 0x0000000094f00000, 0x0000000094f00000|100%| O|  |TAMS 0x0000000094f00000| PB 0x0000000094f00000| Updating 
| 335|0x0000000094f00000, 0x0000000095000000, 0x0000000095000000|100%| O|  |TAMS 0x0000000095000000| PB 0x0000000095000000| Updating 
| 336|0x0000000095000000, 0x0000000095100000, 0x0000000095100000|100%| O|  |TAMS 0x0000000095100000| PB 0x0000000095100000| Updating 
| 337|0x0000000095100000, 0x0000000095132ad0, 0x0000000095200000| 19%| S|CS|TAMS 0x0000000095100000| PB 0x0000000095100000| Complete 
| 338|0x0000000095200000, 0x0000000095300000, 0x0000000095300000|100%| S|CS|TAMS 0x0000000095200000| PB 0x0000000095200000| Complete 
| 339|0x0000000095300000, 0x0000000095400000, 0x0000000095400000|100%| S|CS|TAMS 0x0000000095300000| PB 0x0000000095300000| Complete 
| 340|0x0000000095400000, 0x0000000095500000, 0x0000000095500000|100%| S|CS|TAMS 0x0000000095400000| PB 0x0000000095400000| Complete 
| 341|0x0000000095500000, 0x0000000095600000, 0x0000000095600000|100%| S|CS|TAMS 0x0000000095500000| PB 0x0000000095500000| Complete 
| 342|0x0000000095600000, 0x0000000095700000, 0x0000000095700000|100%| S|CS|TAMS 0x0000000095600000| PB 0x0000000095600000| Complete 
| 343|0x0000000095700000, 0x0000000095800000, 0x0000000095800000|100%| S|CS|TAMS 0x0000000095700000| PB 0x0000000095700000| Complete 
| 344|0x0000000095800000, 0x0000000095900000, 0x0000000095900000|100%| S|CS|TAMS 0x0000000095800000| PB 0x0000000095800000| Complete 
| 345|0x0000000095900000, 0x0000000095a00000, 0x0000000095a00000|100%| S|CS|TAMS 0x0000000095900000| PB 0x0000000095900000| Complete 
| 346|0x0000000095a00000, 0x0000000095b00000, 0x0000000095b00000|100%| S|CS|TAMS 0x0000000095a00000| PB 0x0000000095a00000| Complete 
| 347|0x0000000095b00000, 0x0000000095c00000, 0x0000000095c00000|100%| S|CS|TAMS 0x0000000095b00000| PB 0x0000000095b00000| Complete 
| 348|0x0000000095c00000, 0x0000000095d00000, 0x0000000095d00000|100%| S|CS|TAMS 0x0000000095c00000| PB 0x0000000095c00000| Complete 
| 349|0x0000000095d00000, 0x0000000095e00000, 0x0000000095e00000|100%| S|CS|TAMS 0x0000000095d00000| PB 0x0000000095d00000| Complete 
| 350|0x0000000095e00000, 0x0000000095f00000, 0x0000000095f00000|100%| S|CS|TAMS 0x0000000095e00000| PB 0x0000000095e00000| Complete 
| 351|0x0000000095f00000, 0x0000000096000000, 0x0000000096000000|100%| S|CS|TAMS 0x0000000095f00000| PB 0x0000000095f00000| Complete 
| 352|0x0000000096000000, 0x0000000096100000, 0x0000000096100000|100%| S|CS|TAMS 0x0000000096000000| PB 0x0000000096000000| Complete 
| 353|0x0000000096100000, 0x0000000096100000, 0x0000000096200000|  0%| F|  |TAMS 0x0000000096100000| PB 0x0000000096100000| Untracked 
| 354|0x0000000096200000, 0x0000000096200000, 0x0000000096300000|  0%| F|  |TAMS 0x0000000096200000| PB 0x0000000096200000| Untracked 
| 355|0x0000000096300000, 0x0000000096300000, 0x0000000096400000|  0%| F|  |TAMS 0x0000000096300000| PB 0x0000000096300000| Untracked 
| 356|0x0000000096400000, 0x0000000096400000, 0x0000000096500000|  0%| F|  |TAMS 0x0000000096400000| PB 0x0000000096400000| Untracked 
| 357|0x0000000096500000, 0x0000000096500000, 0x0000000096600000|  0%| F|  |TAMS 0x0000000096500000| PB 0x0000000096500000| Untracked 
| 358|0x0000000096600000, 0x0000000096600000, 0x0000000096700000|  0%| F|  |TAMS 0x0000000096600000| PB 0x0000000096600000| Untracked 
| 359|0x0000000096700000, 0x0000000096700000, 0x0000000096800000|  0%| F|  |TAMS 0x0000000096700000| PB 0x0000000096700000| Untracked 
| 360|0x0000000096800000, 0x0000000096800000, 0x0000000096900000|  0%| F|  |TAMS 0x0000000096800000| PB 0x0000000096800000| Untracked 
| 361|0x0000000096900000, 0x0000000096900000, 0x0000000096a00000|  0%| F|  |TAMS 0x0000000096900000| PB 0x0000000096900000| Untracked 
| 362|0x0000000096a00000, 0x0000000096a00000, 0x0000000096b00000|  0%| F|  |TAMS 0x0000000096a00000| PB 0x0000000096a00000| Untracked 
| 363|0x0000000096b00000, 0x0000000096b00000, 0x0000000096c00000|  0%| F|  |TAMS 0x0000000096b00000| PB 0x0000000096b00000| Untracked 
| 364|0x0000000096c00000, 0x0000000096c00000, 0x0000000096d00000|  0%| F|  |TAMS 0x0000000096c00000| PB 0x0000000096c00000| Untracked 
| 365|0x0000000096d00000, 0x0000000096d00000, 0x0000000096e00000|  0%| F|  |TAMS 0x0000000096d00000| PB 0x0000000096d00000| Untracked 
| 366|0x0000000096e00000, 0x0000000096e00000, 0x0000000096f00000|  0%| F|  |TAMS 0x0000000096e00000| PB 0x0000000096e00000| Untracked 
| 367|0x0000000096f00000, 0x0000000096f00000, 0x0000000097000000|  0%| F|  |TAMS 0x0000000096f00000| PB 0x0000000096f00000| Untracked 
| 368|0x0000000097000000, 0x0000000097000000, 0x0000000097100000|  0%| F|  |TAMS 0x0000000097000000| PB 0x0000000097000000| Untracked 
| 369|0x0000000097100000, 0x0000000097100000, 0x0000000097200000|  0%| F|  |TAMS 0x0000000097100000| PB 0x0000000097100000| Untracked 
| 370|0x0000000097200000, 0x0000000097200000, 0x0000000097300000|  0%| F|  |TAMS 0x0000000097200000| PB 0x0000000097200000| Untracked 
| 371|0x0000000097300000, 0x0000000097300000, 0x0000000097400000|  0%| F|  |TAMS 0x0000000097300000| PB 0x0000000097300000| Untracked 
| 372|0x0000000097400000, 0x0000000097400000, 0x0000000097500000|  0%| F|  |TAMS 0x0000000097400000| PB 0x0000000097400000| Untracked 
| 373|0x0000000097500000, 0x0000000097500000, 0x0000000097600000|  0%| F|  |TAMS 0x0000000097500000| PB 0x0000000097500000| Untracked 
| 374|0x0000000097600000, 0x0000000097600000, 0x0000000097700000|  0%| F|  |TAMS 0x0000000097600000| PB 0x0000000097600000| Untracked 
| 375|0x0000000097700000, 0x0000000097700000, 0x0000000097800000|  0%| F|  |TAMS 0x0000000097700000| PB 0x0000000097700000| Untracked 
| 376|0x0000000097800000, 0x0000000097800000, 0x0000000097900000|  0%| F|  |TAMS 0x0000000097800000| PB 0x0000000097800000| Untracked 
| 377|0x0000000097900000, 0x0000000097900000, 0x0000000097a00000|  0%| F|  |TAMS 0x0000000097900000| PB 0x0000000097900000| Untracked 
| 378|0x0000000097a00000, 0x0000000097a00000, 0x0000000097b00000|  0%| F|  |TAMS 0x0000000097a00000| PB 0x0000000097a00000| Untracked 
| 379|0x0000000097b00000, 0x0000000097b00000, 0x0000000097c00000|  0%| F|  |TAMS 0x0000000097b00000| PB 0x0000000097b00000| Untracked 
| 380|0x0000000097c00000, 0x0000000097c00000, 0x0000000097d00000|  0%| F|  |TAMS 0x0000000097c00000| PB 0x0000000097c00000| Untracked 
| 381|0x0000000097d00000, 0x0000000097d00000, 0x0000000097e00000|  0%| F|  |TAMS 0x0000000097d00000| PB 0x0000000097d00000| Untracked 
| 382|0x0000000097e00000, 0x0000000097e00000, 0x0000000097f00000|  0%| F|  |TAMS 0x0000000097e00000| PB 0x0000000097e00000| Untracked 
| 383|0x0000000097f00000, 0x0000000097f00000, 0x0000000098000000|  0%| F|  |TAMS 0x0000000097f00000| PB 0x0000000097f00000| Untracked 
| 384|0x0000000098000000, 0x0000000098000000, 0x0000000098100000|  0%| F|  |TAMS 0x0000000098000000| PB 0x0000000098000000| Untracked 
| 385|0x0000000098100000, 0x0000000098100000, 0x0000000098200000|  0%| F|  |TAMS 0x0000000098100000| PB 0x0000000098100000| Untracked 
| 386|0x0000000098200000, 0x0000000098200000, 0x0000000098300000|  0%| F|  |TAMS 0x0000000098200000| PB 0x0000000098200000| Untracked 
| 387|0x0000000098300000, 0x0000000098300000, 0x0000000098400000|  0%| F|  |TAMS 0x0000000098300000| PB 0x0000000098300000| Untracked 
| 388|0x0000000098400000, 0x0000000098400000, 0x0000000098500000|  0%| F|  |TAMS 0x0000000098400000| PB 0x0000000098400000| Untracked 
| 389|0x0000000098500000, 0x0000000098500000, 0x0000000098600000|  0%| F|  |TAMS 0x0000000098500000| PB 0x0000000098500000| Untracked 
| 390|0x0000000098600000, 0x0000000098600000, 0x0000000098700000|  0%| F|  |TAMS 0x0000000098600000| PB 0x0000000098600000| Untracked 
| 391|0x0000000098700000, 0x0000000098700000, 0x0000000098800000|  0%| F|  |TAMS 0x0000000098700000| PB 0x0000000098700000| Untracked 
| 392|0x0000000098800000, 0x0000000098800000, 0x0000000098900000|  0%| F|  |TAMS 0x0000000098800000| PB 0x0000000098800000| Untracked 
| 393|0x0000000098900000, 0x0000000098900000, 0x0000000098a00000|  0%| F|  |TAMS 0x0000000098900000| PB 0x0000000098900000| Untracked 
| 394|0x0000000098a00000, 0x0000000098a00000, 0x0000000098b00000|  0%| F|  |TAMS 0x0000000098a00000| PB 0x0000000098a00000| Untracked 
| 395|0x0000000098b00000, 0x0000000098b00000, 0x0000000098c00000|  0%| F|  |TAMS 0x0000000098b00000| PB 0x0000000098b00000| Untracked 
| 396|0x0000000098c00000, 0x0000000098c00000, 0x0000000098d00000|  0%| F|  |TAMS 0x0000000098c00000| PB 0x0000000098c00000| Untracked 
| 397|0x0000000098d00000, 0x0000000098d00000, 0x0000000098e00000|  0%| F|  |TAMS 0x0000000098d00000| PB 0x0000000098d00000| Untracked 
| 398|0x0000000098e00000, 0x0000000098e00000, 0x0000000098f00000|  0%| F|  |TAMS 0x0000000098e00000| PB 0x0000000098e00000| Untracked 
| 399|0x0000000098f00000, 0x0000000098f00000, 0x0000000099000000|  0%| F|  |TAMS 0x0000000098f00000| PB 0x0000000098f00000| Untracked 
| 400|0x0000000099000000, 0x0000000099000000, 0x0000000099100000|  0%| F|  |TAMS 0x0000000099000000| PB 0x0000000099000000| Untracked 
| 401|0x0000000099100000, 0x0000000099100000, 0x0000000099200000|  0%| F|  |TAMS 0x0000000099100000| PB 0x0000000099100000| Untracked 
| 402|0x0000000099200000, 0x0000000099200000, 0x0000000099300000|  0%| F|  |TAMS 0x0000000099200000| PB 0x0000000099200000| Untracked 
| 403|0x0000000099300000, 0x0000000099300000, 0x0000000099400000|  0%| F|  |TAMS 0x0000000099300000| PB 0x0000000099300000| Untracked 
| 404|0x0000000099400000, 0x0000000099400000, 0x0000000099500000|  0%| F|  |TAMS 0x0000000099400000| PB 0x0000000099400000| Untracked 
| 405|0x0000000099500000, 0x0000000099500000, 0x0000000099600000|  0%| F|  |TAMS 0x0000000099500000| PB 0x0000000099500000| Untracked 
| 406|0x0000000099600000, 0x0000000099600000, 0x0000000099700000|  0%| F|  |TAMS 0x0000000099600000| PB 0x0000000099600000| Untracked 
| 407|0x0000000099700000, 0x0000000099700000, 0x0000000099800000|  0%| F|  |TAMS 0x0000000099700000| PB 0x0000000099700000| Untracked 
| 408|0x0000000099800000, 0x0000000099800000, 0x0000000099900000|  0%| F|  |TAMS 0x0000000099800000| PB 0x0000000099800000| Untracked 
| 409|0x0000000099900000, 0x0000000099900000, 0x0000000099a00000|  0%| F|  |TAMS 0x0000000099900000| PB 0x0000000099900000| Untracked 
| 410|0x0000000099a00000, 0x0000000099a00000, 0x0000000099b00000|  0%| F|  |TAMS 0x0000000099a00000| PB 0x0000000099a00000| Untracked 
| 411|0x0000000099b00000, 0x0000000099b00000, 0x0000000099c00000|  0%| F|  |TAMS 0x0000000099b00000| PB 0x0000000099b00000| Untracked 
| 412|0x0000000099c00000, 0x0000000099c00000, 0x0000000099d00000|  0%| F|  |TAMS 0x0000000099c00000| PB 0x0000000099c00000| Untracked 
| 413|0x0000000099d00000, 0x0000000099d00000, 0x0000000099e00000|  0%| F|  |TAMS 0x0000000099d00000| PB 0x0000000099d00000| Untracked 
| 414|0x0000000099e00000, 0x0000000099e00000, 0x0000000099f00000|  0%| F|  |TAMS 0x0000000099e00000| PB 0x0000000099e00000| Untracked 
| 415|0x0000000099f00000, 0x0000000099f00000, 0x000000009a000000|  0%| F|  |TAMS 0x0000000099f00000| PB 0x0000000099f00000| Untracked 
| 416|0x000000009a000000, 0x000000009a000000, 0x000000009a100000|  0%| F|  |TAMS 0x000000009a000000| PB 0x000000009a000000| Untracked 
| 417|0x000000009a100000, 0x000000009a100000, 0x000000009a200000|  0%| F|  |TAMS 0x000000009a100000| PB 0x000000009a100000| Untracked 
| 418|0x000000009a200000, 0x000000009a200000, 0x000000009a300000|  0%| F|  |TAMS 0x000000009a200000| PB 0x000000009a200000| Untracked 
| 419|0x000000009a300000, 0x000000009a300000, 0x000000009a400000|  0%| F|  |TAMS 0x000000009a300000| PB 0x000000009a300000| Untracked 
| 420|0x000000009a400000, 0x000000009a400000, 0x000000009a500000|  0%| F|  |TAMS 0x000000009a400000| PB 0x000000009a400000| Untracked 
| 421|0x000000009a500000, 0x000000009a500000, 0x000000009a600000|  0%| F|  |TAMS 0x000000009a500000| PB 0x000000009a500000| Untracked 
| 422|0x000000009a600000, 0x000000009a600000, 0x000000009a700000|  0%| F|  |TAMS 0x000000009a600000| PB 0x000000009a600000| Untracked 
| 423|0x000000009a700000, 0x000000009a700000, 0x000000009a800000|  0%| F|  |TAMS 0x000000009a700000| PB 0x000000009a700000| Untracked 
| 424|0x000000009a800000, 0x000000009a800000, 0x000000009a900000|  0%| F|  |TAMS 0x000000009a800000| PB 0x000000009a800000| Untracked 
| 425|0x000000009a900000, 0x000000009a900000, 0x000000009aa00000|  0%| F|  |TAMS 0x000000009a900000| PB 0x000000009a900000| Untracked 
| 426|0x000000009aa00000, 0x000000009aa00000, 0x000000009ab00000|  0%| F|  |TAMS 0x000000009aa00000| PB 0x000000009aa00000| Untracked 
| 427|0x000000009ab00000, 0x000000009ab00000, 0x000000009ac00000|  0%| F|  |TAMS 0x000000009ab00000| PB 0x000000009ab00000| Untracked 
| 428|0x000000009ac00000, 0x000000009ac00000, 0x000000009ad00000|  0%| F|  |TAMS 0x000000009ac00000| PB 0x000000009ac00000| Untracked 
| 429|0x000000009ad00000, 0x000000009ad00000, 0x000000009ae00000|  0%| F|  |TAMS 0x000000009ad00000| PB 0x000000009ad00000| Untracked 
| 430|0x000000009ae00000, 0x000000009ae00000, 0x000000009af00000|  0%| F|  |TAMS 0x000000009ae00000| PB 0x000000009ae00000| Untracked 
| 431|0x000000009af00000, 0x000000009af00000, 0x000000009b000000|  0%| F|  |TAMS 0x000000009af00000| PB 0x000000009af00000| Untracked 
| 432|0x000000009b000000, 0x000000009b080000, 0x000000009b100000| 50%| E|  |TAMS 0x000000009b000000| PB 0x000000009b000000| Complete 
| 433|0x000000009b100000, 0x000000009b200000, 0x000000009b200000|100%| E|CS|TAMS 0x000000009b100000| PB 0x000000009b100000| Complete 
| 434|0x000000009b200000, 0x000000009b300000, 0x000000009b300000|100%| E|CS|TAMS 0x000000009b200000| PB 0x000000009b200000| Complete 
| 435|0x000000009b300000, 0x000000009b400000, 0x000000009b400000|100%| E|CS|TAMS 0x000000009b300000| PB 0x000000009b300000| Complete 
| 436|0x000000009b400000, 0x000000009b500000, 0x000000009b500000|100%| E|CS|TAMS 0x000000009b400000| PB 0x000000009b400000| Complete 
| 437|0x000000009b500000, 0x000000009b600000, 0x000000009b600000|100%| E|CS|TAMS 0x000000009b500000| PB 0x000000009b500000| Complete 
| 438|0x000000009b600000, 0x000000009b700000, 0x000000009b700000|100%| E|CS|TAMS 0x000000009b600000| PB 0x000000009b600000| Complete 
| 439|0x000000009b700000, 0x000000009b800000, 0x000000009b800000|100%| E|CS|TAMS 0x000000009b700000| PB 0x000000009b700000| Complete 
| 440|0x000000009b800000, 0x000000009b900000, 0x000000009b900000|100%| E|CS|TAMS 0x000000009b800000| PB 0x000000009b800000| Complete 
| 441|0x000000009b900000, 0x000000009ba00000, 0x000000009ba00000|100%| E|CS|TAMS 0x000000009b900000| PB 0x000000009b900000| Complete 
| 442|0x000000009ba00000, 0x000000009bb00000, 0x000000009bb00000|100%| E|CS|TAMS 0x000000009ba00000| PB 0x000000009ba00000| Complete 
| 443|0x000000009bb00000, 0x000000009bc00000, 0x000000009bc00000|100%| E|CS|TAMS 0x000000009bb00000| PB 0x000000009bb00000| Complete 
| 444|0x000000009bc00000, 0x000000009bd00000, 0x000000009bd00000|100%| E|CS|TAMS 0x000000009bc00000| PB 0x000000009bc00000| Complete 
| 445|0x000000009bd00000, 0x000000009be00000, 0x000000009be00000|100%| E|CS|TAMS 0x000000009bd00000| PB 0x000000009bd00000| Complete 
| 446|0x000000009be00000, 0x000000009bf00000, 0x000000009bf00000|100%| E|CS|TAMS 0x000000009be00000| PB 0x000000009be00000| Complete 
| 447|0x000000009bf00000, 0x000000009c000000, 0x000000009c000000|100%| E|CS|TAMS 0x000000009bf00000| PB 0x000000009bf00000| Complete 
| 448|0x000000009c000000, 0x000000009c100000, 0x000000009c100000|100%| E|CS|TAMS 0x000000009c000000| PB 0x000000009c000000| Complete 
| 449|0x000000009c100000, 0x000000009c200000, 0x000000009c200000|100%| E|CS|TAMS 0x000000009c100000| PB 0x000000009c100000| Complete 
| 450|0x000000009c200000, 0x000000009c300000, 0x000000009c300000|100%| E|CS|TAMS 0x000000009c200000| PB 0x000000009c200000| Complete 
| 451|0x000000009c300000, 0x000000009c400000, 0x000000009c400000|100%| E|CS|TAMS 0x000000009c300000| PB 0x000000009c300000| Complete 
| 452|0x000000009c400000, 0x000000009c500000, 0x000000009c500000|100%| E|CS|TAMS 0x000000009c400000| PB 0x000000009c400000| Complete 
| 453|0x000000009c500000, 0x000000009c600000, 0x000000009c600000|100%| E|CS|TAMS 0x000000009c500000| PB 0x000000009c500000| Complete 
| 454|0x000000009c600000, 0x000000009c700000, 0x000000009c700000|100%| E|CS|TAMS 0x000000009c600000| PB 0x000000009c600000| Complete 
| 455|0x000000009c700000, 0x000000009c800000, 0x000000009c800000|100%| E|CS|TAMS 0x000000009c700000| PB 0x000000009c700000| Complete 
| 456|0x000000009c800000, 0x000000009c900000, 0x000000009c900000|100%| E|CS|TAMS 0x000000009c800000| PB 0x000000009c800000| Complete 
| 457|0x000000009c900000, 0x000000009ca00000, 0x000000009ca00000|100%| E|CS|TAMS 0x000000009c900000| PB 0x000000009c900000| Complete 
| 458|0x000000009ca00000, 0x000000009cb00000, 0x000000009cb00000|100%| E|CS|TAMS 0x000000009ca00000| PB 0x000000009ca00000| Complete 
| 459|0x000000009cb00000, 0x000000009cc00000, 0x000000009cc00000|100%| E|CS|TAMS 0x000000009cb00000| PB 0x000000009cb00000| Complete 
| 460|0x000000009cc00000, 0x000000009cd00000, 0x000000009cd00000|100%| E|CS|TAMS 0x000000009cc00000| PB 0x000000009cc00000| Complete 
| 461|0x000000009cd00000, 0x000000009ce00000, 0x000000009ce00000|100%| E|CS|TAMS 0x000000009cd00000| PB 0x000000009cd00000| Complete 
| 462|0x000000009ce00000, 0x000000009cf00000, 0x000000009cf00000|100%| E|CS|TAMS 0x000000009ce00000| PB 0x000000009ce00000| Complete 
| 463|0x000000009cf00000, 0x000000009d000000, 0x000000009d000000|100%| E|CS|TAMS 0x000000009cf00000| PB 0x000000009cf00000| Complete 
| 464|0x000000009d000000, 0x000000009d100000, 0x000000009d100000|100%| E|CS|TAMS 0x000000009d000000| PB 0x000000009d000000| Complete 
| 465|0x000000009d100000, 0x000000009d200000, 0x000000009d200000|100%| E|CS|TAMS 0x000000009d100000| PB 0x000000009d100000| Complete 
| 466|0x000000009d200000, 0x000000009d300000, 0x000000009d300000|100%| E|CS|TAMS 0x000000009d200000| PB 0x000000009d200000| Complete 
| 467|0x000000009d300000, 0x000000009d400000, 0x000000009d400000|100%| E|CS|TAMS 0x000000009d300000| PB 0x000000009d300000| Complete 
| 468|0x000000009d400000, 0x000000009d500000, 0x000000009d500000|100%| E|CS|TAMS 0x000000009d400000| PB 0x000000009d400000| Complete 
| 469|0x000000009d500000, 0x000000009d600000, 0x000000009d600000|100%| E|CS|TAMS 0x000000009d500000| PB 0x000000009d500000| Complete 
| 470|0x000000009d600000, 0x000000009d700000, 0x000000009d700000|100%| E|CS|TAMS 0x000000009d600000| PB 0x000000009d600000| Complete 
| 471|0x000000009d700000, 0x000000009d800000, 0x000000009d800000|100%| E|CS|TAMS 0x000000009d700000| PB 0x000000009d700000| Complete 
| 472|0x000000009d800000, 0x000000009d900000, 0x000000009d900000|100%| E|CS|TAMS 0x000000009d800000| PB 0x000000009d800000| Complete 
| 473|0x000000009d900000, 0x000000009da00000, 0x000000009da00000|100%| E|CS|TAMS 0x000000009d900000| PB 0x000000009d900000| Complete 
| 474|0x000000009da00000, 0x000000009db00000, 0x000000009db00000|100%| E|CS|TAMS 0x000000009da00000| PB 0x000000009da00000| Complete 
| 475|0x000000009db00000, 0x000000009dc00000, 0x000000009dc00000|100%| E|CS|TAMS 0x000000009db00000| PB 0x000000009db00000| Complete 
| 476|0x000000009dc00000, 0x000000009dd00000, 0x000000009dd00000|100%| E|CS|TAMS 0x000000009dc00000| PB 0x000000009dc00000| Complete 
| 477|0x000000009dd00000, 0x000000009de00000, 0x000000009de00000|100%| E|CS|TAMS 0x000000009dd00000| PB 0x000000009dd00000| Complete 
| 478|0x000000009de00000, 0x000000009df00000, 0x000000009df00000|100%| E|CS|TAMS 0x000000009de00000| PB 0x000000009de00000| Complete 
| 479|0x000000009df00000, 0x000000009e000000, 0x000000009e000000|100%| E|CS|TAMS 0x000000009df00000| PB 0x000000009df00000| Complete 
| 480|0x000000009e000000, 0x000000009e100000, 0x000000009e100000|100%| E|CS|TAMS 0x000000009e000000| PB 0x000000009e000000| Complete 
| 481|0x000000009e100000, 0x000000009e200000, 0x000000009e200000|100%| E|CS|TAMS 0x000000009e100000| PB 0x000000009e100000| Complete 
| 482|0x000000009e200000, 0x000000009e300000, 0x000000009e300000|100%| E|CS|TAMS 0x000000009e200000| PB 0x000000009e200000| Complete 
| 483|0x000000009e300000, 0x000000009e400000, 0x000000009e400000|100%| E|CS|TAMS 0x000000009e300000| PB 0x000000009e300000| Complete 
| 484|0x000000009e400000, 0x000000009e500000, 0x000000009e500000|100%| E|CS|TAMS 0x000000009e400000| PB 0x000000009e400000| Complete 
| 485|0x000000009e500000, 0x000000009e600000, 0x000000009e600000|100%| E|CS|TAMS 0x000000009e500000| PB 0x000000009e500000| Complete 
| 486|0x000000009e600000, 0x000000009e700000, 0x000000009e700000|100%| E|CS|TAMS 0x000000009e600000| PB 0x000000009e600000| Complete 
| 487|0x000000009e700000, 0x000000009e800000, 0x000000009e800000|100%| E|CS|TAMS 0x000000009e700000| PB 0x000000009e700000| Complete 
| 488|0x000000009e800000, 0x000000009e900000, 0x000000009e900000|100%| E|CS|TAMS 0x000000009e800000| PB 0x000000009e800000| Complete 
| 489|0x000000009e900000, 0x000000009ea00000, 0x000000009ea00000|100%| E|CS|TAMS 0x000000009e900000| PB 0x000000009e900000| Complete 
| 490|0x000000009ea00000, 0x000000009eb00000, 0x000000009eb00000|100%| E|CS|TAMS 0x000000009ea00000| PB 0x000000009ea00000| Complete 
| 491|0x000000009eb00000, 0x000000009ec00000, 0x000000009ec00000|100%| E|CS|TAMS 0x000000009eb00000| PB 0x000000009eb00000| Complete 
| 492|0x000000009ec00000, 0x000000009ed00000, 0x000000009ed00000|100%| E|CS|TAMS 0x000000009ec00000| PB 0x000000009ec00000| Complete 
| 493|0x000000009ed00000, 0x000000009ee00000, 0x000000009ee00000|100%| E|CS|TAMS 0x000000009ed00000| PB 0x000000009ed00000| Complete 
| 494|0x000000009ee00000, 0x000000009ef00000, 0x000000009ef00000|100%| E|CS|TAMS 0x000000009ee00000| PB 0x000000009ee00000| Complete 
| 495|0x000000009ef00000, 0x000000009f000000, 0x000000009f000000|100%| E|CS|TAMS 0x000000009ef00000| PB 0x000000009ef00000| Complete 
| 496|0x000000009f000000, 0x000000009f100000, 0x000000009f100000|100%| E|CS|TAMS 0x000000009f000000| PB 0x000000009f000000| Complete 
| 497|0x000000009f100000, 0x000000009f200000, 0x000000009f200000|100%| E|CS|TAMS 0x000000009f100000| PB 0x000000009f100000| Complete 
| 498|0x000000009f200000, 0x000000009f300000, 0x000000009f300000|100%| E|CS|TAMS 0x000000009f200000| PB 0x000000009f200000| Complete 
| 499|0x000000009f300000, 0x000000009f400000, 0x000000009f400000|100%| E|CS|TAMS 0x000000009f300000| PB 0x000000009f300000| Complete 
| 500|0x000000009f400000, 0x000000009f500000, 0x000000009f500000|100%| E|CS|TAMS 0x000000009f400000| PB 0x000000009f400000| Complete 
| 501|0x000000009f500000, 0x000000009f600000, 0x000000009f600000|100%| E|CS|TAMS 0x000000009f500000| PB 0x000000009f500000| Complete 
| 502|0x000000009f600000, 0x000000009f700000, 0x000000009f700000|100%| E|CS|TAMS 0x000000009f600000| PB 0x000000009f600000| Complete 
| 503|0x000000009f700000, 0x000000009f800000, 0x000000009f800000|100%| E|CS|TAMS 0x000000009f700000| PB 0x000000009f700000| Complete 
| 504|0x000000009f800000, 0x000000009f900000, 0x000000009f900000|100%| E|CS|TAMS 0x000000009f800000| PB 0x000000009f800000| Complete 
| 505|0x000000009f900000, 0x000000009fa00000, 0x000000009fa00000|100%| E|CS|TAMS 0x000000009f900000| PB 0x000000009f900000| Complete 
| 506|0x000000009fa00000, 0x000000009fb00000, 0x000000009fb00000|100%| E|CS|TAMS 0x000000009fa00000| PB 0x000000009fa00000| Complete 
| 507|0x000000009fb00000, 0x000000009fc00000, 0x000000009fc00000|100%| E|CS|TAMS 0x000000009fb00000| PB 0x000000009fb00000| Complete 
| 508|0x000000009fc00000, 0x000000009fd00000, 0x000000009fd00000|100%| E|CS|TAMS 0x000000009fc00000| PB 0x000000009fc00000| Complete 
| 509|0x000000009fd00000, 0x000000009fe00000, 0x000000009fe00000|100%| E|CS|TAMS 0x000000009fd00000| PB 0x000000009fd00000| Complete 
| 510|0x000000009fe00000, 0x000000009ff00000, 0x000000009ff00000|100%| E|CS|TAMS 0x000000009fe00000| PB 0x000000009fe00000| Complete 
| 511|0x000000009ff00000, 0x00000000a0000000, 0x00000000a0000000|100%| E|CS|TAMS 0x000000009ff00000| PB 0x000000009ff00000| Complete 
| 512|0x00000000a0000000, 0x00000000a0100000, 0x00000000a0100000|100%| E|CS|TAMS 0x00000000a0000000| PB 0x00000000a0000000| Complete 
| 513|0x00000000a0100000, 0x00000000a0200000, 0x00000000a0200000|100%| E|CS|TAMS 0x00000000a0100000| PB 0x00000000a0100000| Complete 
| 514|0x00000000a0200000, 0x00000000a0300000, 0x00000000a0300000|100%| E|CS|TAMS 0x00000000a0200000| PB 0x00000000a0200000| Complete 
| 515|0x00000000a0300000, 0x00000000a0400000, 0x00000000a0400000|100%| E|CS|TAMS 0x00000000a0300000| PB 0x00000000a0300000| Complete 
| 516|0x00000000a0400000, 0x00000000a0500000, 0x00000000a0500000|100%| E|CS|TAMS 0x00000000a0400000| PB 0x00000000a0400000| Complete 
| 517|0x00000000a0500000, 0x00000000a0600000, 0x00000000a0600000|100%| E|CS|TAMS 0x00000000a0500000| PB 0x00000000a0500000| Complete 
| 518|0x00000000a0600000, 0x00000000a0700000, 0x00000000a0700000|100%| E|CS|TAMS 0x00000000a0600000| PB 0x00000000a0600000| Complete 
| 519|0x00000000a0700000, 0x00000000a0800000, 0x00000000a0800000|100%| E|CS|TAMS 0x00000000a0700000| PB 0x00000000a0700000| Complete 
| 520|0x00000000a0800000, 0x00000000a0900000, 0x00000000a0900000|100%| E|CS|TAMS 0x00000000a0800000| PB 0x00000000a0800000| Complete 
| 521|0x00000000a0900000, 0x00000000a0a00000, 0x00000000a0a00000|100%| E|CS|TAMS 0x00000000a0900000| PB 0x00000000a0900000| Complete 
| 522|0x00000000a0a00000, 0x00000000a0b00000, 0x00000000a0b00000|100%| E|CS|TAMS 0x00000000a0a00000| PB 0x00000000a0a00000| Complete 
| 523|0x00000000a0b00000, 0x00000000a0c00000, 0x00000000a0c00000|100%| E|CS|TAMS 0x00000000a0b00000| PB 0x00000000a0b00000| Complete 
| 524|0x00000000a0c00000, 0x00000000a0d00000, 0x00000000a0d00000|100%| E|CS|TAMS 0x00000000a0c00000| PB 0x00000000a0c00000| Complete 
| 525|0x00000000a0d00000, 0x00000000a0e00000, 0x00000000a0e00000|100%| E|CS|TAMS 0x00000000a0d00000| PB 0x00000000a0d00000| Complete 
| 526|0x00000000a0e00000, 0x00000000a0f00000, 0x00000000a0f00000|100%| E|CS|TAMS 0x00000000a0e00000| PB 0x00000000a0e00000| Complete 
| 527|0x00000000a0f00000, 0x00000000a1000000, 0x00000000a1000000|100%| E|CS|TAMS 0x00000000a0f00000| PB 0x00000000a0f00000| Complete 
| 528|0x00000000a1000000, 0x00000000a1100000, 0x00000000a1100000|100%| E|CS|TAMS 0x00000000a1000000| PB 0x00000000a1000000| Complete 
| 529|0x00000000a1100000, 0x00000000a1200000, 0x00000000a1200000|100%| E|CS|TAMS 0x00000000a1100000| PB 0x00000000a1100000| Complete 
| 530|0x00000000a1200000, 0x00000000a1300000, 0x00000000a1300000|100%| E|CS|TAMS 0x00000000a1200000| PB 0x00000000a1200000| Complete 
| 531|0x00000000a1300000, 0x00000000a1400000, 0x00000000a1400000|100%| E|CS|TAMS 0x00000000a1300000| PB 0x00000000a1300000| Complete 
| 532|0x00000000a1400000, 0x00000000a1500000, 0x00000000a1500000|100%| E|CS|TAMS 0x00000000a1400000| PB 0x00000000a1400000| Complete 
| 533|0x00000000a1500000, 0x00000000a1600000, 0x00000000a1600000|100%| E|CS|TAMS 0x00000000a1500000| PB 0x00000000a1500000| Complete 
| 534|0x00000000a1600000, 0x00000000a1700000, 0x00000000a1700000|100%| E|CS|TAMS 0x00000000a1600000| PB 0x00000000a1600000| Complete 
| 535|0x00000000a1700000, 0x00000000a1800000, 0x00000000a1800000|100%| E|CS|TAMS 0x00000000a1700000| PB 0x00000000a1700000| Complete 
| 536|0x00000000a1800000, 0x00000000a1900000, 0x00000000a1900000|100%| E|CS|TAMS 0x00000000a1800000| PB 0x00000000a1800000| Complete 
| 537|0x00000000a1900000, 0x00000000a1a00000, 0x00000000a1a00000|100%| E|CS|TAMS 0x00000000a1900000| PB 0x00000000a1900000| Complete 
| 538|0x00000000a1a00000, 0x00000000a1b00000, 0x00000000a1b00000|100%| E|CS|TAMS 0x00000000a1a00000| PB 0x00000000a1a00000| Complete 
| 539|0x00000000a1b00000, 0x00000000a1c00000, 0x00000000a1c00000|100%| E|CS|TAMS 0x00000000a1b00000| PB 0x00000000a1b00000| Complete 
| 540|0x00000000a1c00000, 0x00000000a1d00000, 0x00000000a1d00000|100%| E|CS|TAMS 0x00000000a1c00000| PB 0x00000000a1c00000| Complete 
| 541|0x00000000a1d00000, 0x00000000a1e00000, 0x00000000a1e00000|100%| E|CS|TAMS 0x00000000a1d00000| PB 0x00000000a1d00000| Complete 
| 542|0x00000000a1e00000, 0x00000000a1f00000, 0x00000000a1f00000|100%| E|CS|TAMS 0x00000000a1e00000| PB 0x00000000a1e00000| Complete 
| 543|0x00000000a1f00000, 0x00000000a2000000, 0x00000000a2000000|100%| E|CS|TAMS 0x00000000a1f00000| PB 0x00000000a1f00000| Complete 
| 544|0x00000000a2000000, 0x00000000a2100000, 0x00000000a2100000|100%| E|CS|TAMS 0x00000000a2000000| PB 0x00000000a2000000| Complete 
| 545|0x00000000a2100000, 0x00000000a2200000, 0x00000000a2200000|100%| E|CS|TAMS 0x00000000a2100000| PB 0x00000000a2100000| Complete 
| 546|0x00000000a2200000, 0x00000000a2300000, 0x00000000a2300000|100%| E|CS|TAMS 0x00000000a2200000| PB 0x00000000a2200000| Complete 
| 547|0x00000000a2300000, 0x00000000a2400000, 0x00000000a2400000|100%| E|CS|TAMS 0x00000000a2300000| PB 0x00000000a2300000| Complete 
| 548|0x00000000a2400000, 0x00000000a2500000, 0x00000000a2500000|100%| E|CS|TAMS 0x00000000a2400000| PB 0x00000000a2400000| Complete 
| 549|0x00000000a2500000, 0x00000000a2600000, 0x00000000a2600000|100%| E|CS|TAMS 0x00000000a2500000| PB 0x00000000a2500000| Complete 
| 550|0x00000000a2600000, 0x00000000a2700000, 0x00000000a2700000|100%| E|CS|TAMS 0x00000000a2600000| PB 0x00000000a2600000| Complete 
| 551|0x00000000a2700000, 0x00000000a2800000, 0x00000000a2800000|100%| E|CS|TAMS 0x00000000a2700000| PB 0x00000000a2700000| Complete 
| 552|0x00000000a2800000, 0x00000000a2900000, 0x00000000a2900000|100%| E|CS|TAMS 0x00000000a2800000| PB 0x00000000a2800000| Complete 
| 553|0x00000000a2900000, 0x00000000a2a00000, 0x00000000a2a00000|100%| E|CS|TAMS 0x00000000a2900000| PB 0x00000000a2900000| Complete 
| 554|0x00000000a2a00000, 0x00000000a2b00000, 0x00000000a2b00000|100%| E|CS|TAMS 0x00000000a2a00000| PB 0x00000000a2a00000| Complete 
| 555|0x00000000a2b00000, 0x00000000a2c00000, 0x00000000a2c00000|100%| E|CS|TAMS 0x00000000a2b00000| PB 0x00000000a2b00000| Complete 
| 556|0x00000000a2c00000, 0x00000000a2d00000, 0x00000000a2d00000|100%| E|CS|TAMS 0x00000000a2c00000| PB 0x00000000a2c00000| Complete 
| 557|0x00000000a2d00000, 0x00000000a2e00000, 0x00000000a2e00000|100%| E|  |TAMS 0x00000000a2d00000| PB 0x00000000a2d00000| Complete 
| 558|0x00000000a2e00000, 0x00000000a2f00000, 0x00000000a2f00000|100%| E|CS|TAMS 0x00000000a2e00000| PB 0x00000000a2e00000| Complete 
| 559|0x00000000a2f00000, 0x00000000a3000000, 0x00000000a3000000|100%| E|CS|TAMS 0x00000000a2f00000| PB 0x00000000a2f00000| Complete 
| 560|0x00000000a3000000, 0x00000000a3100000, 0x00000000a3100000|100%| E|CS|TAMS 0x00000000a3000000| PB 0x00000000a3000000| Complete 
| 561|0x00000000a3100000, 0x00000000a3200000, 0x00000000a3200000|100%| E|CS|TAMS 0x00000000a3100000| PB 0x00000000a3100000| Complete 
| 562|0x00000000a3200000, 0x00000000a3300000, 0x00000000a3300000|100%| E|CS|TAMS 0x00000000a3200000| PB 0x00000000a3200000| Complete 
| 563|0x00000000a3300000, 0x00000000a3400000, 0x00000000a3400000|100%| E|CS|TAMS 0x00000000a3300000| PB 0x00000000a3300000| Complete 
| 564|0x00000000a3400000, 0x00000000a3500000, 0x00000000a3500000|100%| E|CS|TAMS 0x00000000a3400000| PB 0x00000000a3400000| Complete 
| 565|0x00000000a3500000, 0x00000000a3600000, 0x00000000a3600000|100%| E|CS|TAMS 0x00000000a3500000| PB 0x00000000a3500000| Complete 
| 566|0x00000000a3600000, 0x00000000a3700000, 0x00000000a3700000|100%| E|CS|TAMS 0x00000000a3600000| PB 0x00000000a3600000| Complete 
| 567|0x00000000a3700000, 0x00000000a3800000, 0x00000000a3800000|100%| E|CS|TAMS 0x00000000a3700000| PB 0x00000000a3700000| Complete 
| 568|0x00000000a3800000, 0x00000000a3900000, 0x00000000a3900000|100%| E|CS|TAMS 0x00000000a3800000| PB 0x00000000a3800000| Complete 
| 569|0x00000000a3900000, 0x00000000a3a00000, 0x00000000a3a00000|100%| E|CS|TAMS 0x00000000a3900000| PB 0x00000000a3900000| Complete 
| 570|0x00000000a3a00000, 0x00000000a3b00000, 0x00000000a3b00000|100%| E|CS|TAMS 0x00000000a3a00000| PB 0x00000000a3a00000| Complete 
| 571|0x00000000a3b00000, 0x00000000a3c00000, 0x00000000a3c00000|100%| E|CS|TAMS 0x00000000a3b00000| PB 0x00000000a3b00000| Complete 
| 572|0x00000000a3c00000, 0x00000000a3d00000, 0x00000000a3d00000|100%| E|CS|TAMS 0x00000000a3c00000| PB 0x00000000a3c00000| Complete 
| 573|0x00000000a3d00000, 0x00000000a3e00000, 0x00000000a3e00000|100%| E|CS|TAMS 0x00000000a3d00000| PB 0x00000000a3d00000| Complete 
| 574|0x00000000a3e00000, 0x00000000a3f00000, 0x00000000a3f00000|100%| E|CS|TAMS 0x00000000a3e00000| PB 0x00000000a3e00000| Complete 
| 575|0x00000000a3f00000, 0x00000000a4000000, 0x00000000a4000000|100%| E|CS|TAMS 0x00000000a3f00000| PB 0x00000000a3f00000| Complete 
| 576|0x00000000a4000000, 0x00000000a4100000, 0x00000000a4100000|100%| E|CS|TAMS 0x00000000a4000000| PB 0x00000000a4000000| Complete 
| 577|0x00000000a4100000, 0x00000000a4200000, 0x00000000a4200000|100%| E|CS|TAMS 0x00000000a4100000| PB 0x00000000a4100000| Complete 
| 578|0x00000000a4200000, 0x00000000a4300000, 0x00000000a4300000|100%| E|CS|TAMS 0x00000000a4200000| PB 0x00000000a4200000| Complete 
| 579|0x00000000a4300000, 0x00000000a4400000, 0x00000000a4400000|100%| E|CS|TAMS 0x00000000a4300000| PB 0x00000000a4300000| Complete 
| 580|0x00000000a4400000, 0x00000000a4500000, 0x00000000a4500000|100%| E|CS|TAMS 0x00000000a4400000| PB 0x00000000a4400000| Complete 
| 581|0x00000000a4500000, 0x00000000a4600000, 0x00000000a4600000|100%| E|CS|TAMS 0x00000000a4500000| PB 0x00000000a4500000| Complete 
| 582|0x00000000a4600000, 0x00000000a4700000, 0x00000000a4700000|100%| E|CS|TAMS 0x00000000a4600000| PB 0x00000000a4600000| Complete 
| 583|0x00000000a4700000, 0x00000000a4800000, 0x00000000a4800000|100%| E|CS|TAMS 0x00000000a4700000| PB 0x00000000a4700000| Complete 
| 584|0x00000000a4800000, 0x00000000a4900000, 0x00000000a4900000|100%| E|CS|TAMS 0x00000000a4800000| PB 0x00000000a4800000| Complete 
| 585|0x00000000a4900000, 0x00000000a4a00000, 0x00000000a4a00000|100%| E|CS|TAMS 0x00000000a4900000| PB 0x00000000a4900000| Complete 
| 586|0x00000000a4a00000, 0x00000000a4b00000, 0x00000000a4b00000|100%| E|CS|TAMS 0x00000000a4a00000| PB 0x00000000a4a00000| Complete 
| 587|0x00000000a4b00000, 0x00000000a4c00000, 0x00000000a4c00000|100%| E|CS|TAMS 0x00000000a4b00000| PB 0x00000000a4b00000| Complete 
| 588|0x00000000a4c00000, 0x00000000a4d00000, 0x00000000a4d00000|100%| E|CS|TAMS 0x00000000a4c00000| PB 0x00000000a4c00000| Complete 
| 589|0x00000000a4d00000, 0x00000000a4e00000, 0x00000000a4e00000|100%| E|CS|TAMS 0x00000000a4d00000| PB 0x00000000a4d00000| Complete 
| 590|0x00000000a4e00000, 0x00000000a4f00000, 0x00000000a4f00000|100%| E|CS|TAMS 0x00000000a4e00000| PB 0x00000000a4e00000| Complete 
| 591|0x00000000a4f00000, 0x00000000a5000000, 0x00000000a5000000|100%| E|CS|TAMS 0x00000000a4f00000| PB 0x00000000a4f00000| Complete 
| 592|0x00000000a5000000, 0x00000000a5100000, 0x00000000a5100000|100%| E|CS|TAMS 0x00000000a5000000| PB 0x00000000a5000000| Complete 
| 593|0x00000000a5100000, 0x00000000a5200000, 0x00000000a5200000|100%| E|CS|TAMS 0x00000000a5100000| PB 0x00000000a5100000| Complete 
| 594|0x00000000a5200000, 0x00000000a5300000, 0x00000000a5300000|100%| E|CS|TAMS 0x00000000a5200000| PB 0x00000000a5200000| Complete 
| 595|0x00000000a5300000, 0x00000000a5400000, 0x00000000a5400000|100%| E|CS|TAMS 0x00000000a5300000| PB 0x00000000a5300000| Complete 
| 596|0x00000000a5400000, 0x00000000a5500000, 0x00000000a5500000|100%| E|CS|TAMS 0x00000000a5400000| PB 0x00000000a5400000| Complete 
| 597|0x00000000a5500000, 0x00000000a5600000, 0x00000000a5600000|100%| E|CS|TAMS 0x00000000a5500000| PB 0x00000000a5500000| Complete 
| 598|0x00000000a5600000, 0x00000000a5700000, 0x00000000a5700000|100%| E|CS|TAMS 0x00000000a5600000| PB 0x00000000a5600000| Complete 
| 599|0x00000000a5700000, 0x00000000a5800000, 0x00000000a5800000|100%| E|CS|TAMS 0x00000000a5700000| PB 0x00000000a5700000| Complete 
| 600|0x00000000a5800000, 0x00000000a5900000, 0x00000000a5900000|100%| E|CS|TAMS 0x00000000a5800000| PB 0x00000000a5800000| Complete 
| 601|0x00000000a5900000, 0x00000000a5a00000, 0x00000000a5a00000|100%| E|CS|TAMS 0x00000000a5900000| PB 0x00000000a5900000| Complete 
| 602|0x00000000a5a00000, 0x00000000a5b00000, 0x00000000a5b00000|100%| E|CS|TAMS 0x00000000a5a00000| PB 0x00000000a5a00000| Complete 
| 603|0x00000000a5b00000, 0x00000000a5c00000, 0x00000000a5c00000|100%| E|CS|TAMS 0x00000000a5b00000| PB 0x00000000a5b00000| Complete 
| 604|0x00000000a5c00000, 0x00000000a5d00000, 0x00000000a5d00000|100%| E|CS|TAMS 0x00000000a5c00000| PB 0x00000000a5c00000| Complete 
| 605|0x00000000a5d00000, 0x00000000a5e00000, 0x00000000a5e00000|100%| E|CS|TAMS 0x00000000a5d00000| PB 0x00000000a5d00000| Complete 
| 606|0x00000000a5e00000, 0x00000000a5f00000, 0x00000000a5f00000|100%| E|CS|TAMS 0x00000000a5e00000| PB 0x00000000a5e00000| Complete 
| 607|0x00000000a5f00000, 0x00000000a6000000, 0x00000000a6000000|100%| E|CS|TAMS 0x00000000a5f00000| PB 0x00000000a5f00000| Complete 
| 608|0x00000000a6000000, 0x00000000a6100000, 0x00000000a6100000|100%| E|CS|TAMS 0x00000000a6000000| PB 0x00000000a6000000| Complete 
| 609|0x00000000a6100000, 0x00000000a6200000, 0x00000000a6200000|100%| E|CS|TAMS 0x00000000a6100000| PB 0x00000000a6100000| Complete 
| 610|0x00000000a6200000, 0x00000000a6300000, 0x00000000a6300000|100%| E|CS|TAMS 0x00000000a6200000| PB 0x00000000a6200000| Complete 
| 611|0x00000000a6300000, 0x00000000a6400000, 0x00000000a6400000|100%| E|CS|TAMS 0x00000000a6300000| PB 0x00000000a6300000| Complete 
| 612|0x00000000a6400000, 0x00000000a6500000, 0x00000000a6500000|100%| E|CS|TAMS 0x00000000a6400000| PB 0x00000000a6400000| Complete 
| 613|0x00000000a6500000, 0x00000000a6600000, 0x00000000a6600000|100%| E|CS|TAMS 0x00000000a6500000| PB 0x00000000a6500000| Complete 
| 614|0x00000000a6600000, 0x00000000a6700000, 0x00000000a6700000|100%| E|CS|TAMS 0x00000000a6600000| PB 0x00000000a6600000| Complete 
| 615|0x00000000a6700000, 0x00000000a6800000, 0x00000000a6800000|100%| E|CS|TAMS 0x00000000a6700000| PB 0x00000000a6700000| Complete 
| 616|0x00000000a6800000, 0x00000000a6900000, 0x00000000a6900000|100%| E|CS|TAMS 0x00000000a6800000| PB 0x00000000a6800000| Complete 
| 617|0x00000000a6900000, 0x00000000a6a00000, 0x00000000a6a00000|100%| E|CS|TAMS 0x00000000a6900000| PB 0x00000000a6900000| Complete 
| 618|0x00000000a6a00000, 0x00000000a6b00000, 0x00000000a6b00000|100%| E|CS|TAMS 0x00000000a6a00000| PB 0x00000000a6a00000| Complete 
| 619|0x00000000a6b00000, 0x00000000a6c00000, 0x00000000a6c00000|100%| E|CS|TAMS 0x00000000a6b00000| PB 0x00000000a6b00000| Complete 
| 620|0x00000000a6c00000, 0x00000000a6d00000, 0x00000000a6d00000|100%| E|CS|TAMS 0x00000000a6c00000| PB 0x00000000a6c00000| Complete 
| 621|0x00000000a6d00000, 0x00000000a6e00000, 0x00000000a6e00000|100%| E|CS|TAMS 0x00000000a6d00000| PB 0x00000000a6d00000| Complete 
| 622|0x00000000a6e00000, 0x00000000a6f00000, 0x00000000a6f00000|100%| E|CS|TAMS 0x00000000a6e00000| PB 0x00000000a6e00000| Complete 
| 623|0x00000000a6f00000, 0x00000000a7000000, 0x00000000a7000000|100%| E|CS|TAMS 0x00000000a6f00000| PB 0x00000000a6f00000| Complete 
| 624|0x00000000a7000000, 0x00000000a7100000, 0x00000000a7100000|100%| E|CS|TAMS 0x00000000a7000000| PB 0x00000000a7000000| Complete 
| 625|0x00000000a7100000, 0x00000000a7200000, 0x00000000a7200000|100%| E|CS|TAMS 0x00000000a7100000| PB 0x00000000a7100000| Complete 
| 626|0x00000000a7200000, 0x00000000a7300000, 0x00000000a7300000|100%| E|CS|TAMS 0x00000000a7200000| PB 0x00000000a7200000| Complete 
| 627|0x00000000a7300000, 0x00000000a7400000, 0x00000000a7400000|100%| E|CS|TAMS 0x00000000a7300000| PB 0x00000000a7300000| Complete 
| 628|0x00000000a7400000, 0x00000000a7500000, 0x00000000a7500000|100%| E|CS|TAMS 0x00000000a7400000| PB 0x00000000a7400000| Complete 
| 629|0x00000000a7500000, 0x00000000a7600000, 0x00000000a7600000|100%| E|CS|TAMS 0x00000000a7500000| PB 0x00000000a7500000| Complete 
| 630|0x00000000a7600000, 0x00000000a7700000, 0x00000000a7700000|100%| E|CS|TAMS 0x00000000a7600000| PB 0x00000000a7600000| Complete 
| 631|0x00000000a7700000, 0x00000000a7800000, 0x00000000a7800000|100%| E|CS|TAMS 0x00000000a7700000| PB 0x00000000a7700000| Complete 
| 995|0x00000000be300000, 0x00000000be400000, 0x00000000be400000|100%| E|CS|TAMS 0x00000000be300000| PB 0x00000000be300000| Complete 
| 996|0x00000000be400000, 0x00000000be500000, 0x00000000be500000|100%| E|CS|TAMS 0x00000000be400000| PB 0x00000000be400000| Complete 
| 997|0x00000000be500000, 0x00000000be600000, 0x00000000be600000|100%| E|CS|TAMS 0x00000000be500000| PB 0x00000000be500000| Complete 
|2019|0x00000000fe300000, 0x00000000fe400000, 0x00000000fe400000|100%| E|CS|TAMS 0x00000000fe300000| PB 0x00000000fe300000| Complete 
|2020|0x00000000fe400000, 0x00000000fe500000, 0x00000000fe500000|100%| E|CS|TAMS 0x00000000fe400000| PB 0x00000000fe400000| Complete 
|2021|0x00000000fe500000, 0x00000000fe600000, 0x00000000fe600000|100%| E|CS|TAMS 0x00000000fe500000| PB 0x00000000fe500000| Complete 
|2022|0x00000000fe600000, 0x00000000fe700000, 0x00000000fe700000|100%| E|CS|TAMS 0x00000000fe600000| PB 0x00000000fe600000| Complete 
|2023|0x00000000fe700000, 0x00000000fe800000, 0x00000000fe800000|100%| E|CS|TAMS 0x00000000fe700000| PB 0x00000000fe700000| Complete 
|2024|0x00000000fe800000, 0x00000000fe900000, 0x00000000fe900000|100%| E|CS|TAMS 0x00000000fe800000| PB 0x00000000fe800000| Complete 
|2025|0x00000000fe900000, 0x00000000fea00000, 0x00000000fea00000|100%| E|CS|TAMS 0x00000000fe900000| PB 0x00000000fe900000| Complete 
|2026|0x00000000fea00000, 0x00000000feb00000, 0x00000000feb00000|100%| E|CS|TAMS 0x00000000fea00000| PB 0x00000000fea00000| Complete 
|2027|0x00000000feb00000, 0x00000000fec00000, 0x00000000fec00000|100%| O|  |TAMS 0x00000000fec00000| PB 0x00000000feb00000| Untracked 
|2028|0x00000000fec00000, 0x00000000fed00000, 0x00000000fed00000|100%| E|CS|TAMS 0x00000000fec00000| PB 0x00000000fec00000| Complete 
|2029|0x00000000fed00000, 0x00000000fee00000, 0x00000000fee00000|100%| O|  |TAMS 0x00000000fee00000| PB 0x00000000fed00000| Updating 
|2030|0x00000000fee00000, 0x00000000fef00000, 0x00000000fef00000|100%| E|CS|TAMS 0x00000000fee00000| PB 0x00000000fee00000| Complete 
|2031|0x00000000fef00000, 0x00000000ff000000, 0x00000000ff000000|100%| E|CS|TAMS 0x00000000fef00000| PB 0x00000000fef00000| Complete 
|2032|0x00000000ff000000, 0x00000000ff100000, 0x00000000ff100000|100%| E|CS|TAMS 0x00000000ff000000| PB 0x00000000ff000000| Complete 
|2033|0x00000000ff100000, 0x00000000ff200000, 0x00000000ff200000|100%| E|CS|TAMS 0x00000000ff100000| PB 0x00000000ff100000| Complete 
|2034|0x00000000ff200000, 0x00000000ff300000, 0x00000000ff300000|100%| E|CS|TAMS 0x00000000ff200000| PB 0x00000000ff200000| Complete 
|2035|0x00000000ff300000, 0x00000000ff400000, 0x00000000ff400000|100%| E|CS|TAMS 0x00000000ff300000| PB 0x00000000ff300000| Complete 
|2036|0x00000000ff400000, 0x00000000ff500000, 0x00000000ff500000|100%| E|CS|TAMS 0x00000000ff400000| PB 0x00000000ff400000| Complete 
|2037|0x00000000ff500000, 0x00000000ff600000, 0x00000000ff600000|100%| E|CS|TAMS 0x00000000ff500000| PB 0x00000000ff500000| Complete 
|2038|0x00000000ff600000, 0x00000000ff700000, 0x00000000ff700000|100%| E|CS|TAMS 0x00000000ff600000| PB 0x00000000ff600000| Complete 
|2039|0x00000000ff700000, 0x00000000ff800000, 0x00000000ff800000|100%| E|CS|TAMS 0x00000000ff700000| PB 0x00000000ff700000| Complete 
|2040|0x00000000ff800000, 0x00000000ff900000, 0x00000000ff900000|100%| E|CS|TAMS 0x00000000ff800000| PB 0x00000000ff800000| Complete 
|2041|0x00000000ff900000, 0x00000000ffa00000, 0x00000000ffa00000|100%| O|  |TAMS 0x00000000ffa00000| PB 0x00000000ff900000| Untracked 
|2042|0x00000000ffa00000, 0x00000000ffb00000, 0x00000000ffb00000|100%| O|  |TAMS 0x00000000ffb00000| PB 0x00000000ffa00000| Untracked 
|2043|0x00000000ffb00000, 0x00000000ffc00000, 0x00000000ffc00000|100%| O|  |TAMS 0x00000000ffc00000| PB 0x00000000ffb00000| Untracked 
|2044|0x00000000ffc00000, 0x00000000ffd00000, 0x00000000ffd00000|100%| O|  |TAMS 0x00000000ffd00000| PB 0x00000000ffc00000| Untracked 
|2045|0x00000000ffd00000, 0x00000000ffe00000, 0x00000000ffe00000|100%| O|  |TAMS 0x00000000ffe00000| PB 0x00000000ffd00000| Untracked 
|2046|0x00000000ffe00000, 0x00000000fff00000, 0x00000000fff00000|100%| O|  |TAMS 0x00000000fff00000| PB 0x00000000ffe00000| Untracked 
|2047|0x00000000fff00000, 0x0000000100000000, 0x0000000100000000|100%| O|  |TAMS 0x0000000100000000| PB 0x00000000fff00000| Untracked 

Card table byte_map: [0x0000021e8f730000,0x0000021e8fb30000] _byte_map_base: 0x0000021e8f330000

Marking Bits: (CMBitMap*) 0x0000021efa7fe670
 Bits: [0x0000021e8fb30000, 0x0000021e91b30000)

Polling page: 0x0000021efa960000

Metaspace:

Usage:
  Non-class:    142.81 MB used.
      Class:     20.27 MB used.
       Both:    163.08 MB used.

Virtual space:
  Non-class space:      192.00 MB reserved,     144.00 MB ( 75%) committed,  3 nodes.
      Class space:        1.00 GB reserved,      21.44 MB (  2%) committed,  1 nodes.
             Both:        1.19 GB reserved,     165.44 MB ( 14%) committed. 

Chunk freelists:
   Non-Class:  15.62 MB
       Class:  10.50 MB
        Both:  26.13 MB

MaxMetaspaceSize: unlimited
CompressedClassSpaceSize: 1.00 GB
Initial GC threshold: 21.00 MB
Current GC threshold: 275.75 MB
CDS: off
 - commit_granule_bytes: 65536.
 - commit_granule_words: 8192.
 - virtual_space_node_default_size: 8388608.
 - enlarge_chunks_in_place: 1.
 - use_allocation_guard: 0.


Internal statistics:

num_allocs_failed_limit: 27.
num_arena_births: 4482.
num_arena_deaths: 10.
num_vsnodes_births: 4.
num_vsnodes_deaths: 0.
num_space_committed: 2645.
num_space_uncommitted: 0.
num_chunks_returned_to_freelist: 47.
num_chunks_taken_from_freelist: 10792.
num_chunk_merges: 24.
num_chunk_splits: 7670.
num_chunks_enlarged: 5478.
num_inconsistent_stats: 0.

CodeHeap 'non-profiled nmethods': size=120000Kb used=13665Kb max_used=16008Kb free=106334Kb
 bounds [0x0000021e87ad0000, 0x0000021e88a90000, 0x0000021e8f000000]
CodeHeap 'profiled nmethods': size=120000Kb used=35888Kb max_used=42853Kb free=84111Kb
 bounds [0x0000021e80000000, 0x0000021e829e0000, 0x0000021e87530000]
CodeHeap 'non-nmethods': size=5760Kb used=3155Kb max_used=3229Kb free=2604Kb
 bounds [0x0000021e87530000, 0x0000021e87860000, 0x0000021e87ad0000]
 total_blobs=18611 nmethods=17414 adapters=1097
 compilation: enabled
              stopped_count=0, restarted_count=0
 full_count=0

Compilation events (20 events):
Event: 225.175 Thread 0x0000021e949a2e40 nmethod 24291 0x0000021e87b00890 code [0x0000021e87b00a60, 0x0000021e87b010f0]
Event: 225.175 Thread 0x0000021e949a2e40 24290       4       org.gradle.internal.classpath.transforms.BaseClasspathElementTransform$$Lambda/0x000000010074eb80::visit (13 bytes)
Event: 225.188 Thread 0x0000021e949a38d0 24596       2       org.gradle.internal.classpath.ClassData$$Lambda/0x00000001007d5160::get (8 bytes)
Event: 225.190 Thread 0x0000021e949a38d0 nmethod 24596 0x0000021e800f1310 code [0x0000021e800f14e0, 0x0000021e800f1830]
Event: 225.190 Thread 0x0000021e949a38d0 24597       2       org.gradle.internal.classpath.ClassData::lambda$new$0 (16 bytes)
Event: 225.190 Thread 0x0000021e949a38d0 nmethod 24597 0x0000021e8040c290 code [0x0000021e8040c460, 0x0000021e8040c780]
Event: 225.337 Thread 0x0000021e949a38d0 24598       2       org.objectweb.asm.tree.MethodNode::visitInvokeDynamicInsn (20 bytes)
Event: 225.337 Thread 0x0000021e949a38d0 nmethod 24598 0x0000021e8021ba10 code [0x0000021e8021bbc0, 0x0000021e8021bef0]
Event: 225.338 Thread 0x0000021e949a38d0 24599       2       org.objectweb.asm.tree.InvokeDynamicInsnNode::<init> (29 bytes)
Event: 225.338 Thread 0x0000021e949a38d0 nmethod 24599 0x0000021e80542b90 code [0x0000021e80542d40, 0x0000021e80542fc0]
Event: 225.406 Thread 0x0000021e949a38d0 24600       2       java.util.concurrent.Executors$RunnableAdapter::call (14 bytes)
Event: 225.406 Thread 0x0000021e949a38d0 nmethod 24600 0x0000021e80411c90 code [0x0000021e80411e40, 0x0000021e80411f88]
Event: 225.582 Thread 0x0000021e949a38d0 24601   !   3       java.util.concurrent.ConcurrentHashMap::computeIfAbsent (576 bytes)
Event: 225.587 Thread 0x0000021e949a38d0 nmethod 24601 0x0000021e82192b90 code [0x0000021e82192fc0, 0x0000021e821950f8]
Event: 225.656 Thread 0x0000021e949a38d0 24602       3       org.gradle.api.internal.artifacts.transform.TransformWorkspaceIdentity::hashCode (8 bytes)
Event: 225.657 Thread 0x0000021e949a38d0 nmethod 24602 0x0000021e804b3610 code [0x0000021e804b37c0, 0x0000021e804b3900]
Event: 225.744 Thread 0x0000021e949a38d0 24603       3       org.gradle.internal.event.DefaultListenerManager$ListenerDetails::dispatch (9 bytes)
Event: 225.744 Thread 0x0000021e949a38d0 nmethod 24603 0x0000021e80555e90 code [0x0000021e80556040, 0x0000021e80556270]
Event: 225.841 Thread 0x0000021e949a38d0 24604       3       org.gradle.api.services.internal.RegisteredBuildServiceProvider::getType (8 bytes)
Event: 225.842 Thread 0x0000021e949a38d0 nmethod 24604 0x0000021e804bd710 code [0x0000021e804bd8c0, 0x0000021e804bda00]

GC Heap History (20 events):
Event: 179.976 GC heap before
{Heap before GC invocations=128 (full 0):
 garbage-first heap   total 679936K, used 637334K [0x0000000080000000, 0x0000000100000000)
  region size 1024K, 396 young (405504K), 8 survivors (8192K)
 Metaspace       used 161735K, committed 164096K, reserved 1245184K
  class space    used 20385K, committed 21568K, reserved 1048576K
}
Event: 180.244 GC heap after
{Heap after GC invocations=129 (full 0):
 garbage-first heap   total 679936K, used 246691K [0x0000000080000000, 0x0000000100000000)
  region size 1024K, 16 young (16384K), 16 survivors (16384K)
 Metaspace       used 161735K, committed 164096K, reserved 1245184K
  class space    used 20385K, committed 21568K, reserved 1048576K
}
Event: 217.663 GC heap before
{Heap before GC invocations=129 (full 0):
 garbage-first heap   total 679936K, used 589731K [0x0000000080000000, 0x0000000100000000)
  region size 1024K, 350 young (358400K), 16 survivors (16384K)
 Metaspace       used 166510K, committed 168896K, reserved 1245184K
  class space    used 20744K, committed 21952K, reserved 1048576K
}
Event: 217.807 GC heap after
{Heap after GC invocations=130 (full 0):
 garbage-first heap   total 679936K, used 262196K [0x0000000080000000, 0x0000000100000000)
  region size 1024K, 28 young (28672K), 28 survivors (28672K)
 Metaspace       used 166510K, committed 168896K, reserved 1245184K
  class space    used 20744K, committed 21952K, reserved 1048576K
}
Event: 217.875 GC heap before
{Heap before GC invocations=130 (full 0):
 garbage-first heap   total 679936K, used 284724K [0x0000000080000000, 0x0000000100000000)
  region size 1024K, 52 young (53248K), 28 survivors (28672K)
 Metaspace       used 166537K, committed 168960K, reserved 1245184K
  class space    used 20747K, committed 21952K, reserved 1048576K
}
Event: 218.055 GC heap after
{Heap after GC invocations=131 (full 0):
 garbage-first heap   total 679936K, used 262937K [0x0000000080000000, 0x0000000100000000)
  region size 1024K, 4 young (4096K), 4 survivors (4096K)
 Metaspace       used 166537K, committed 168960K, reserved 1245184K
  class space    used 20747K, committed 21952K, reserved 1048576K
}
Event: 219.263 GC heap before
{Heap before GC invocations=131 (full 0):
 garbage-first heap   total 679936K, used 637721K [0x0000000080000000, 0x0000000100000000)
  region size 1024K, 367 young (375808K), 4 survivors (4096K)
 Metaspace       used 166639K, committed 169088K, reserved 1245184K
  class space    used 20747K, committed 21952K, reserved 1048576K
}
Event: 219.293 GC heap after
{Heap after GC invocations=132 (full 0):
 garbage-first heap   total 679936K, used 275822K [0x0000000080000000, 0x0000000100000000)
  region size 1024K, 13 young (13312K), 13 survivors (13312K)
 Metaspace       used 166639K, committed 169088K, reserved 1245184K
  class space    used 20747K, committed 21952K, reserved 1048576K
}
Event: 220.421 GC heap before
{Heap before GC invocations=133 (full 0):
 garbage-first heap   total 679936K, used 631150K [0x0000000080000000, 0x0000000100000000)
  region size 1024K, 360 young (368640K), 13 survivors (13312K)
 Metaspace       used 166663K, committed 169088K, reserved 1245184K
  class space    used 20749K, committed 21952K, reserved 1048576K
}
Event: 220.444 GC heap after
{Heap after GC invocations=134 (full 0):
 garbage-first heap   total 679936K, used 285646K [0x0000000080000000, 0x0000000100000000)
  region size 1024K, 24 young (24576K), 24 survivors (24576K)
 Metaspace       used 166663K, committed 169088K, reserved 1245184K
  class space    used 20749K, committed 21952K, reserved 1048576K
}
Event: 222.001 GC heap before
{Heap before GC invocations=134 (full 0):
 garbage-first heap   total 679936K, used 619470K [0x0000000080000000, 0x0000000100000000)
  region size 1024K, 350 young (358400K), 24 survivors (24576K)
 Metaspace       used 166774K, committed 169152K, reserved 1245184K
  class space    used 20749K, committed 21952K, reserved 1048576K
}
Event: 222.103 GC heap after
{Heap after GC invocations=135 (full 0):
 garbage-first heap   total 679936K, used 308089K [0x0000000080000000, 0x0000000100000000)
  region size 1024K, 44 young (45056K), 44 survivors (45056K)
 Metaspace       used 166774K, committed 169152K, reserved 1245184K
  class space    used 20749K, committed 21952K, reserved 1048576K
}
Event: 222.373 GC heap before
{Heap before GC invocations=135 (full 0):
 garbage-first heap   total 679936K, used 412537K [0x0000000080000000, 0x0000000100000000)
  region size 1024K, 147 young (150528K), 44 survivors (45056K)
 Metaspace       used 166789K, committed 169216K, reserved 1245184K
  class space    used 20749K, committed 21952K, reserved 1048576K
}
Event: 222.422 GC heap after
{Heap after GC invocations=136 (full 0):
 garbage-first heap   total 679936K, used 314666K [0x0000000080000000, 0x0000000100000000)
  region size 1024K, 6 young (6144K), 6 survivors (6144K)
 Metaspace       used 166789K, committed 169216K, reserved 1245184K
  class space    used 20749K, committed 21952K, reserved 1048576K
}
Event: 223.700 GC heap before
{Heap before GC invocations=137 (full 0):
 garbage-first heap   total 679936K, used 631082K [0x0000000080000000, 0x0000000100000000)
  region size 1024K, 313 young (320512K), 6 survivors (6144K)
 Metaspace       used 166822K, committed 169216K, reserved 1245184K
  class space    used 20751K, committed 21952K, reserved 1048576K
}
Event: 223.711 GC heap after
{Heap after GC invocations=138 (full 0):
 garbage-first heap   total 679936K, used 315868K [0x0000000080000000, 0x0000000100000000)
  region size 1024K, 6 young (6144K), 6 survivors (6144K)
 Metaspace       used 166822K, committed 169216K, reserved 1245184K
  class space    used 20751K, committed 21952K, reserved 1048576K
}
Event: 224.365 GC heap before
{Heap before GC invocations=138 (full 0):
 garbage-first heap   total 679936K, used 639452K [0x0000000080000000, 0x0000000100000000)
  region size 1024K, 320 young (327680K), 6 survivors (6144K)
 Metaspace       used 166919K, committed 169344K, reserved 1245184K
  class space    used 20752K, committed 21952K, reserved 1048576K
}
Event: 224.399 GC heap after
{Heap after GC invocations=139 (full 0):
 garbage-first heap   total 679936K, used 320604K [0x0000000080000000, 0x0000000100000000)
  region size 1024K, 14 young (14336K), 14 survivors (14336K)
 Metaspace       used 166919K, committed 169344K, reserved 1245184K
  class space    used 20752K, committed 21952K, reserved 1048576K
}
Event: 225.230 GC heap before
{Heap before GC invocations=139 (full 0):
 garbage-first heap   total 679936K, used 628828K [0x0000000080000000, 0x0000000100000000)
  region size 1024K, 316 young (323584K), 14 survivors (14336K)
 Metaspace       used 166932K, committed 169408K, reserved 1245184K
  class space    used 20752K, committed 21952K, reserved 1048576K
}
Event: 225.250 GC heap after
{Heap after GC invocations=140 (full 0):
 garbage-first heap   total 679936K, used 322249K [0x0000000080000000, 0x0000000100000000)
  region size 1024K, 16 young (16384K), 16 survivors (16384K)
 Metaspace       used 166932K, committed 169408K, reserved 1245184K
  class space    used 20752K, committed 21952K, reserved 1048576K
}

Dll operation events (3 events):
Event: 0.017 Loaded shared library C:\Program Files\Android\Android Studio1\jbr\bin\java.dll
Event: 0.025 Loaded shared library C:\Program Files\Android\Android Studio1\jbr\bin\zip.dll
Event: 1.125 Loaded shared library C:\Program Files\Android\Android Studio1\jbr\bin\verify.dll

Deoptimization events (20 events):
Event: 225.069 Thread 0x0000021ea06795c0 DEOPT PACKING pc=0x0000021e87b12dc4 sp=0x00000060a36faf10
Event: 225.069 Thread 0x0000021ea06795c0 DEOPT UNPACKING pc=0x0000021e875846a2 sp=0x00000060a36fae60 mode 2
Event: 225.069 Thread 0x0000021ea06795c0 Uncommon trap: trap_request=0xffffffc6 fr.pc=0x0000021e888e9f40 relative=0x0000000000000320
Event: 225.069 Thread 0x0000021ea06795c0 Uncommon trap: reason=bimorphic_or_optimized_type_check action=maybe_recompile pc=0x0000021e888e9f40 method=com.google.common.collect.Sets$1$1.computeNext()Ljava/lang/Object; @ 4 c2
Event: 225.070 Thread 0x0000021ea06795c0 DEOPT PACKING pc=0x0000021e888e9f40 sp=0x00000060a36fad80
Event: 225.070 Thread 0x0000021ea06795c0 DEOPT UNPACKING pc=0x0000021e875846a2 sp=0x00000060a36fad40 mode 2
Event: 225.070 Thread 0x0000021ea06795c0 Uncommon trap: trap_request=0xffffffc6 fr.pc=0x0000021e888e9f40 relative=0x0000000000000320
Event: 225.070 Thread 0x0000021ea06795c0 Uncommon trap: reason=bimorphic_or_optimized_type_check action=maybe_recompile pc=0x0000021e888e9f40 method=com.google.common.collect.Sets$1$1.computeNext()Ljava/lang/Object; @ 4 c2
Event: 225.070 Thread 0x0000021ea06795c0 DEOPT PACKING pc=0x0000021e888e9f40 sp=0x00000060a36fad80
Event: 225.070 Thread 0x0000021ea06795c0 DEOPT UNPACKING pc=0x0000021e875846a2 sp=0x00000060a36fad40 mode 2
Event: 225.118 Thread 0x0000021e9c2568b0 DEOPT PACKING pc=0x0000021e811d53b5 sp=0x00000060a3afa6d0
Event: 225.118 Thread 0x0000021e9c2568b0 DEOPT UNPACKING pc=0x0000021e87584e42 sp=0x00000060a3af9c90 mode 0
Event: 225.120 Thread 0x0000021e9c2568b0 Uncommon trap: trap_request=0xffffff45 fr.pc=0x0000021e87b46ac8 relative=0x00000000000006c8
Event: 225.120 Thread 0x0000021e9c2568b0 Uncommon trap: reason=unstable_if action=reinterpret pc=0x0000021e87b46ac8 method=java.util.jar.Manifest$FastInputStream.readLine([BII)I @ 130 c2
Event: 225.120 Thread 0x0000021e9c2568b0 DEOPT PACKING pc=0x0000021e87b46ac8 sp=0x00000060a3afa650
Event: 225.120 Thread 0x0000021e9c2568b0 DEOPT UNPACKING pc=0x0000021e875846a2 sp=0x00000060a3afa5e0 mode 2
Event: 225.122 Thread 0x0000021e9c2568b0 DEOPT PACKING pc=0x0000021e811d53b5 sp=0x00000060a3afa6d0
Event: 225.122 Thread 0x0000021e9c2568b0 DEOPT UNPACKING pc=0x0000021e87584e42 sp=0x00000060a3af9c90 mode 0
Event: 225.123 Thread 0x0000021e9c2568b0 DEOPT PACKING pc=0x0000021e80094120 sp=0x00000060a3afa650
Event: 225.123 Thread 0x0000021e9c2568b0 DEOPT UNPACKING pc=0x0000021e87584e42 sp=0x00000060a3af9ae0 mode 0

Classes loaded (20 events):
Event: 183.468 Loading class com/sun/org/apache/xerces/internal/dom/CommentImpl done
Event: 183.468 Loading class com/sun/org/apache/xerces/internal/dom/DeferredCommentImpl done
Event: 186.101 Loading class java/util/concurrent/locks/ReentrantReadWriteLock$Sync$HoldCounter
Event: 186.101 Loading class java/util/concurrent/locks/ReentrantReadWriteLock$Sync$HoldCounter done
Event: 193.355 Loading class com/sun/org/apache/xerces/internal/util/EncodingMap
Event: 193.358 Loading class com/sun/org/apache/xerces/internal/util/EncodingMap done
Event: 193.363 Loading class sun/nio/cs/ISO_8859_1$Decoder
Event: 193.364 Loading class sun/nio/cs/ISO_8859_1$Decoder done
Event: 193.642 Loading class java/util/zip/GZIPInputStream$1
Event: 193.642 Loading class java/util/zip/GZIPInputStream$1 done
Event: 203.021 Loading class java/util/Collections$ReverseComparator
Event: 203.022 Loading class java/util/Collections$ReverseComparator done
Event: 203.023 Loading class java/util/Collections$ReverseComparator2
Event: 203.023 Loading class java/util/Collections$ReverseComparator2 done
Event: 217.828 Loading class sun/security/ssl/Alert
Event: 217.843 Loading class sun/security/ssl/Alert done
Event: 217.847 Loading class sun/security/ssl/Alert$AlertConsumer
Event: 217.851 Loading class sun/security/ssl/Alert$AlertConsumer done
Event: 217.851 Loading class sun/security/ssl/Alert$Level
Event: 217.854 Loading class sun/security/ssl/Alert$Level done

Classes unloaded (20 events):
Event: 14.120 Thread 0x0000021e94930dd0 Unloading class 0x00000001007b4000 '_BuildScript_$_run_closure1'
Event: 14.120 Thread 0x0000021e94930dd0 Unloading class 0x00000001007ac000 '_BuildScript_'
Event: 15.098 Thread 0x0000021e94930dd0 Unloading class 0x000000010082c948 '_BuildScript_$_run_closure1$_closure2'
Event: 15.098 Thread 0x0000021e94930dd0 Unloading class 0x000000010082c548 '_BuildScript_$_run_closure1'
Event: 15.098 Thread 0x0000021e94930dd0 Unloading class 0x000000010082c000 '_BuildScript_'
Event: 29.945 Thread 0x0000021e94930dd0 Unloading class 0x000000010093c948 '_BuildScript_$_run_closure1$_closure2'
Event: 29.945 Thread 0x0000021e94930dd0 Unloading class 0x000000010093c548 '_BuildScript_$_run_closure1'
Event: 29.945 Thread 0x0000021e94930dd0 Unloading class 0x000000010093c000 '_BuildScript_'
Event: 29.945 Thread 0x0000021e94930dd0 Unloading class 0x0000000100930948 '_BuildScript_$_run_closure2'
Event: 29.945 Thread 0x0000021e94930dd0 Unloading class 0x0000000100930548 '_BuildScript_$_run_closure1'
Event: 29.945 Thread 0x0000021e94930dd0 Unloading class 0x0000000100930000 '_BuildScript_'
Event: 73.493 Thread 0x0000021e94930dd0 Unloading class 0x000000010093f948 '_BuildScript_$_run_closure1$_closure3'
Event: 73.497 Thread 0x0000021e94930dd0 Unloading class 0x000000010093f548 '_BuildScript_$_run_closure1$_closure2'
Event: 73.497 Thread 0x0000021e94930dd0 Unloading class 0x000000010093f148 '_BuildScript_$_run_closure1'
Event: 73.497 Thread 0x0000021e94930dd0 Unloading class 0x000000010093ec00 '_BuildScript_'
Event: 73.497 Thread 0x0000021e94930dd0 Unloading class 0x000000010093e800 'JetGradlePlugin$_apply_closure1$_closure2$_closure3'
Event: 73.497 Thread 0x0000021e94930dd0 Unloading class 0x000000010093e400 'JetGradlePlugin$_apply_closure1$_closure2'
Event: 73.497 Thread 0x0000021e94930dd0 Unloading class 0x000000010093e000 'JetGradlePlugin$_apply_closure1'
Event: 73.497 Thread 0x0000021e94930dd0 Unloading class 0x000000010093cae0 'JetGradlePlugin'
Event: 73.497 Thread 0x0000021e94930dd0 Unloading class 0x000000010093c800 'RegistryProcessor'

Classes redefined (0 events):
No events

Internal exceptions (20 events):
Event: 224.352 Thread 0x0000021ea0aaf010 Exception <a 'sun/nio/fs/WindowsException'{0x0000000095bbc2f8}> (0x0000000095bbc2f8) 
thrown [s\src\hotspot\share\prims\jni.cpp, line 535]
Event: 224.417 Thread 0x0000021e9c256f40 Exception <a 'sun/nio/fs/WindowsException'{0x00000000ff7eb880}> (0x00000000ff7eb880) 
thrown [s\src\hotspot\share\prims\jni.cpp, line 535]
Event: 224.430 Thread 0x0000021e9c2568b0 Exception <a 'sun/nio/fs/WindowsException'{0x00000000ff014390}> (0x00000000ff014390) 
thrown [s\src\hotspot\share\prims\jni.cpp, line 535]
Event: 224.554 Thread 0x0000021ea0aaf010 Exception <a 'sun/nio/fs/WindowsException'{0x00000000a50f0c20}> (0x00000000a50f0c20) 
thrown [s\src\hotspot\share\prims\jni.cpp, line 535]
Event: 224.593 Thread 0x0000021e9c2568b0 Exception <a 'sun/nio/fs/WindowsException'{0x00000000a48b2b48}> (0x00000000a48b2b48) 
thrown [s\src\hotspot\share\prims\jni.cpp, line 535]
Event: 224.660 Thread 0x0000021e9c256f40 Exception <a 'sun/nio/fs/WindowsException'{0x00000000a2fb4c48}> (0x00000000a2fb4c48) 
thrown [s\src\hotspot\share\prims\jni.cpp, line 535]
Event: 224.746 Thread 0x0000021e9c2568b0 Exception <a 'sun/nio/fs/WindowsException'{0x00000000a0bd21c8}> (0x00000000a0bd21c8) 
thrown [s\src\hotspot\share\prims\jni.cpp, line 535]
Event: 224.751 Thread 0x0000021ea0aaf010 Exception <a 'sun/nio/fs/WindowsException'{0x00000000a0b86008}> (0x00000000a0b86008) 
thrown [s\src\hotspot\share\prims\jni.cpp, line 535]
Event: 224.874 Thread 0x0000021e9c256f40 Exception <a 'sun/nio/fs/WindowsException'{0x000000009d7c0048}> (0x000000009d7c0048) 
thrown [s\src\hotspot\share\prims\jni.cpp, line 535]
Event: 224.911 Thread 0x0000021ea0aaf010 Exception <a 'sun/nio/fs/WindowsException'{0x000000009c728b40}> (0x000000009c728b40) 
thrown [s\src\hotspot\share\prims\jni.cpp, line 535]
Event: 224.975 Thread 0x0000021ea06795c0 Exception <a 'sun/nio/fs/WindowsException'{0x000000009ad7ae40}> (0x000000009ad7ae40) 
thrown [s\src\hotspot\share\prims\jni.cpp, line 535]
Event: 225.052 Thread 0x0000021e9c256f40 Exception <a 'sun/nio/fs/WindowsException'{0x0000000098a0e948}> (0x0000000098a0e948) 
thrown [s\src\hotspot\share\prims\jni.cpp, line 535]
Event: 225.074 Thread 0x0000021ea0aaf010 Exception <a 'sun/nio/fs/WindowsException'{0x0000000098a9fd48}> (0x0000000098a9fd48) 
thrown [s\src\hotspot\share\prims\jni.cpp, line 535]
Event: 225.090 Thread 0x0000021ea0678f30 Exception <a 'sun/nio/fs/WindowsException'{0x0000000098634150}> (0x0000000098634150) 
thrown [s\src\hotspot\share\prims\jni.cpp, line 535]
Event: 225.113 Thread 0x0000021e9c2568b0 Exception <a 'sun/nio/fs/WindowsException'{0x0000000097bf3818}> (0x0000000097bf3818) 
thrown [s\src\hotspot\share\prims\jni.cpp, line 535]
Event: 225.449 Thread 0x0000021ea06795c0 Exception <a 'sun/nio/fs/WindowsException'{0x00000000feaa10f0}> (0x00000000feaa10f0) 
thrown [s\src\hotspot\share\prims\jni.cpp, line 535]
Event: 225.585 Thread 0x0000021ea0aaf010 Exception <a 'sun/nio/fs/WindowsException'{0x00000000a4df4aa8}> (0x00000000a4df4aa8) 
thrown [s\src\hotspot\share\prims\jni.cpp, line 535]
Event: 225.667 Thread 0x0000021e9c256f40 Exception <a 'sun/nio/fs/WindowsException'{0x00000000a3523d58}> (0x00000000a3523d58) 
thrown [s\src\hotspot\share\prims\jni.cpp, line 535]
Event: 225.784 Thread 0x0000021ea0aaf010 Exception <a 'sun/nio/fs/WindowsException'{0x00000000a0a0a5e8}> (0x00000000a0a0a5e8) 
thrown [s\src\hotspot\share\prims\jni.cpp, line 535]
Event: 225.828 Thread 0x0000021ea0678f30 Exception <a 'sun/nio/fs/WindowsException'{0x00000000a29b6f20}> (0x00000000a29b6f20) 
thrown [s\src\hotspot\share\prims\jni.cpp, line 535]

ZGC Phase Switch (0 events):
No events

VM Operations (20 events):
Event: 220.445 Executing VM operation: G1CollectForAllocation (GCLocker Initiated GC) done
Event: 221.447 Executing VM operation: Cleanup
Event: 221.448 Executing VM operation: Cleanup done
Event: 222.000 Executing VM operation: G1CollectForAllocation (G1 Evacuation Pause)
Event: 222.000 Executing VM operation: G1CollectForAllocation (G1 Evacuation Pause) done
Event: 222.001 Executing VM operation: G1CollectForAllocation (GCLocker Initiated GC)
Event: 222.104 Executing VM operation: G1CollectForAllocation (GCLocker Initiated GC) done
Event: 222.372 Executing VM operation: G1CollectForAllocation (G1 Evacuation Pause)
Event: 222.422 Executing VM operation: G1CollectForAllocation (G1 Evacuation Pause) done
Event: 223.092 Executing VM operation: G1PauseRemark
Event: 223.295 Executing VM operation: G1PauseRemark done
Event: 223.483 Executing VM operation: G1PauseCleanup
Event: 223.484 Executing VM operation: G1PauseCleanup done
Event: 223.700 Executing VM operation: G1CollectForAllocation (G1 Evacuation Pause)
Event: 223.711 Executing VM operation: G1CollectForAllocation (G1 Evacuation Pause) done
Event: 224.362 Executing VM operation: G1CollectForAllocation (G1 Evacuation Pause)
Event: 224.399 Executing VM operation: G1CollectForAllocation (G1 Evacuation Pause) done
Event: 225.223 Executing VM operation: G1CollectForAllocation (G1 Evacuation Pause)
Event: 225.250 Executing VM operation: G1CollectForAllocation (G1 Evacuation Pause) done
Event: 225.843 Executing VM operation: G1PauseRemark

Memory protections (0 events):
No events

Nmethod flushes (20 events):
Event: 225.995 Thread 0x0000021e94930dd0 flushing  nmethod 0x0000021e8092d410
Event: 225.995 Thread 0x0000021e94930dd0 flushing  nmethod 0x0000021e8093ec10
Event: 225.995 Thread 0x0000021e94930dd0 flushing  nmethod 0x0000021e809dfb90
Event: 225.995 Thread 0x0000021e94930dd0 flushing  nmethod 0x0000021e809ecc10
Event: 225.995 Thread 0x0000021e94930dd0 flushing  nmethod 0x0000021e80aa5990
Event: 225.995 Thread 0x0000021e94930dd0 flushing  nmethod 0x0000021e80ae7010
Event: 225.995 Thread 0x0000021e94930dd0 flushing  nmethod 0x0000021e80bb9990
Event: 225.995 Thread 0x0000021e94930dd0 flushing  nmethod 0x0000021e81bad410
Event: 225.995 Thread 0x0000021e94930dd0 flushing  nmethod 0x0000021e81bc6090
Event: 225.995 Thread 0x0000021e94930dd0 flushing  nmethod 0x0000021e823fc910
Event: 225.995 Thread 0x0000021e94930dd0 flushing  nmethod 0x0000021e87d87e90
Event: 225.995 Thread 0x0000021e94930dd0 flushing  nmethod 0x0000021e88087090
Event: 225.995 Thread 0x0000021e94930dd0 flushing  nmethod 0x0000021e8820b410
Event: 226.763 Thread 0x0000021e94930dd0 flushing  nmethod 0x0000021e883e9810
Event: 226.763 Thread 0x0000021e94930dd0 flushing  nmethod 0x0000021e800b0910
Event: 226.763 Thread 0x0000021e94930dd0 flushing  nmethod 0x0000021e800b4990
Event: 226.763 Thread 0x0000021e94930dd0 flushing  nmethod 0x0000021e800b4d10
Event: 226.763 Thread 0x0000021e94930dd0 flushing  nmethod 0x0000021e802a2610
Event: 226.763 Thread 0x0000021e94930dd0 flushing  nmethod 0x0000021e802a4910
Event: 226.763 Thread 0x0000021e94930dd0 flushing  nmethod 0x0000021e80545290

Events (20 events):
Event: 217.238 Thread 0x0000021e9ab440c0 Thread added: 0x0000021e9fd4b440
Event: 217.250 Thread 0x0000021e9ab440c0 Thread added: 0x0000021e9fd4c7f0
Event: 217.257 Thread 0x0000021e9ab440c0 Thread added: 0x0000021e9fd4ce80
Event: 217.265 Thread 0x0000021e9ab440c0 Thread added: 0x0000021e9fd4d510
Event: 217.268 Thread 0x0000021e9ab440c0 Thread added: 0x0000021e9fd4bad0
Event: 217.273 Thread 0x0000021e9ab440c0 Thread added: 0x0000021e9fd4c160
Event: 218.275 Thread 0x0000021e9ce1de60 Thread exited: 0x0000021e9ce1de60
Event: 218.359 Thread 0x0000021e949a38d0 Thread added: 0x0000021ea05fc170
Event: 220.657 Thread 0x0000021ea05fc170 Thread exited: 0x0000021ea05fc170
Event: 221.262 Thread 0x0000021e9ab440c0 Thread added: 0x0000021ea067a2e0
Event: 221.263 Thread 0x0000021e9ab440c0 Thread added: 0x0000021ea067b690
Event: 221.264 Thread 0x0000021e9ab440c0 Thread added: 0x0000021ea0678f30
Event: 221.264 Thread 0x0000021e9ab440c0 Thread added: 0x0000021ea067a970
Event: 221.265 Thread 0x0000021e9ab440c0 Thread added: 0x0000021ea0679c50
Event: 221.266 Thread 0x0000021e9ab440c0 Thread added: 0x0000021ea06795c0
Event: 221.267 Thread 0x0000021e9ab440c0 Thread added: 0x0000021e9c256f40
Event: 221.268 Thread 0x0000021e9ab440c0 Thread added: 0x0000021e9c255b90
Event: 221.269 Thread 0x0000021e9ab440c0 Thread added: 0x0000021e9c256220
Event: 221.269 Thread 0x0000021e9ab440c0 Thread added: 0x0000021e9c2568b0
Event: 221.270 Thread 0x0000021e9ab440c0 Thread added: 0x0000021ea0aaf010


Dynamic libraries:
0x00007ff60d940000 - 0x00007ff60d94a000 	C:\Program Files\Android\Android Studio1\jbr\bin\java.exe
0x00007ff9e46c0000 - 0x00007ff9e4927000 	C:\WINDOWS\SYSTEM32\ntdll.dll
0x00007ff9e2c80000 - 0x00007ff9e2d49000 	C:\WINDOWS\System32\KERNEL32.DLL
0x00007ff9e1fb0000 - 0x00007ff9e23a1000 	C:\WINDOWS\System32\KERNELBASE.dll
0x00007ff9e1150000 - 0x00007ff9e129b000 	C:\WINDOWS\System32\ucrtbase.dll
0x00007ff9c6d00000 - 0x00007ff9c6d18000 	C:\Program Files\Android\Android Studio1\jbr\bin\jli.dll
0x00007ff9c2630000 - 0x00007ff9c264b000 	C:\Program Files\Android\Android Studio1\jbr\bin\VCRUNTIME140.dll
0x00007ff9e3950000 - 0x00007ff9e3b15000 	C:\WINDOWS\System32\USER32.dll
0x00007ff9d0020000 - 0x00007ff9d02b3000 	C:\WINDOWS\WinSxS\amd64_microsoft.windows.common-controls_6595b64144ccf1df_6.0.26100.8037_none_3e092faae333b53b\COMCTL32.dll
0x00007ff9e0fa0000 - 0x00007ff9e0fc7000 	C:\WINDOWS\System32\win32u.dll
0x00007ff9e30d0000 - 0x00007ff9e3179000 	C:\WINDOWS\System32\msvcrt.dll
0x00007ff9e2e80000 - 0x00007ff9e2eab000 	C:\WINDOWS\System32\GDI32.dll
0x00007ff9e12a0000 - 0x00007ff9e13cb000 	C:\WINDOWS\System32\gdi32full.dll
0x00007ff9e23b0000 - 0x00007ff9e2453000 	C:\WINDOWS\System32\msvcp_win.dll
0x00007ff9e2460000 - 0x00007ff9e2491000 	C:\WINDOWS\System32\IMM32.DLL
0x00007ff9df000000 - 0x00007ff9df00c000 	C:\Program Files\Android\Android Studio1\jbr\bin\vcruntime140_1.dll
0x00007ff9c0a10000 - 0x00007ff9c0a9d000 	C:\Program Files\Android\Android Studio1\jbr\bin\msvcp140.dll
0x00007ff95bb20000 - 0x00007ff95c7ab000 	C:\Program Files\Android\Android Studio1\jbr\bin\server\jvm.dll
0x00007ff9e3010000 - 0x00007ff9e30cb000 	C:\WINDOWS\System32\ADVAPI32.dll
0x00007ff9e2dd0000 - 0x00007ff9e2e77000 	C:\WINDOWS\System32\sechost.dll
0x00007ff9e3fb0000 - 0x00007ff9e40c8000 	C:\WINDOWS\System32\RPCRT4.dll
0x00007ff9e2d50000 - 0x00007ff9e2dc4000 	C:\WINDOWS\System32\WS2_32.dll
0x00007ff9e0e00000 - 0x00007ff9e0e5e000 	C:\WINDOWS\SYSTEM32\POWRPROF.dll
0x00007ff9db430000 - 0x00007ff9db465000 	C:\WINDOWS\SYSTEM32\WINMM.dll
0x00007ff9db470000 - 0x00007ff9db47b000 	C:\WINDOWS\SYSTEM32\VERSION.dll
0x00007ff9e0de0000 - 0x00007ff9e0df4000 	C:\WINDOWS\SYSTEM32\UMPDC.dll
0x00007ff9dfd30000 - 0x00007ff9dfd4b000 	C:\WINDOWS\SYSTEM32\kernel.appcore.dll
0x00007ff9def90000 - 0x00007ff9def9a000 	C:\Program Files\Android\Android Studio1\jbr\bin\jimage.dll
0x00007ff9dece0000 - 0x00007ff9def22000 	C:\WINDOWS\SYSTEM32\DBGHELP.DLL
0x00007ff9e3590000 - 0x00007ff9e3912000 	C:\WINDOWS\System32\combase.dll
0x00007ff9e33b0000 - 0x00007ff9e3487000 	C:\WINDOWS\System32\OLEAUT32.dll
0x00007ff9cf130000 - 0x00007ff9cf16b000 	C:\WINDOWS\SYSTEM32\dbgcore.DLL
0x00007ff9e1f00000 - 0x00007ff9e1fa5000 	C:\WINDOWS\System32\bcryptPrimitives.dll
0x00007ff9c7a00000 - 0x00007ff9c7a0e000 	C:\Program Files\Android\Android Studio1\jbr\bin\instrument.dll
0x00007ff9c2610000 - 0x00007ff9c2630000 	C:\Program Files\Android\Android Studio1\jbr\bin\java.dll
0x00007ff9c13c0000 - 0x00007ff9c13d8000 	C:\Program Files\Android\Android Studio1\jbr\bin\zip.dll
0x00007ff9e2510000 - 0x00007ff9e2c6f000 	C:\WINDOWS\System32\SHELL32.dll
0x00007ff9e1d00000 - 0x00007ff9e1e6a000 	C:\WINDOWS\System32\wintypes.dll
0x00007ff9e1490000 - 0x00007ff9e1cf4000 	C:\WINDOWS\System32\windows.storage.dll
0x00007ff9e4270000 - 0x00007ff9e4367000 	C:\WINDOWS\System32\SHCORE.dll
0x00007ff9e24a0000 - 0x00007ff9e2507000 	C:\WINDOWS\System32\shlwapi.dll
0x00007ff9e0ec0000 - 0x00007ff9e0ee9000 	C:\WINDOWS\SYSTEM32\profapi.dll
0x00007ff9de170000 - 0x00007ff9de180000 	C:\Program Files\Android\Android Studio1\jbr\bin\net.dll
0x00007ff9db300000 - 0x00007ff9db427000 	C:\WINDOWS\SYSTEM32\WINHTTP.dll
0x00007ff9e02a0000 - 0x00007ff9e030b000 	C:\WINDOWS\system32\mswsock.dll
0x00007ff9bdfa0000 - 0x00007ff9bdfb6000 	C:\Program Files\Android\Android Studio1\jbr\bin\nio.dll
0x00007ff9bdef0000 - 0x00007ff9bdf00000 	C:\Program Files\Android\Android Studio1\jbr\bin\verify.dll
0x00007ff9b7560000 - 0x00007ff9b7587000 	C:\Users\harsh\.gradle\native\c067742578af261105cb4f569cf0c3c89f3d7b1fecec35dd04571415982c5e48\windows-amd64\native-platform.dll
0x00007ff9c0b80000 - 0x00007ff9c0cc4000 	C:\Users\harsh\.gradle\native\100fb08df4bc3b14c8652ba06237920a3bd2aa13389f12d3474272988ae205f9\windows-amd64\native-platform-file-events.dll
0x00007ff9ca940000 - 0x00007ff9ca949000 	C:\Program Files\Android\Android Studio1\jbr\bin\management.dll
0x00007ff9c4930000 - 0x00007ff9c493b000 	C:\Program Files\Android\Android Studio1\jbr\bin\management_ext.dll
0x00007ff9e4610000 - 0x00007ff9e4618000 	C:\WINDOWS\System32\PSAPI.DLL
0x00007ff9e0580000 - 0x00007ff9e059b000 	C:\WINDOWS\SYSTEM32\CRYPTSP.dll
0x00007ff9dfc90000 - 0x00007ff9dfcc9000 	C:\WINDOWS\system32\rsaenh.dll
0x00007ff9e0350000 - 0x00007ff9e0382000 	C:\WINDOWS\SYSTEM32\USERENV.dll
0x00007ff9e0e90000 - 0x00007ff9e0eba000 	C:\WINDOWS\SYSTEM32\bcrypt.dll
0x00007ff9e05a0000 - 0x00007ff9e05ac000 	C:\WINDOWS\SYSTEM32\CRYPTBASE.dll
0x00007ff9df610000 - 0x00007ff9df643000 	C:\WINDOWS\SYSTEM32\IPHLPAPI.DLL
0x00007ff9e3310000 - 0x00007ff9e331a000 	C:\WINDOWS\System32\NSI.dll
0x00007ff9d5d70000 - 0x00007ff9d5d79000 	C:\Program Files\Android\Android Studio1\jbr\bin\extnet.dll
0x00007ff97f440000 - 0x00007ff97f448000 	C:\WINDOWS\system32\wshunix.dll
0x00007ff9dfe50000 - 0x00007ff9dfe86000 	C:\WINDOWS\SYSTEM32\ntmarta.dll
0x00007ff9df780000 - 0x00007ff9df8aa000 	C:\WINDOWS\SYSTEM32\DNSAPI.dll
0x00007ff9d8b50000 - 0x00007ff9d8b5b000 	C:\Windows\System32\rasadhlp.dll
0x00007ff9dc010000 - 0x00007ff9dc096000 	C:\WINDOWS\System32\fwpuclnt.dll

dbghelp: loaded successfully - version: 4.0.5 - missing functions: none
symbol engine: initialized successfully - sym options: 0x614 - pdb path: .;C:\Program Files\Android\Android Studio1\jbr\bin;C:\WINDOWS\SYSTEM32;C:\WINDOWS\WinSxS\amd64_microsoft.windows.common-controls_6595b64144ccf1df_6.0.26100.8037_none_3e092faae333b53b;C:\Program Files\Android\Android Studio1\jbr\bin\server;C:\Users\harsh\.gradle\native\c067742578af261105cb4f569cf0c3c89f3d7b1fecec35dd04571415982c5e48\windows-amd64;C:\Users\harsh\.gradle\native\100fb08df4bc3b14c8652ba06237920a3bd2aa13389f12d3474272988ae205f9\windows-amd64

VM Arguments:
jvm_args: --add-opens=java.base/java.lang=ALL-UNNAMED --add-opens=java.base/java.lang.invoke=ALL-UNNAMED --add-opens=java.base/java.util=ALL-UNNAMED --add-opens=java.prefs/java.util.prefs=ALL-UNNAMED --add-exports=jdk.compiler/com.sun.tools.javac.api=ALL-UNNAMED --add-exports=jdk.compiler/com.sun.tools.javac.util=ALL-UNNAMED --add-opens=java.base/java.util=ALL-UNNAMED --add-opens=java.prefs/java.util.prefs=ALL-UNNAMED --add-opens=java.base/java.nio.charset=ALL-UNNAMED --add-opens=java.base/java.net=ALL-UNNAMED --add-opens=java.base/java.util.concurrent.atomic=ALL-UNNAMED --add-opens=java.xml/javax.xml.namespace=ALL-UNNAMED -Xmx2048m -Dfile.encoding=UTF-8 -Duser.country=IN -Duser.language=en -Duser.variant -javaagent:C:\Users\harsh\.gradle\wrapper\dists\gradle-8.11.1-bin\bpt9gzteqjrbo1mjrsomdt32c\gradle-8.11.1\lib\agents\gradle-instrumentation-agent-8.11.1.jar 
java_command: org.gradle.launcher.daemon.bootstrap.GradleDaemon 8.11.1
java_class_path (initial): C:\Users\harsh\.gradle\wrapper\dists\gradle-8.11.1-bin\bpt9gzteqjrbo1mjrsomdt32c\gradle-8.11.1\lib\gradle-daemon-main-8.11.1.jar
Launcher Type: SUN_STANDARD

[Global flags]
     intx CICompilerCount                          = 4                                         {product} {ergonomic}
     uint ConcGCThreads                            = 3                                         {product} {ergonomic}
     uint G1ConcRefinementThreads                  = 10                                        {product} {ergonomic}
   size_t G1HeapRegionSize                         = 1048576                                   {product} {ergonomic}
    uintx GCDrainStackTargetSize                   = 64                                        {product} {ergonomic}
   size_t InitialHeapSize                          = 125829120                                 {product} {ergonomic}
   size_t MarkStackSize                            = 4194304                                   {product} {ergonomic}
   size_t MaxHeapSize                              = 2147483648                                {product} {command line}
   size_t MaxNewSize                               = 1287651328                                {product} {ergonomic}
   size_t MinHeapDeltaBytes                        = 1048576                                   {product} {ergonomic}
   size_t MinHeapSize                              = 8388608                                   {product} {ergonomic}
    uintx NonNMethodCodeHeapSize                   = 5839372                                {pd product} {ergonomic}
    uintx NonProfiledCodeHeapSize                  = 122909434                              {pd product} {ergonomic}
    uintx ProfiledCodeHeapSize                     = 122909434                              {pd product} {ergonomic}
    uintx ReservedCodeCacheSize                    = 251658240                              {pd product} {ergonomic}
     bool SegmentedCodeCache                       = true                                      {product} {ergonomic}
   size_t SoftMaxHeapSize                          = 2147483648                             {manageable} {ergonomic}
     bool UseCompressedOops                        = true                           {product lp64_product} {ergonomic}
     bool UseG1GC                                  = true                                      {product} {ergonomic}
     bool UseLargePagesIndividualAllocation        = false                                  {pd product} {ergonomic}

Logging:
Log output configuration:
 #0: stdout all=warning uptime,level,tags foldmultilines=false
 #1: stderr all=off uptime,level,tags foldmultilines=false

Environment Variables:
JAVA_HOME=C:\Program Files\Java\jdk-21
PATH=C:\Program Files\Eclipse Adoptium\jdk-11.0.29.7-hotspot\bin;C:\Program Files\Python313\Scripts\;C:\Program Files\Python313\;C:\Program Files\Common Files\Oracle\Java\javapath;C:\WINDOWS\system32;C:\WINDOWS;C:\WINDOWS\System32\Wbem;C:\WINDOWS\System32\WindowsPowerShell\v1.0\;C:\WINDOWS\System32\OpenSSH\;C:\Program Files\Java\jdk-21\bin;C:\Program Files\nodejs\;C:\Program Files\Git\cmd;C:\Program Files\Docker\Docker\resources\bin;C:\Program Files\Go\bin;C:\flutter_windows_3.32.8-stable\flutter\bin\;C:\platform-tools;C:\Program Files\MySQL\MySQL Shell 8.0\bin\;C:\Users\harsh\AppData\Local\Microsoft\WindowsApps;C:\MinGW\bin;C:\Users\harsh\AppData\Roaming\npm;C:\Program Files\MongoDB\Server\7.0\bin;C:\Users\harsh\AppData\Local\GitHubDesktop\bin;C:\Users\harsh\AppData\Local\Programs\Microsoft VS Code\bin;C:\Users\harsh\AppData\Local\Microsoft\WindowsApps\python.exe;C:\users\harsh\appdata\roaming\python\python313\site-packages\git_filter_repo.py;C:\Users\harsh\AppData\Local\Programs\cursor\resources\app\bin;C:\Users\harsh\flutter_windows_3.32.6-stable\flutter\bin;C:\Program Files\MongoDB\Server\7.0\bin;C:\Users\harsh\go\bin;C:\Users\harsh\AppData\Local\Programs\Antigravity\bin
USERNAME=harsh
OS=Windows_NT
PROCESSOR_IDENTIFIER=AMD64 Family 25 Model 80 Stepping 0, AuthenticAMD
TMP=C:\Users\harsh\AppData\Local\Temp
TEMP=C:\Users\harsh\AppData\Local\Temp




Periodic native trim disabled

JNI global refs:
JNI global refs: 30, weak refs: 42

JNI global refs memory usage: 835, weak refs: 833

Process memory usage:
Resident Set Size: 482464K (6% of 7763336K total physical memory with 188400K free physical memory)

OOME stack traces (most recent first):
Classloader memory used:
Loader org.gradle.internal.classloader.VisitableURLClassLoader                         : 106M
Loader bootstrap                                                                       : 33037K
Loader org.gradle.initialization.MixInLegacyTypesClassLoader                           : 13375K
Loader jdk.internal.loader.ClassLoaders$AppClassLoader                                 : 8293K
Loader org.gradle.internal.classloader.VisitableURLClassLoader                         : 1043K
Loader jdk.internal.loader.ClassLoaders$PlatformClassLoader                            : 1013K
Loader org.gradle.internal.classloader.VisitableURLClassLoader$InstrumentingVisitableURLClassLoader: 726K
Loader jdk.internal.jrtfs.JrtFileSystemProvider$JrtFsLoader                            : 337K
Loader jdk.internal.reflect.DelegatingClassLoader                                      : 271K
Loader org.gradle.groovy.scripts.internal.DefaultScriptCompilationHandler$ScriptClassLoader: 90216B
Loader org.codehaus.groovy.runtime.callsite.CallSiteClassLoader                        : 49592B

Classes loaded by more than one classloader:
Class org.gradle.api.GradleException                                                  : loaded 3 times (x 78B)
Class Program                                                                         : loaded 3 times (x 68B)
Class jdk.internal.jimage.BasicImageReader                                            : loaded 2 times (x 91B)
Class org.gradle.internal.classloader.ClassLoaderHierarchy                            : loaded 2 times (x 66B)
Class org.gradle.api.internal.classpath.ManifestUtil                                  : loaded 2 times (x 67B)
Class org.jetbrains.plugins.gradle.model.GradleExtensions                             : loaded 2 times (x 66B)
Class org.jetbrains.plugins.gradle.model.AnnotationProcessingModel                    : loaded 2 times (x 66B)
Class jdk.internal.jimage.decompressor.StringSharingDecompressorFactory               : loaded 2 times (x 70B)
Class org.gradle.internal.operations.MultipleBuildOperationFailures                   : loaded 2 times (x 91B)
Class org.gradle.internal.classloader.DefaultClassLoaderFactory                       : loaded 2 times (x 78B)
Class kotlin.collections.AbstractList$Companion                                       : loaded 2 times (x 67B)
Class org.gradle.internal.classloader.ClassLoaderVisitor                              : loaded 2 times (x 72B)
Class org.gradle.api.internal.classpath.EffectiveClassPath                            : loaded 2 times (x 86B)
Class org.gradle.tooling.internal.gradle.DefaultProjectIdentifier                     : loaded 2 times (x 82B)
Class org.gradle.api.internal.DefaultClassPathProvider                                : loaded 2 times (x 72B)
Class [Lorg.gradle.api.internal.ClassPathProvider;                                    : loaded 2 times (x 65B)
Class org.gradle.api.internal.ClassPathProvider                                       : loaded 2 times (x 66B)
Class jdk.internal.jrtfs.SystemImage                                                  : loaded 2 times (x 70B)
Class org.gradle.internal.service.UnknownServiceException                             : loaded 2 times (x 79B)
Class org.jetbrains.kotlin.idea.gradleTooling.KotlinDslScriptAdditionalTask           : loaded 2 times (x 66B)
Class jdk.internal.jimage.ImageReader$LinkNode                                        : loaded 2 times (x 80B)
Class org.gradle.internal.classpath.TransformedClassPath                              : loaded 2 times (x 92B)
Class org.gradle.internal.classloader.InstrumentingClassLoader                        : loaded 2 times (x 66B)
Class jdk.internal.jrtfs.SystemImage$1                                                : loaded 2 times (x 74B)
Class kotlin.enums.EnumEntriesList                                                    : loaded 2 times (x 219B)
Class jdk.internal.jrtfs.SystemImage$2                                                : loaded 2 times (x 72B)
Class org.gradle.internal.classloader.FilteringClassLoader                            : loaded 2 times (x 101B)
Class org.jetbrains.plugins.gradle.model.IntelliJSettings                             : loaded 2 times (x 66B)
Class org.gradle.internal.service.ServiceLocator                                      : loaded 2 times (x 66B)
Class jdk.internal.jrtfs.JrtFileSystemProvider                                        : loaded 2 times (x 97B)
Class org.gradle.tooling.model.UnsupportedMethodException                             : loaded 2 times (x 78B)
Class com.intellij.compose.ide.plugin.gradleTooling.rt.ComposeResourcesModel          : loaded 2 times (x 66B)
Class jdk.internal.jimage.ImageLocation                                               : loaded 2 times (x 86B)
Class jdk.internal.jrtfs.JrtDirectoryStream$1                                         : loaded 2 times (x 79B)
Class org.gradle.internal.InternalTransformer                                         : loaded 2 times (x 66B)
Class jdk.internal.jimage.ImageBufferCache$1                                          : loaded 2 times (x 79B)
Class org.gradle.internal.time.DefaultTimer                                           : loaded 2 times (x 76B)
Class org.gradle.internal.classloader.ClasspathUtil$1                                 : loaded 2 times (x 72B)
Class jdk.internal.jimage.ImageBufferCache$2                                          : loaded 2 times (x 87B)
Class org.gradle.api.internal.classpath.DefaultModuleRegistry$DefaultModule           : loaded 2 times (x 82B)
Class org.gradle.internal.time.DefaultCountdownTimer                                  : loaded 2 times (x 84B)
Class org.gradle.tooling.internal.gradle.DefaultBuildIdentifier                       : loaded 2 times (x 75B)
Class kotlin.Function                                                                 : loaded 2 times (x 66B)
Class org.gradle.api.internal.classpath.Module                                        : loaded 2 times (x 66B)
Class org.gradle.api.internal.classpath.UnknownModuleException                        : loaded 2 times (x 78B)
Class jdk.internal.jimage.ImageHeader                                                 : loaded 2 times (x 67B)
Class com.intellij.openapi.externalSystem.model.project.dependencies.ProjectDependencies: loaded 2 times (x 66B)
Class org.gradle.tooling.internal.gradle.GradleProjectIdentity                        : loaded 2 times (x 66B)
Class org.gradle.api.internal.DefaultClassPathRegistry                                : loaded 2 times (x 72B)
Class org.gradle.api.internal.ClassPathRegistry                                       : loaded 2 times (x 66B)
Class org.gradle.internal.classpath.DefaultClassPath$ImmutableUniqueList              : loaded 2 times (x 195B)
Class jdk.internal.jimage.decompressor.ResourceDecompressor                           : loaded 2 times (x 66B)
Class org.jetbrains.kotlin.idea.gradleTooling.KotlinSourceSetContainer                : loaded 2 times (x 66B)
Class Settings_gradle$1                                                               : loaded 2 times (x 70B)
Class org.gradle.internal.classpath.ClassPath                                         : loaded 2 times (x 66B)
Class org.gradle.api.UncheckedIOException                                             : loaded 2 times (x 78B)
Class org.jetbrains.kotlin.idea.gradleTooling.KotlinGradleModel                       : loaded 2 times (x 66B)
Class jdk.internal.jimage.ImageStringsReader                                          : loaded 2 times (x 76B)
Class org.gradle.tooling.model.Model                                                  : loaded 2 times (x 66B)
Class kotlin.UninitializedPropertyAccessException                                     : loaded 2 times (x 78B)
Class jdk.internal.jimage.ImageReader                                                 : loaded 2 times (x 71B)
Class org.jetbrains.plugins.gradle.model.IntelliJProjectSettings                      : loaded 2 times (x 66B)
Class jdk.internal.jimage.ImageReader$SharedImageReader                               : loaded 2 times (x 91B)
Class org.gradle.internal.installation.GradleInstallation$1                           : loaded 2 times (x 71B)
Class org.gradle.api.internal.classpath.ModuleRegistry                                : loaded 2 times (x 66B)
Class jdk.internal.jimage.decompressor.ResourceDecompressorFactory                    : loaded 2 times (x 70B)
Class org.jetbrains.plugins.gradle.model.VersionCatalogsModel                         : loaded 2 times (x 66B)
Class jdk.internal.jimage.ImageReader$Node                                            : loaded 2 times (x 80B)
Class org.gradle.api.internal.classpath.DefaultModuleRegistry                         : loaded 2 times (x 82B)
Class jdk.internal.jimage.BasicImageReader$1                                          : loaded 2 times (x 73B)
Class jdk.internal.jimage.decompressor.Decompressor                                   : loaded 2 times (x 68B)
Class jdk.internal.jimage.ImageReader$Resource                                        : loaded 2 times (x 80B)
Class org.gradle.internal.time.MonotonicClock                                         : loaded 2 times (x 73B)
Class org.gradle.internal.service.ServiceLookupException                              : loaded 2 times (x 78B)
Class jdk.internal.jrtfs.JrtFileAttributes                                            : loaded 2 times (x 79B)
Class org.gradle.internal.classloader.ClassLoaderFactory                              : loaded 2 times (x 66B)
Class org.gradle.internal.service.CachingServiceLocator                               : loaded 2 times (x 78B)
Class org.jetbrains.plugins.gradle.model.RepositoryModels                             : loaded 2 times (x 66B)
Class org.gradle.internal.time.TimeSource                                             : loaded 2 times (x 66B)
Class org.gradle.tooling.internal.gradle.GradleBuildIdentity                          : loaded 2 times (x 66B)
Class kotlin.enums.EnumEntries                                                        : loaded 2 times (x 66B)
Class org.gradle.internal.exceptions.ResolutionProvider                               : loaded 2 times (x 66B)
Class jdk.internal.jimage.ImageBufferCache                                            : loaded 2 times (x 67B)
Class jdk.internal.jrtfs.JrtPath                                                      : loaded 2 times (x 114B)
Class org.gradle.tooling.model.ProjectIdentifier                                      : loaded 2 times (x 66B)
Class org.gradle.internal.classloader.ClasspathUtil                                   : loaded 2 times (x 67B)
Class org.gradle.internal.time.TimeSource$1                                           : loaded 2 times (x 73B)
Class kotlin.jvm.internal.DefaultConstructorMarker                                    : loaded 2 times (x 67B)
Class org.gradle.api.specs.Spec                                                       : loaded 2 times (x 66B)
Class jdk.internal.jimage.ImageReader$SharedImageReader$LocationVisitor               : loaded 2 times (x 66B)
Class jdk.internal.jimage.decompressor.ResourceDecompressorRepository                 : loaded 2 times (x 67B)
Class org.gradle.internal.time.Clock                                                  : loaded 2 times (x 66B)
Class jdk.internal.jimage.ImageReader$Directory                                       : loaded 2 times (x 80B)
Class kotlin.collections.AbstractList                                                 : loaded 2 times (x 193B)
Class kotlin.collections.AbstractCollection                                           : loaded 2 times (x 113B)
Class org.gradle.internal.classloader.VisitableURLClassLoader$InstrumentingVisitableURLClassLoader: loaded 2 times (x 119B)
Class org.gradle.internal.classloader.VisitableURLClassLoader$Spec                    : loaded 2 times (x 70B)
Class org.gradle.internal.classpath.DefaultClassPath                                  : loaded 2 times (x 86B)
Class jdk.internal.jimage.decompressor.ZipDecompressorFactory                         : loaded 2 times (x 70B)
Class org.gradle.internal.classloader.ClassLoaderSpec                                 : loaded 2 times (x 67B)
Class Settings_gradle$1$1                                                             : loaded 2 times (x 70B)
Class kotlin.Unit                                                                     : loaded 2 times (x 67B)
Class org.gradle.internal.classloader.VisitableURLClassLoader                         : loaded 2 times (x 113B)
Class Settings_gradle                                                                 : loaded 2 times (x 124B)
Class org.gradle.internal.Cast                                                        : loaded 2 times (x 67B)
Class org.gradle.api.Action                                                           : loaded 2 times (x 66B)
Class jdk.internal.jimage.decompressor.ZipDecompressor                                : loaded 2 times (x 71B)
Class kotlin.jvm.functions.Function1                                                  : loaded 2 times (x 66B)
Class org.gradle.internal.classpath.DefaultClassPath$ImmutableUniqueList$Builder      : loaded 2 times (x 71B)
Class kotlin.NotImplementedError                                                      : loaded 2 times (x 78B)
Class org.gradle.internal.exceptions.NonGradleCauseExceptionsHolder                   : loaded 2 times (x 66B)
Class jdk.internal.jimage.ImageStrings                                                : loaded 2 times (x 66B)
Class org.jetbrains.plugins.gradle.tooling.ModelBuilderService$Parameter              : loaded 2 times (x 66B)
Class kotlin.enums.EnumEntriesKt                                                      : loaded 2 times (x 67B)
Class org.gradle.internal.IoActions                                                   : loaded 2 times (x 67B)
Class org.gradle.internal.classloader.SystemClassLoaderSpec                           : loaded 2 times (x 67B)
Class org.gradle.internal.exceptions.MultiCauseException                              : loaded 2 times (x 66B)
Class org.gradle.internal.time.CountdownTimer                                         : loaded 2 times (x 66B)
Class kotlin.jvm.internal.Intrinsics                                                  : loaded 2 times (x 67B)
Class jdk.internal.jrtfs.JrtFileSystem                                                : loaded 2 times (x 98B)
Class org.gradle.tooling.model.ProjectModel                                           : loaded 2 times (x 66B)
Class jdk.internal.jimage.decompressor.CompressedResourceHeader                       : loaded 2 times (x 67B)
Class kotlin.KotlinNullPointerException                                               : loaded 2 times (x 79B)
Class org.jetbrains.plugins.gradle.model.tests.ExternalTestsModel                     : loaded 2 times (x 66B)
Class org.gradle.internal.exceptions.DefaultMultiCauseException                       : loaded 2 times (x 91B)
Class org.gradle.internal.time.Time                                                   : loaded 2 times (x 67B)
Class org.jetbrains.plugins.gradle.model.DependencyAccessorsModel                     : loaded 2 times (x 66B)
Class ijInit2_cyv5f5cqov20g7nf1za1t89l9                                               : loaded 2 times (x 175B)
Class org.gradle.api.internal.classpath.GlobalCacheRootsProvider                      : loaded 2 times (x 66B)
Class org.jetbrains.kotlin.idea.gradleTooling.KotlinMPPGradleModel                    : loaded 2 times (x 66B)
Class sync_studio_tooling26534_5x2gyivmwl58v5kipdxjin0jd                              : loaded 2 times (x 175B)
Class org.gradle.tooling.model.BuildIdentifier                                        : loaded 2 times (x 66B)
Class org.jetbrains.kotlin.idea.gradleTooling.PrepareKotlinIdeImportTaskModel         : loaded 2 times (x 66B)
Class org.gradle.internal.time.Timer                                                  : loaded 2 times (x 66B)
Class kotlin.jvm.internal.markers.KMappedMarker                                       : loaded 2 times (x 66B)
Class org.gradle.internal.installation.CurrentGradleInstallationLocator               : loaded 2 times (x 67B)
Class org.gradle.internal.service.DefaultServiceLocator                               : loaded 2 times (x 79B)
Class jdk.internal.jrtfs.JrtDirectoryStream                                           : loaded 2 times (x 85B)
Class org.gradle.util.GradleVersion                                                   : loaded 2 times (x 75B)
Class org.gradle.internal.installation.CurrentGradleInstallation                      : loaded 2 times (x 69B)
Class org.jetbrains.plugins.gradle.javaModel.JavaGradleManifestModel                  : loaded 2 times (x 66B)
Class org.gradle.util.internal.GUtil                                                  : loaded 2 times (x 67B)
Class org.gradle.internal.installation.GradleInstallation                             : loaded 2 times (x 71B)
Class jdk.internal.jimage.decompressor.ResourceDecompressor$StringsProvider           : loaded 2 times (x 66B)

---------------  S Y S T E M  ---------------

OS:
 Windows 11 , 64 bit Build 26100 (10.0.26100.7920)
OS uptime: 2 days 15:40 hours
Hyper-V role detected

CPU: total 12 (initial active 12) (12 cores per cpu, 2 threads per core) family 25 model 80 stepping 0 microcode 0xa50000d, cx8, cmov, fxsr, ht, mmx, 3dnowpref, sse, sse2, sse3, ssse3, sse4a, sse4.1, sse4.2, popcnt, lzcnt, tsc, tscinvbit, avx, avx2, aes, erms, clmul, bmi1, bmi2, adx, sha, fma, vzeroupper, clflush, clflushopt, hv, rdtscp, rdpid, fsrm, f16c, cet_ss
Processor Information for the first 12 processors :
  Max Mhz: 3301, Current Mhz: 1908, Mhz Limit: 3301

Memory: 4k page, system-wide physical 7581M (193M free)
TotalPageFile size 31133M (AvailPageFile size 2M)
current process WorkingSet (physical memory assigned to process): 728M, peak: 773M
current process commit charge ("private bytes"): 1134M, peak: 1307M

vm_info: OpenJDK 64-Bit Server VM (21.0.6+-13391695-b895.109) for windows-amd64 JRE (21.0.6+-13391695-b895.109), built on 2025-04-22T21:19:17Z by "builder" with MS VC++ 16.10 / 16.11 (VS2019)

END.
