#
# There is insufficient memory for the Java Runtime Environment to continue.
# Native memory allocation (mmap) failed to map 44040192 bytes for G1 virtual space
# Possible reasons:
#   The system is out of physical RAM or swap space
#   The process is running with CompressedOops enabled, and the Java Heap may be blocking the growth of the native heap
# Possible solutions:
#   Reduce memory load on the system
#   Increase physical memory or swap space
#   Check if swap backing store is full
#   Decrease Java heap size (-Xmx/-Xms)
#   Decrease number of Java threads
#   Decrease Java thread stack sizes (-Xss)
#   Set larger code cache with -XX:ReservedCodeCacheSize=
#   JVM is running with Unscaled Compressed Oops mode in which the Java heap is
#     placed in the first 4GB address space. The Java Heap base address is the
#     maximum limit for the native heap growth. Please use -XX:HeapBaseMinAddress
#     to set the Java Heap base and to place the Java Heap above 4GB virtual address.
# This output file may be truncated or incomplete.
#
#  Out of Memory Error (os_windows.cpp:3600), pid=22100, tid=21556
#
# JRE version: Java(TM) SE Runtime Environment (21.0.2+13) (build 21.0.2+13-LTS-58)
# Java VM: Java HotSpot(TM) 64-Bit Server VM (21.0.2+13-LTS-58, mixed mode, sharing, tiered, compressed oops, compressed class ptrs, g1 gc, windows-amd64)
# No core dump will be written. Minidumps are not enabled by default on client versions of Windows
#

---------------  S U M M A R Y ------------

Command Line: --add-opens=java.base/java.lang=ALL-UNNAMED --add-opens=java.base/java.lang.invoke=ALL-UNNAMED --add-opens=java.base/java.util=ALL-UNNAMED --add-opens=java.prefs/java.util.prefs=ALL-UNNAMED --add-exports=jdk.compiler/com.sun.tools.javac.api=ALL-UNNAMED --add-exports=jdk.compiler/com.sun.tools.javac.util=ALL-UNNAMED --add-opens=java.base/java.util=ALL-UNNAMED --add-opens=java.prefs/java.util.prefs=ALL-UNNAMED --add-opens=java.base/java.nio.charset=ALL-UNNAMED --add-opens=java.base/java.net=ALL-UNNAMED --add-opens=java.base/java.util.concurrent.atomic=ALL-UNNAMED --add-opens=java.xml/javax.xml.namespace=ALL-UNNAMED -Xmx2048m -Dfile.encoding=UTF-8 -Duser.country=IN -Duser.language=en -Duser.variant -javaagent:C:\Users\harsh\.gradle\wrapper\dists\gradle-8.11.1-bin\bpt9gzteqjrbo1mjrsomdt32c\gradle-8.11.1\lib\agents\gradle-instrumentation-agent-8.11.1.jar org.gradle.launcher.daemon.bootstrap.GradleDaemon 8.11.1

Host: AMD Ryzen 5 5600H with Radeon Graphics         , 12 cores, 7G,  Windows 11 , 64 bit Build 26100 (10.0.26100.7920)
Time: Fri Mar 27 14:31:27 2026 India Standard Time elapsed time: 59.965605 seconds (0d 0h 0m 59s)

---------------  T H R E A D  ---------------

Current thread (0x000001d1ba67b150):  VMThread "VM Thread"          [id=21556, stack(0x00000046d1600000,0x00000046d1700000) (1024K)]

Stack: [0x00000046d1600000,0x00000046d1700000]
Native frames: (J=compiled Java code, j=interpreted, Vv=VM code, C=native code)
V  [jvm.dll+0x6cade9]
V  [jvm.dll+0x8569c1]
V  [jvm.dll+0x858d2e]
V  [jvm.dll+0x859413]
V  [jvm.dll+0x280e56]
V  [jvm.dll+0x6c74d5]
V  [jvm.dll+0x6bbeca]
V  [jvm.dll+0x355bca]
V  [jvm.dll+0x35d816]
V  [jvm.dll+0x3ae67e]
V  [jvm.dll+0x3ae928]
V  [jvm.dll+0x3295dc]
V  [jvm.dll+0x329667]
V  [jvm.dll+0x36df1c]
V  [jvm.dll+0x36c71d]
V  [jvm.dll+0x328d51]
V  [jvm.dll+0x36be2a]
V  [jvm.dll+0x85ef18]
V  [jvm.dll+0x860014]
V  [jvm.dll+0x860550]
V  [jvm.dll+0x8607f3]
V  [jvm.dll+0x7ff568]
V  [jvm.dll+0x6c953d]
C  [ucrtbase.dll+0x37b0]
C  [KERNEL32.DLL+0x2e8d7]
C  [ntdll.dll+0x8c48c]

VM_Operation (0x00000046dc1fd160): G1CollectForAllocation, mode: safepoint, requested by thread 0x000001d1876129f0


---------------  P R O C E S S  ---------------

Threads class SMR info:
_java_thread_list=0x000001d187d27ec0, length=167, elements={
0x000001d19b658160, 0x000001d1ba69f2f0, 0x000001d1ba6a09c0, 0x000001d1ba6a3fa0,
0x000001d1ba6a4a00, 0x000001d1ba6a7470, 0x000001d1ba6a7ed0, 0x000001d1ba6a8c60,
0x000001d1ba82df10, 0x000001d1ba86cc00, 0x000001d1ba9c6c00, 0x000001d1baa02570,
0x000001d180cf1340, 0x000001d1ba8a4660, 0x000001d18096ff60, 0x000001d18096ebb0,
0x000001d180971310, 0x000001d180970c80, 0x000001d1809705f0, 0x000001d1809719a0,
0x000001d18096e520, 0x000001d18096f240, 0x000001d18096f8d0, 0x000001d181944c90,
0x000001d1819473f0, 0x000001d1819459b0, 0x000001d181946040, 0x000001d181946d60,
0x000001d181948110, 0x000001d181945320, 0x000001d1819487a0, 0x000001d181948e30,
0x000001d1819494c0, 0x000001d183fd7060, 0x000001d183fd7d80, 0x000001d183fdab70,
0x000001d183fd8aa0, 0x000001d183fd9130, 0x000001d183fd76f0, 0x000001d183fd8410,
0x000001d183fdb200, 0x000001d183fdcc40, 0x000001d183fdb890, 0x000001d183fdc5b0,
0x000001d183fdbf20, 0x000001d183fd97c0, 0x000001d183fdd2d0, 0x000001d183fddff0,
0x000001d183fdd960, 0x000001d183fde680, 0x000001d183e4f7f0, 0x000001d183e4fe80,
0x000001d183e525e0, 0x000001d183e4f160, 0x000001d183e50ba0, 0x000001d183e53990,
0x000001d183e51230, 0x000001d183e50510, 0x000001d183e53300, 0x000001d183e546b0,
0x000001d183e54020, 0x000001d183e54d40, 0x000001d183e518c0, 0x000001d183e553d0,
0x000001d183e51f50, 0x000001d183e55a60, 0x000001d181949b50, 0x000001d1840e0040,
0x000001d1840de600, 0x000001d182432e20, 0x000001d1840e27a0, 0x000001d1840e2e30,
0x000001d1840e4870, 0x000001d1840e5590, 0x000001d1840e5c20, 0x000001d1840e34c0,
0x000001d1840e3b50, 0x000001d183e52c70, 0x000001d187931c10, 0x000001d187932930,
0x000001d187932fc0, 0x000001d187930ef0, 0x000001d187934370, 0x000001d187933650,
0x000001d187933ce0, 0x000001d187931580, 0x000001d187935db0, 0x000001d187936440,
0x000001d187936ad0, 0x000001d1879377f0, 0x000001d187937160, 0x000001d187937e80,
0x000001d187938510, 0x000001d187935090, 0x000001d187935720, 0x000001d1841b3160,
0x000001d182430540, 0x000001d1865440f0, 0x000001d1865454a0, 0x000001d1865433d0,
0x000001d186544780, 0x000001d186544e10, 0x000001d186543a60, 0x000001d186542d40,
0x000001d186548fb0, 0x000001d186549640, 0x000001d18c1d3000, 0x000001d18c1d4a40,
0x000001d18c1e3260, 0x000001d18c1e38f0, 0x000001d18c1e3f80, 0x000001d18c1e1820,
0x000001d18c1e1eb0, 0x000001d18c1e0b00, 0x000001d18c1e6050, 0x000001d18c1e7a90,
0x000001d18c1e4610, 0x000001d18c1e4ca0, 0x000001d18c1e5330, 0x000001d18c1e8120,
0x000001d18c1e59c0, 0x000001d18c1e66e0, 0x000001d18c1e1190, 0x000001d18c1e2540,
0x000001d18c1e2bd0, 0x000001d18c1e6d70, 0x000001d18c1e7400, 0x000001d1841b0370,
0x000001d1841b1090, 0x000001d1841b0a00, 0x000001d1841b1db0, 0x000001d1841afce0,
0x000001d1841b65e0, 0x000001d1841b37f0, 0x000001d1841b3e80, 0x000001d1841b5230,
0x000001d1841b58c0, 0x000001d1841b5f50, 0x000001d1841b4ba0, 0x000001d1841b4510,
0x000001d186545b30, 0x000001d1865426b0, 0x000001d186547c00, 0x000001d186548290,
0x000001d1865461c0, 0x000001d186549cd0, 0x000001d186546850, 0x000001d186548920,
0x000001d186546ee0, 0x000001d186547570, 0x000001d18c1d43b0, 0x000001d18c1d50d0,
0x000001d18c1d3690, 0x000001d18c1d5df0, 0x000001d18c1d6480, 0x000001d18c1d3d20,
0x000001d18c1d5760, 0x000001d1840e2110, 0x000001d1840dec90, 0x000001d1840e41e0,
0x000001d1876129f0, 0x000001d187610fb0, 0x000001d187612360, 0x000001d18760f570,
0x000001d187611640, 0x000001d187613080, 0x000001d18760fc00
}

Java Threads: ( => current thread )
  0x000001d19b658160 JavaThread "main"                              [_thread_blocked, id=15232, stack(0x00000046d0e00000,0x00000046d0f00000) (1024K)]
  0x000001d1ba69f2f0 JavaThread "Reference Handler"          daemon [_thread_blocked, id=12204, stack(0x00000046d1700000,0x00000046d1800000) (1024K)]
  0x000001d1ba6a09c0 JavaThread "Finalizer"                  daemon [_thread_blocked, id=21880, stack(0x00000046d1800000,0x00000046d1900000) (1024K)]
  0x000001d1ba6a3fa0 JavaThread "Signal Dispatcher"          daemon [_thread_blocked, id=13948, stack(0x00000046d1900000,0x00000046d1a00000) (1024K)]
  0x000001d1ba6a4a00 JavaThread "Attach Listener"            daemon [_thread_blocked, id=20692, stack(0x00000046d1a00000,0x00000046d1b00000) (1024K)]
  0x000001d1ba6a7470 JavaThread "Service Thread"             daemon [_thread_blocked, id=22040, stack(0x00000046d1b00000,0x00000046d1c00000) (1024K)]
  0x000001d1ba6a7ed0 JavaThread "Monitor Deflation Thread"   daemon [_thread_blocked, id=23284, stack(0x00000046d1c00000,0x00000046d1d00000) (1024K)]
  0x000001d1ba6a8c60 JavaThread "C2 CompilerThread0"         daemon [_thread_blocked, id=8712, stack(0x00000046d1d00000,0x00000046d1e00000) (1024K)]
  0x000001d1ba82df10 JavaThread "C1 CompilerThread0"         daemon [_thread_blocked, id=12584, stack(0x00000046d1e00000,0x00000046d1f00000) (1024K)]
  0x000001d1ba86cc00 JavaThread "Common-Cleaner"             daemon [_thread_blocked, id=11460, stack(0x00000046d1f00000,0x00000046d2000000) (1024K)]
  0x000001d1ba9c6c00 JavaThread "Notification Thread"        daemon [_thread_blocked, id=21300, stack(0x00000046d2000000,0x00000046d2100000) (1024K)]
  0x000001d1baa02570 JavaThread "Daemon health stats"               [_thread_blocked, id=6708, stack(0x00000046d2600000,0x00000046d2700000) (1024K)]
  0x000001d180cf1340 JavaThread "Incoming local TCP Connector on port 56578"        [_thread_in_native, id=22372, stack(0x00000046d2400000,0x00000046d2500000) (1024K)]
  0x000001d1ba8a4660 JavaThread "Daemon periodic checks"            [_thread_blocked, id=22592, stack(0x00000046d2700000,0x00000046d2800000) (1024K)]
  0x000001d18096ff60 JavaThread "Daemon"                            [_thread_blocked, id=16716, stack(0x00000046d2800000,0x00000046d2900000) (1024K)]
  0x000001d18096ebb0 JavaThread "Handler for socket connection from /127.0.0.1:56578 to /127.0.0.1:53012"        [_thread_in_native, id=19864, stack(0x00000046d2900000,0x00000046d2a00000) (1024K)]
  0x000001d180971310 JavaThread "Cancel handler"                    [_thread_blocked, id=9460, stack(0x00000046d2a00000,0x00000046d2b00000) (1024K)]
  0x000001d180970c80 JavaThread "Daemon worker"                     [_thread_blocked, id=12504, stack(0x00000046d2b00000,0x00000046d2c00000) (1024K)]
  0x000001d1809705f0 JavaThread "Asynchronous log dispatcher for DefaultDaemonConnection: socket connection from /127.0.0.1:56578 to /127.0.0.1:53012"        [_thread_blocked, id=17504, stack(0x00000046d2c00000,0x00000046d2d00000) (1024K)]
  0x000001d1809719a0 JavaThread "Stdin handler"                     [_thread_blocked, id=18092, stack(0x00000046d2d00000,0x00000046d2e00000) (1024K)]
  0x000001d18096e520 JavaThread "Daemon client event forwarder"        [_thread_blocked, id=24152, stack(0x00000046d2e00000,0x00000046d2f00000) (1024K)]
  0x000001d18096f240 JavaThread "Cache worker for journal cache (C:\Users\harsh\.gradle\caches\journal-1)"        [_thread_blocked, id=11844, stack(0x00000046d2f00000,0x00000046d3000000) (1024K)]
  0x000001d18096f8d0 JavaThread "File lock request listener"        [_thread_in_native, id=5260, stack(0x00000046d3000000,0x00000046d3100000) (1024K)]
  0x000001d181944c90 JavaThread "Cache worker for file hash cache (C:\Users\harsh\.gradle\caches\8.11.1\fileHashes)"        [_thread_blocked, id=408, stack(0x00000046d3100000,0x00000046d3200000) (1024K)]
  0x000001d1819473f0 JavaThread "File lock release action executor"        [_thread_blocked, id=15708, stack(0x00000046d3200000,0x00000046d3300000) (1024K)]
  0x000001d1819459b0 JavaThread "Cache worker for file content cache (C:\Users\harsh\.gradle\caches\8.11.1\fileContent)"        [_thread_blocked, id=9512, stack(0x00000046d3900000,0x00000046d3a00000) (1024K)]
  0x000001d181946040 JavaThread "Cache worker for file hash cache (C:\Users\harsh\AndroidStudioProjects\VidPlay\.gradle\8.11.1\fileHashes)"        [_thread_blocked, id=24548, stack(0x00000046d3c00000,0x00000046d3d00000) (1024K)]
  0x000001d181946d60 JavaThread "Cache worker for Build Output Cleanup Cache (C:\Users\harsh\AndroidStudioProjects\VidPlay\.gradle\buildOutputCleanup)"        [_thread_blocked, id=13180, stack(0x00000046d3d00000,0x00000046d3e00000) (1024K)]
  0x000001d181948110 JavaThread "File watcher server"        daemon [_thread_blocked, id=1820, stack(0x00000046d3800000,0x00000046d3900000) (1024K)]
  0x000001d181945320 JavaThread "File watcher consumer"      daemon [_thread_blocked, id=23292, stack(0x00000046d3e00000,0x00000046d3f00000) (1024K)]
  0x000001d1819487a0 JavaThread "Cache worker for checksums cache (C:\Users\harsh\AndroidStudioProjects\VidPlay\.gradle\8.11.1\checksums)"        [_thread_blocked, id=24056, stack(0x00000046d3f00000,0x00000046d4000000) (1024K)]
  0x000001d181948e30 JavaThread "Cache worker for cache directory md-rule (C:\Users\harsh\.gradle\caches\8.11.1\md-rule)"        [_thread_blocked, id=24216, stack(0x00000046d4000000,0x00000046d4100000) (1024K)]
  0x000001d1819494c0 JavaThread "Cache worker for cache directory md-supplier (C:\Users\harsh\.gradle\caches\8.11.1\md-supplier)"        [_thread_blocked, id=22296, stack(0x00000046d4100000,0x00000046d4200000) (1024K)]
  0x000001d183fd7060 JavaThread "Unconstrained build operations"        [_thread_blocked, id=17396, stack(0x00000046d4300000,0x00000046d4400000) (1024K)]
  0x000001d183fd7d80 JavaThread "Unconstrained build operations Thread 2"        [_thread_blocked, id=21900, stack(0x00000046d4400000,0x00000046d4500000) (1024K)]
  0x000001d183fdab70 JavaThread "Unconstrained build operations Thread 3"        [_thread_blocked, id=3936, stack(0x00000046d4500000,0x00000046d4600000) (1024K)]
  0x000001d183fd8aa0 JavaThread "Unconstrained build operations Thread 4"        [_thread_blocked, id=1108, stack(0x00000046d4600000,0x00000046d4700000) (1024K)]
  0x000001d183fd9130 JavaThread "Unconstrained build operations Thread 5"        [_thread_blocked, id=24452, stack(0x00000046d4700000,0x00000046d4800000) (1024K)]
  0x000001d183fd76f0 JavaThread "Unconstrained build operations Thread 6"        [_thread_blocked, id=20788, stack(0x00000046d4800000,0x00000046d4900000) (1024K)]
  0x000001d183fd8410 JavaThread "Unconstrained build operations Thread 7"        [_thread_blocked, id=1544, stack(0x00000046d4900000,0x00000046d4a00000) (1024K)]
  0x000001d183fdb200 JavaThread "Unconstrained build operations Thread 8"        [_thread_blocked, id=18344, stack(0x00000046d4a00000,0x00000046d4b00000) (1024K)]
  0x000001d183fdcc40 JavaThread "Unconstrained build operations Thread 9"        [_thread_blocked, id=20224, stack(0x00000046d4b00000,0x00000046d4c00000) (1024K)]
  0x000001d183fdb890 JavaThread "Unconstrained build operations Thread 10"        [_thread_blocked, id=21320, stack(0x00000046d4c00000,0x00000046d4d00000) (1024K)]
  0x000001d183fdc5b0 JavaThread "Unconstrained build operations Thread 11"        [_thread_blocked, id=14708, stack(0x00000046d4d00000,0x00000046d4e00000) (1024K)]
  0x000001d183fdbf20 JavaThread "Unconstrained build operations Thread 12"        [_thread_blocked, id=13068, stack(0x00000046d4f00000,0x00000046d5000000) (1024K)]
  0x000001d183fd97c0 JavaThread "Unconstrained build operations Thread 13"        [_thread_blocked, id=20432, stack(0x00000046d5000000,0x00000046d5100000) (1024K)]
  0x000001d183fdd2d0 JavaThread "Unconstrained build operations Thread 14"        [_thread_blocked, id=16852, stack(0x00000046d5100000,0x00000046d5200000) (1024K)]
  0x000001d183fddff0 JavaThread "Unconstrained build operations Thread 15"        [_thread_blocked, id=20892, stack(0x00000046d5200000,0x00000046d5300000) (1024K)]
  0x000001d183fdd960 JavaThread "Unconstrained build operations Thread 16"        [_thread_blocked, id=18136, stack(0x00000046d5300000,0x00000046d5400000) (1024K)]
  0x000001d183fde680 JavaThread "Unconstrained build operations Thread 17"        [_thread_blocked, id=3736, stack(0x00000046d5400000,0x00000046d5500000) (1024K)]
  0x000001d183e4f7f0 JavaThread "Unconstrained build operations Thread 18"        [_thread_blocked, id=16868, stack(0x00000046d5500000,0x00000046d5600000) (1024K)]
  0x000001d183e4fe80 JavaThread "Unconstrained build operations Thread 19"        [_thread_blocked, id=1952, stack(0x00000046d5600000,0x00000046d5700000) (1024K)]
  0x000001d183e525e0 JavaThread "Unconstrained build operations Thread 20"        [_thread_blocked, id=2432, stack(0x00000046d5700000,0x00000046d5800000) (1024K)]
  0x000001d183e4f160 JavaThread "Unconstrained build operations Thread 21"        [_thread_blocked, id=23348, stack(0x00000046d5800000,0x00000046d5900000) (1024K)]
  0x000001d183e50ba0 JavaThread "Unconstrained build operations Thread 22"        [_thread_blocked, id=23628, stack(0x00000046d5900000,0x00000046d5a00000) (1024K)]
  0x000001d183e53990 JavaThread "Unconstrained build operations Thread 23"        [_thread_blocked, id=1044, stack(0x00000046d5a00000,0x00000046d5b00000) (1024K)]
  0x000001d183e51230 JavaThread "Unconstrained build operations Thread 24"        [_thread_blocked, id=17848, stack(0x00000046d5b00000,0x00000046d5c00000) (1024K)]
  0x000001d183e50510 JavaThread "Unconstrained build operations Thread 25"        [_thread_blocked, id=6380, stack(0x00000046d5c00000,0x00000046d5d00000) (1024K)]
  0x000001d183e53300 JavaThread "Unconstrained build operations Thread 26"        [_thread_blocked, id=8172, stack(0x00000046d5d00000,0x00000046d5e00000) (1024K)]
  0x000001d183e546b0 JavaThread "Unconstrained build operations Thread 27"        [_thread_blocked, id=14252, stack(0x00000046d5e00000,0x00000046d5f00000) (1024K)]
  0x000001d183e54020 JavaThread "Unconstrained build operations Thread 28"        [_thread_blocked, id=21112, stack(0x00000046d5f00000,0x00000046d6000000) (1024K)]
  0x000001d183e54d40 JavaThread "Unconstrained build operations Thread 29"        [_thread_blocked, id=7280, stack(0x00000046d6000000,0x00000046d6100000) (1024K)]
  0x000001d183e518c0 JavaThread "Unconstrained build operations Thread 30"        [_thread_blocked, id=15860, stack(0x00000046d6100000,0x00000046d6200000) (1024K)]
  0x000001d183e553d0 JavaThread "Unconstrained build operations Thread 31"        [_thread_blocked, id=3516, stack(0x00000046d6200000,0x00000046d6300000) (1024K)]
  0x000001d183e51f50 JavaThread "Unconstrained build operations Thread 32"        [_thread_blocked, id=20056, stack(0x00000046d6300000,0x00000046d6400000) (1024K)]
  0x000001d183e55a60 JavaThread "Unconstrained build operations Thread 33"        [_thread_blocked, id=23952, stack(0x00000046d6400000,0x00000046d6500000) (1024K)]
  0x000001d181949b50 JavaThread "Memory manager"                    [_thread_blocked, id=6968, stack(0x00000046d4e00000,0x00000046d4f00000) (1024K)]
  0x000001d1840e0040 JavaThread "build event listener"              [_thread_blocked, id=22284, stack(0x00000046d6500000,0x00000046d6600000) (1024K)]
  0x000001d1840de600 JavaThread "build event listener"              [_thread_blocked, id=12776, stack(0x00000046d6600000,0x00000046d6700000) (1024K)]
  0x000001d182432e20 JavaThread "C2 CompilerThread1"         daemon [_thread_blocked, id=2464, stack(0x00000046d4200000,0x00000046d4300000) (1024K)]
  0x000001d1840e27a0 JavaThread "pool-3-thread-1"                   [_thread_blocked, id=7504, stack(0x00000046d6700000,0x00000046d6800000) (1024K)]
  0x000001d1840e2e30 JavaThread "build event listener"              [_thread_blocked, id=17788, stack(0x00000046d6800000,0x00000046d6900000) (1024K)]
  0x000001d1840e4870 JavaThread "included builds"                   [_thread_blocked, id=23732, stack(0x00000046d6900000,0x00000046d6a00000) (1024K)]
  0x000001d1840e5590 JavaThread "Execution worker"                  [_thread_blocked, id=13008, stack(0x00000046d6a00000,0x00000046d6b00000) (1024K)]
  0x000001d1840e5c20 JavaThread "Execution worker Thread 2"         [_thread_blocked, id=23084, stack(0x00000046d6b00000,0x00000046d6c00000) (1024K)]
  0x000001d1840e34c0 JavaThread "Execution worker Thread 3"         [_thread_blocked, id=3668, stack(0x00000046d6c00000,0x00000046d6d00000) (1024K)]
  0x000001d1840e3b50 JavaThread "Execution worker Thread 4"         [_thread_blocked, id=13052, stack(0x00000046d6d00000,0x00000046d6e00000) (1024K)]
  0x000001d183e52c70 JavaThread "Execution worker Thread 5"         [_thread_blocked, id=18712, stack(0x00000046d6e00000,0x00000046d6f00000) (1024K)]
  0x000001d187931c10 JavaThread "Execution worker Thread 6"         [_thread_blocked, id=17244, stack(0x00000046d6f00000,0x00000046d7000000) (1024K)]
  0x000001d187932930 JavaThread "Execution worker Thread 7"         [_thread_blocked, id=20968, stack(0x00000046d7000000,0x00000046d7100000) (1024K)]
  0x000001d187932fc0 JavaThread "Execution worker Thread 8"         [_thread_blocked, id=4168, stack(0x00000046d7100000,0x00000046d7200000) (1024K)]
  0x000001d187930ef0 JavaThread "Execution worker Thread 9"         [_thread_blocked, id=20972, stack(0x00000046d7200000,0x00000046d7300000) (1024K)]
  0x000001d187934370 JavaThread "Execution worker Thread 10"        [_thread_blocked, id=23244, stack(0x00000046d7300000,0x00000046d7400000) (1024K)]
  0x000001d187933650 JavaThread "Execution worker Thread 11"        [_thread_blocked, id=3672, stack(0x00000046d7400000,0x00000046d7500000) (1024K)]
  0x000001d187933ce0 JavaThread "Cache worker for execution history cache (C:\Users\harsh\AndroidStudioProjects\VidPlay\.gradle\8.11.1\executionHistory)"        [_thread_blocked, id=23384, stack(0x00000046d7500000,0x00000046d7600000) (1024K)]
  0x000001d187931580 JavaThread "Unconstrained build operations Thread 34"        [_thread_blocked, id=24540, stack(0x00000046d7600000,0x00000046d7700000) (1024K)]
  0x000001d187935db0 JavaThread "Unconstrained build operations Thread 35"        [_thread_blocked, id=15136, stack(0x00000046d7700000,0x00000046d7800000) (1024K)]
  0x000001d187936440 JavaThread "Unconstrained build operations Thread 36"        [_thread_blocked, id=22504, stack(0x00000046d7800000,0x00000046d7900000) (1024K)]
  0x000001d187936ad0 JavaThread "Unconstrained build operations Thread 37"        [_thread_blocked, id=22788, stack(0x00000046d7900000,0x00000046d7a00000) (1024K)]
  0x000001d1879377f0 JavaThread "Unconstrained build operations Thread 38"        [_thread_blocked, id=20280, stack(0x00000046d7a00000,0x00000046d7b00000) (1024K)]
  0x000001d187937160 JavaThread "Unconstrained build operations Thread 39"        [_thread_blocked, id=2228, stack(0x00000046d7b00000,0x00000046d7c00000) (1024K)]
  0x000001d187937e80 JavaThread "Unconstrained build operations Thread 40"        [_thread_blocked, id=1988, stack(0x00000046d7c00000,0x00000046d7d00000) (1024K)]
  0x000001d187938510 JavaThread "Unconstrained build operations Thread 41"        [_thread_blocked, id=23524, stack(0x00000046d7d00000,0x00000046d7e00000) (1024K)]
  0x000001d187935090 JavaThread "Unconstrained build operations Thread 42"        [_thread_blocked, id=24324, stack(0x00000046d7e00000,0x00000046d7f00000) (1024K)]
  0x000001d187935720 JavaThread "Unconstrained build operations Thread 43"        [_thread_blocked, id=16088, stack(0x00000046d7f00000,0x00000046d8000000) (1024K)]
  0x000001d1841b3160 JavaThread "Unconstrained build operations Thread 44"        [_thread_blocked, id=8720, stack(0x00000046d8000000,0x00000046d8100000) (1024K)]
  0x000001d182430540 JavaThread "C2 CompilerThread2"         daemon [_thread_blocked, id=20348, stack(0x00000046d8100000,0x00000046d8200000) (1024K)]
  0x000001d1865440f0 JavaThread "Unconstrained build operations Thread 45"        [_thread_blocked, id=22820, stack(0x00000046d8200000,0x00000046d8300000) (1024K)]
  0x000001d1865454a0 JavaThread "Unconstrained build operations Thread 46"        [_thread_blocked, id=23704, stack(0x00000046d8300000,0x00000046d8400000) (1024K)]
  0x000001d1865433d0 JavaThread "Unconstrained build operations Thread 47"        [_thread_blocked, id=19852, stack(0x00000046d8400000,0x00000046d8500000) (1024K)]
  0x000001d186544780 JavaThread "Unconstrained build operations Thread 48"        [_thread_blocked, id=21392, stack(0x00000046d8500000,0x00000046d8600000) (1024K)]
  0x000001d186544e10 JavaThread "Unconstrained build operations Thread 49"        [_thread_blocked, id=15132, stack(0x00000046d8600000,0x00000046d8700000) (1024K)]
  0x000001d186543a60 JavaThread "Unconstrained build operations Thread 50"        [_thread_blocked, id=5168, stack(0x00000046d8700000,0x00000046d8800000) (1024K)]
  0x000001d186542d40 JavaThread "Unconstrained build operations Thread 51"        [_thread_blocked, id=10232, stack(0x00000046d8800000,0x00000046d8900000) (1024K)]
  0x000001d186548fb0 JavaThread "Unconstrained build operations Thread 52"        [_thread_blocked, id=5740, stack(0x00000046d8900000,0x00000046d8a00000) (1024K)]
  0x000001d186549640 JavaThread "Unconstrained build operations Thread 53"        [_thread_blocked, id=23152, stack(0x00000046d8a00000,0x00000046d8b00000) (1024K)]
  0x000001d18c1d3000 JavaThread "Unconstrained build operations Thread 54"        [_thread_blocked, id=8756, stack(0x00000046d8b00000,0x00000046d8c00000) (1024K)]
  0x000001d18c1d4a40 JavaThread "Unconstrained build operations Thread 55"        [_thread_blocked, id=23412, stack(0x00000046d8c00000,0x00000046d8d00000) (1024K)]
  0x000001d18c1e3260 JavaThread "Unconstrained build operations Thread 56"        [_thread_blocked, id=22564, stack(0x00000046d8d00000,0x00000046d8e00000) (1024K)]
  0x000001d18c1e38f0 JavaThread "Unconstrained build operations Thread 57"        [_thread_blocked, id=14564, stack(0x00000046d8e00000,0x00000046d8f00000) (1024K)]
  0x000001d18c1e3f80 JavaThread "Unconstrained build operations Thread 58"        [_thread_blocked, id=7844, stack(0x00000046d8f00000,0x00000046d9000000) (1024K)]
  0x000001d18c1e1820 JavaThread "Unconstrained build operations Thread 59"        [_thread_blocked, id=22208, stack(0x00000046d9000000,0x00000046d9100000) (1024K)]
  0x000001d18c1e1eb0 JavaThread "Unconstrained build operations Thread 60"        [_thread_blocked, id=22124, stack(0x00000046d9100000,0x00000046d9200000) (1024K)]
  0x000001d18c1e0b00 JavaThread "Unconstrained build operations Thread 61"        [_thread_blocked, id=21964, stack(0x00000046d9200000,0x00000046d9300000) (1024K)]
  0x000001d18c1e6050 JavaThread "Unconstrained build operations Thread 62"        [_thread_blocked, id=17792, stack(0x00000046d9300000,0x00000046d9400000) (1024K)]
  0x000001d18c1e7a90 JavaThread "Unconstrained build operations Thread 63"        [_thread_blocked, id=4092, stack(0x00000046d9400000,0x00000046d9500000) (1024K)]
  0x000001d18c1e4610 JavaThread "Unconstrained build operations Thread 64"        [_thread_blocked, id=20040, stack(0x00000046d9500000,0x00000046d9600000) (1024K)]
  0x000001d18c1e4ca0 JavaThread "Unconstrained build operations Thread 65"        [_thread_blocked, id=21432, stack(0x00000046d9600000,0x00000046d9700000) (1024K)]
  0x000001d18c1e5330 JavaThread "Unconstrained build operations Thread 66"        [_thread_blocked, id=23240, stack(0x00000046d9700000,0x00000046d9800000) (1024K)]
  0x000001d18c1e8120 JavaThread "Unconstrained build operations Thread 67"        [_thread_blocked, id=21820, stack(0x00000046d9800000,0x00000046d9900000) (1024K)]
  0x000001d18c1e59c0 JavaThread "Unconstrained build operations Thread 68"        [_thread_blocked, id=24384, stack(0x00000046d9900000,0x00000046d9a00000) (1024K)]
  0x000001d18c1e66e0 JavaThread "Unconstrained build operations Thread 69"        [_thread_blocked, id=10272, stack(0x00000046d9a00000,0x00000046d9b00000) (1024K)]
  0x000001d18c1e1190 JavaThread "Unconstrained build operations Thread 70"        [_thread_blocked, id=20064, stack(0x00000046d9b00000,0x00000046d9c00000) (1024K)]
  0x000001d18c1e2540 JavaThread "Unconstrained build operations Thread 71"        [_thread_blocked, id=2788, stack(0x00000046d9c00000,0x00000046d9d00000) (1024K)]
  0x000001d18c1e2bd0 JavaThread "Unconstrained build operations Thread 72"        [_thread_blocked, id=6688, stack(0x00000046d9d00000,0x00000046d9e00000) (1024K)]
  0x000001d18c1e6d70 JavaThread "Unconstrained build operations Thread 73"        [_thread_blocked, id=3356, stack(0x00000046d9e00000,0x00000046d9f00000) (1024K)]
  0x000001d18c1e7400 JavaThread "Unconstrained build operations Thread 74"        [_thread_blocked, id=13952, stack(0x00000046d9f00000,0x00000046da000000) (1024K)]
  0x000001d1841b0370 JavaThread "Unconstrained build operations Thread 75"        [_thread_blocked, id=7980, stack(0x00000046da000000,0x00000046da100000) (1024K)]
  0x000001d1841b1090 JavaThread "Unconstrained build operations Thread 76"        [_thread_blocked, id=6356, stack(0x00000046da100000,0x00000046da200000) (1024K)]
  0x000001d1841b0a00 JavaThread "Unconstrained build operations Thread 77"        [_thread_blocked, id=20096, stack(0x00000046da200000,0x00000046da300000) (1024K)]
  0x000001d1841b1db0 JavaThread "Unconstrained build operations Thread 78"        [_thread_blocked, id=9868, stack(0x00000046da300000,0x00000046da400000) (1024K)]
  0x000001d1841afce0 JavaThread "Unconstrained build operations Thread 79"        [_thread_blocked, id=10320, stack(0x00000046da400000,0x00000046da500000) (1024K)]
  0x000001d1841b65e0 JavaThread "Unconstrained build operations Thread 80"        [_thread_blocked, id=10056, stack(0x00000046da500000,0x00000046da600000) (1024K)]
  0x000001d1841b37f0 JavaThread "WorkerExecutor Queue"              [_thread_blocked, id=4444, stack(0x00000046da600000,0x00000046da700000) (1024K)]
  0x000001d1841b3e80 JavaThread "Unconstrained build operations Thread 81"        [_thread_blocked, id=17712, stack(0x00000046da700000,0x00000046da800000) (1024K)]
  0x000001d1841b5230 JavaThread "Unconstrained build operations Thread 82"        [_thread_blocked, id=17808, stack(0x00000046da800000,0x00000046da900000) (1024K)]
  0x000001d1841b58c0 JavaThread "Unconstrained build operations Thread 83"        [_thread_blocked, id=23572, stack(0x00000046da900000,0x00000046daa00000) (1024K)]
  0x000001d1841b5f50 JavaThread "Unconstrained build operations Thread 84"        [_thread_blocked, id=21856, stack(0x00000046daa00000,0x00000046dab00000) (1024K)]
  0x000001d1841b4ba0 JavaThread "Unconstrained build operations Thread 85"        [_thread_blocked, id=2456, stack(0x00000046dab00000,0x00000046dac00000) (1024K)]
  0x000001d1841b4510 JavaThread "Unconstrained build operations Thread 86"        [_thread_blocked, id=23092, stack(0x00000046dac00000,0x00000046dad00000) (1024K)]
  0x000001d186545b30 JavaThread "Unconstrained build operations Thread 87"        [_thread_blocked, id=13724, stack(0x00000046dad00000,0x00000046dae00000) (1024K)]
  0x000001d1865426b0 JavaThread "Unconstrained build operations Thread 88"        [_thread_blocked, id=20904, stack(0x00000046dae00000,0x00000046daf00000) (1024K)]
  0x000001d186547c00 JavaThread "Unconstrained build operations Thread 89"        [_thread_blocked, id=8204, stack(0x00000046daf00000,0x00000046db000000) (1024K)]
  0x000001d186548290 JavaThread "Unconstrained build operations Thread 90"        [_thread_blocked, id=11332, stack(0x00000046db000000,0x00000046db100000) (1024K)]
  0x000001d1865461c0 JavaThread "Unconstrained build operations Thread 91"        [_thread_blocked, id=404, stack(0x00000046db100000,0x00000046db200000) (1024K)]
  0x000001d186549cd0 JavaThread "Unconstrained build operations Thread 92"        [_thread_blocked, id=8132, stack(0x00000046db200000,0x00000046db300000) (1024K)]
  0x000001d186546850 JavaThread "Unconstrained build operations Thread 93"        [_thread_blocked, id=24220, stack(0x00000046db300000,0x00000046db400000) (1024K)]
  0x000001d186548920 JavaThread "Unconstrained build operations Thread 94"        [_thread_blocked, id=4248, stack(0x00000046db400000,0x00000046db500000) (1024K)]
  0x000001d186546ee0 JavaThread "Unconstrained build operations Thread 95"        [_thread_blocked, id=19380, stack(0x00000046db500000,0x00000046db600000) (1024K)]
  0x000001d186547570 JavaThread "Unconstrained build operations Thread 96"        [_thread_blocked, id=1816, stack(0x00000046db600000,0x00000046db700000) (1024K)]
  0x000001d18c1d43b0 JavaThread "Unconstrained build operations Thread 97"        [_thread_blocked, id=9496, stack(0x00000046db700000,0x00000046db800000) (1024K)]
  0x000001d18c1d50d0 JavaThread "Unconstrained build operations Thread 98"        [_thread_blocked, id=18388, stack(0x00000046db800000,0x00000046db900000) (1024K)]
  0x000001d18c1d3690 JavaThread "Unconstrained build operations Thread 99"        [_thread_blocked, id=21464, stack(0x00000046db900000,0x00000046dba00000) (1024K)]
  0x000001d18c1d5df0 JavaThread "Unconstrained build operations Thread 100"        [_thread_blocked, id=2008, stack(0x00000046dba00000,0x00000046dbb00000) (1024K)]
  0x000001d18c1d6480 JavaThread "Unconstrained build operations Thread 101"        [_thread_blocked, id=10940, stack(0x00000046dbb00000,0x00000046dbc00000) (1024K)]
  0x000001d18c1d3d20 JavaThread "Unconstrained build operations Thread 102"        [_thread_blocked, id=24480, stack(0x00000046dbc00000,0x00000046dbd00000) (1024K)]
  0x000001d18c1d5760 JavaThread "Unconstrained build operations Thread 103"        [_thread_blocked, id=17768, stack(0x00000046dbd00000,0x00000046dbe00000) (1024K)]
  0x000001d1840e2110 JavaThread "Unconstrained build operations Thread 104"        [_thread_blocked, id=13700, stack(0x00000046dbe00000,0x00000046dbf00000) (1024K)]
  0x000001d1840dec90 JavaThread "Unconstrained build operations Thread 105"        [_thread_blocked, id=1920, stack(0x00000046dbf00000,0x00000046dc000000) (1024K)]
  0x000001d1840e41e0 JavaThread "Unconstrained build operations Thread 106"        [_thread_blocked, id=10356, stack(0x00000046dc000000,0x00000046dc100000) (1024K)]
  0x000001d1876129f0 JavaThread "Unconstrained build operations Thread 107"        [_thread_blocked, id=7784, stack(0x00000046dc100000,0x00000046dc200000) (1024K)]
  0x000001d187610fb0 JavaThread "Unconstrained build operations Thread 108"        [_thread_blocked, id=24440, stack(0x00000046dc200000,0x00000046dc300000) (1024K)]
  0x000001d187612360 JavaThread "Unconstrained build operations Thread 109"        [_thread_blocked, id=22240, stack(0x00000046dc300000,0x00000046dc400000) (1024K)]
  0x000001d18760f570 JavaThread "Unconstrained build operations Thread 110"        [_thread_blocked, id=21972, stack(0x00000046dc400000,0x00000046dc500000) (1024K)]
  0x000001d187611640 JavaThread "Unconstrained build operations Thread 111"        [_thread_blocked, id=18180, stack(0x00000046dc500000,0x00000046dc600000) (1024K)]
  0x000001d187613080 JavaThread "Unconstrained build operations Thread 112"        [_thread_blocked, id=10288, stack(0x00000046dc600000,0x00000046dc700000) (1024K)]
  0x000001d18760fc00 JavaThread "Unconstrained build operations Thread 113"        [_thread_blocked, id=14316, stack(0x00000046dc700000,0x00000046dc800000) (1024K)]
Total: 167

Other Threads:
=>0x000001d1ba67b150 VMThread "VM Thread"                           [id=21556, stack(0x00000046d1600000,0x00000046d1700000) (1024K)]
  0x000001d1ba664ce0 WatcherThread "VM Periodic Task Thread"        [id=21884, stack(0x00000046d1500000,0x00000046d1600000) (1024K)]
  0x000001d19d8e8fb0 WorkerThread "GC Thread#0"                     [id=12576, stack(0x00000046d1000000,0x00000046d1100000) (1024K)]
  0x000001d1baa964a0 WorkerThread "GC Thread#1"                     [id=22776, stack(0x00000046d2100000,0x00000046d2200000) (1024K)]
  0x000001d1baa96840 WorkerThread "GC Thread#2"                     [id=22200, stack(0x00000046d2200000,0x00000046d2300000) (1024K)]
  0x000001d180143f10 WorkerThread "GC Thread#3"                     [id=20988, stack(0x00000046d2300000,0x00000046d2400000) (1024K)]
  0x000001d180c790f0 WorkerThread "GC Thread#4"                     [id=20716, stack(0x00000046d2500000,0x00000046d2600000) (1024K)]
  0x000001d180a65070 WorkerThread "GC Thread#5"                     [id=18024, stack(0x00000046d3300000,0x00000046d3400000) (1024K)]
  0x000001d180a65410 WorkerThread "GC Thread#6"                     [id=14712, stack(0x00000046d3400000,0x00000046d3500000) (1024K)]
  0x000001d181fc0b80 WorkerThread "GC Thread#7"                     [id=13408, stack(0x00000046d3500000,0x00000046d3600000) (1024K)]
  0x000001d181fc00a0 WorkerThread "GC Thread#8"                     [id=21368, stack(0x00000046d3600000,0x00000046d3700000) (1024K)]
  0x000001d181fc1660 WorkerThread "GC Thread#9"                     [id=13324, stack(0x00000046d3700000,0x00000046d3800000) (1024K)]
  0x000001d19d8f9dc0 ConcurrentGCThread "G1 Main Marker"            [id=17604, stack(0x00000046d1100000,0x00000046d1200000) (1024K)]
  0x000001d19d8fa670 WorkerThread "G1 Conc#0"                       [id=20312, stack(0x00000046d1200000,0x00000046d1300000) (1024K)]
  0x000001d181fc12c0 WorkerThread "G1 Conc#1"                       [id=4316, stack(0x00000046d3a00000,0x00000046d3b00000) (1024K)]
  0x000001d181fc0440 WorkerThread "G1 Conc#2"                       [id=5536, stack(0x00000046d3b00000,0x00000046d3c00000) (1024K)]
  0x000001d19d94e7d0 ConcurrentGCThread "G1 Refine#0"               [id=20672, stack(0x00000046d1300000,0x00000046d1400000) (1024K)]
  0x000001d1ba536500 ConcurrentGCThread "G1 Service"                [id=5224, stack(0x00000046d1400000,0x00000046d1500000) (1024K)]
Total: 18

Threads with active compile tasks:
C2 CompilerThread0    60025 14528       4       org.gradle.internal.vfs.impl.DefaultFileSystemAccess::read (33 bytes)
C2 CompilerThread1    60025 14527       4       org.gradle.internal.vfs.impl.DefaultFileSystemAccess::readSnapshotFromLocation (27 bytes)
C2 CompilerThread2    60025 14522       4       org.gradle.cache.internal.btree.BTreePersistentIndexedCache$IndexBlock::find (140 bytes)
Total: 3

VM state: at safepoint (normal execution)

VM Mutex/Monitor currently owned by a thread:  ([mutex/lock_event])
[0x00007ffd432ecd68] Threads_lock - owner thread: 0x000001d1ba67b150
[0x00007ffd432ece68] Heap_lock - owner thread: 0x000001d1876129f0

Heap address: 0x0000000080000000, size: 2048 MB, Compressed Oops mode: 32-bit

CDS archive(s) mapped at: [0x000001d1bb000000-0x000001d1bbc90000-0x000001d1bbc90000), size 13172736, SharedBaseAddress: 0x000001d1bb000000, ArchiveRelocationMode: 1.
Compressed class space mapped at: 0x000001d1bc000000-0x000001d1fc000000, reserved size: 1073741824
Narrow klass base: 0x000001d1bb000000, Narrow klass shift: 0, Narrow klass range: 0x100000000

GC Precious Log:
 CardTable entry size: 512
 Card Set container configuration: InlinePtr #cards 5 size 8 Array Of Cards #cards 12 size 40 Howl #buckets 4 coarsen threshold 1843 Howl Bitmap #cards 512 size 80 coarsen threshold 460 Card regions per heap region 1 cards per card region 2048
 CPUs: 12 total, 12 available
 Memory: 7581M
 Large Page Support: Disabled
 NUMA Support: Disabled
 Compressed Oops: Enabled (32-bit)
 Heap Region Size: 1M
 Heap Min Capacity: 8M
 Heap Initial Capacity: 120M
 Heap Max Capacity: 2G
 Pre-touch: Disabled
 Parallel Workers: 10
 Concurrent Workers: 3
 Concurrent Refinement Workers: 10
 Periodic GC: Disabled

Heap:
 garbage-first heap   total 215040K, used 128326K [0x0000000080000000, 0x0000000100000000)
  region size 1024K, 9 young (9216K), 9 survivors (9216K)
 Metaspace       used 110265K, committed 112576K, reserved 1179648K
  class space    used 15300K, committed 16448K, reserved 1048576K

Heap Regions: E=young(eden), S=young(survivor), O=old, HS=humongous(starts), HC=humongous(continues), CS=collection set, F=free, TAMS=top-at-mark-start, PB=parsable bottom
|   0|0x0000000080000000, 0x0000000080100000, 0x0000000080100000|100%| O|  |TAMS 0x0000000080000000| PB 0x0000000080000000| Untracked 
|   1|0x0000000080100000, 0x0000000080200000, 0x0000000080200000|100%|HS|  |TAMS 0x0000000080100000| PB 0x0000000080100000| Complete 
|   2|0x0000000080200000, 0x0000000080300000, 0x0000000080300000|100%|HC|  |TAMS 0x0000000080200000| PB 0x0000000080200000| Complete 
|   3|0x0000000080300000, 0x0000000080400000, 0x0000000080400000|100%|HC|  |TAMS 0x0000000080300000| PB 0x0000000080300000| Complete 
|   4|0x0000000080400000, 0x0000000080500000, 0x0000000080500000|100%| O|  |TAMS 0x0000000080400000| PB 0x0000000080400000| Untracked 
|   5|0x0000000080500000, 0x0000000080600000, 0x0000000080600000|100%| O|  |TAMS 0x0000000080500000| PB 0x0000000080500000| Untracked 
|   6|0x0000000080600000, 0x0000000080700000, 0x0000000080700000|100%|HS|  |TAMS 0x0000000080600000| PB 0x0000000080600000| Complete 
|   7|0x0000000080700000, 0x0000000080800000, 0x0000000080800000|100%| O|  |TAMS 0x0000000080700000| PB 0x0000000080700000| Untracked 
|   8|0x0000000080800000, 0x0000000080900000, 0x0000000080900000|100%| O|  |TAMS 0x0000000080800000| PB 0x0000000080800000| Untracked 
|   9|0x0000000080900000, 0x0000000080a00000, 0x0000000080a00000|100%| O|  |TAMS 0x0000000080900000| PB 0x0000000080900000| Untracked 
|  10|0x0000000080a00000, 0x0000000080b00000, 0x0000000080b00000|100%| O|  |TAMS 0x0000000080a00000| PB 0x0000000080a00000| Untracked 
|  11|0x0000000080b00000, 0x0000000080c00000, 0x0000000080c00000|100%| O|  |TAMS 0x0000000080b00000| PB 0x0000000080b00000| Untracked 
|  12|0x0000000080c00000, 0x0000000080d00000, 0x0000000080d00000|100%| O|  |TAMS 0x0000000080c00000| PB 0x0000000080c00000| Untracked 
|  13|0x0000000080d00000, 0x0000000080e00000, 0x0000000080e00000|100%| O|  |TAMS 0x0000000080d00000| PB 0x0000000080d00000| Untracked 
|  14|0x0000000080e00000, 0x0000000080f00000, 0x0000000080f00000|100%| O|  |TAMS 0x0000000080e00000| PB 0x0000000080e00000| Untracked 
|  15|0x0000000080f00000, 0x0000000081000000, 0x0000000081000000|100%| O|  |TAMS 0x0000000080f00000| PB 0x0000000080f00000| Untracked 
|  16|0x0000000081000000, 0x0000000081100000, 0x0000000081100000|100%| O|  |TAMS 0x0000000081000000| PB 0x0000000081000000| Untracked 
|  17|0x0000000081100000, 0x0000000081200000, 0x0000000081200000|100%| O|  |TAMS 0x0000000081100000| PB 0x0000000081100000| Untracked 
|  18|0x0000000081200000, 0x0000000081300000, 0x0000000081300000|100%| O|  |TAMS 0x0000000081200000| PB 0x0000000081200000| Untracked 
|  19|0x0000000081300000, 0x0000000081400000, 0x0000000081400000|100%| O|  |TAMS 0x0000000081300000| PB 0x0000000081300000| Untracked 
|  20|0x0000000081400000, 0x0000000081500000, 0x0000000081500000|100%| O|  |TAMS 0x0000000081400000| PB 0x0000000081400000| Untracked 
|  21|0x0000000081500000, 0x0000000081600000, 0x0000000081600000|100%| O|  |TAMS 0x0000000081500000| PB 0x0000000081500000| Untracked 
|  22|0x0000000081600000, 0x0000000081700000, 0x0000000081700000|100%| O|  |TAMS 0x0000000081600000| PB 0x0000000081600000| Untracked 
|  23|0x0000000081700000, 0x0000000081800000, 0x0000000081800000|100%| O|  |TAMS 0x0000000081700000| PB 0x0000000081700000| Untracked 
|  24|0x0000000081800000, 0x0000000081900000, 0x0000000081900000|100%| O|  |TAMS 0x0000000081800000| PB 0x0000000081800000| Untracked 
|  25|0x0000000081900000, 0x0000000081a00000, 0x0000000081a00000|100%| O|  |TAMS 0x0000000081900000| PB 0x0000000081900000| Untracked 
|  26|0x0000000081a00000, 0x0000000081b00000, 0x0000000081b00000|100%| O|  |TAMS 0x0000000081a00000| PB 0x0000000081a00000| Untracked 
|  27|0x0000000081b00000, 0x0000000081c00000, 0x0000000081c00000|100%| O|  |TAMS 0x0000000081b00000| PB 0x0000000081b00000| Untracked 
|  28|0x0000000081c00000, 0x0000000081d00000, 0x0000000081d00000|100%| O|  |TAMS 0x0000000081c00000| PB 0x0000000081c00000| Untracked 
|  29|0x0000000081d00000, 0x0000000081e00000, 0x0000000081e00000|100%| O|  |TAMS 0x0000000081d00000| PB 0x0000000081d00000| Untracked 
|  30|0x0000000081e00000, 0x0000000081f00000, 0x0000000081f00000|100%| O|  |TAMS 0x0000000081e00000| PB 0x0000000081e00000| Untracked 
|  31|0x0000000081f00000, 0x0000000082000000, 0x0000000082000000|100%| O|  |TAMS 0x0000000081f00000| PB 0x0000000081f00000| Untracked 
|  32|0x0000000082000000, 0x0000000082100000, 0x0000000082100000|100%| O|  |TAMS 0x0000000082000000| PB 0x0000000082000000| Untracked 
|  33|0x0000000082100000, 0x0000000082200000, 0x0000000082200000|100%| O|  |TAMS 0x0000000082100000| PB 0x0000000082100000| Untracked 
|  34|0x0000000082200000, 0x0000000082300000, 0x0000000082300000|100%| O|  |TAMS 0x0000000082200000| PB 0x0000000082200000| Untracked 
|  35|0x0000000082300000, 0x0000000082400000, 0x0000000082400000|100%| O|  |TAMS 0x0000000082300000| PB 0x0000000082300000| Untracked 
|  36|0x0000000082400000, 0x0000000082500000, 0x0000000082500000|100%| O|  |TAMS 0x0000000082400000| PB 0x0000000082400000| Untracked 
|  37|0x0000000082500000, 0x0000000082600000, 0x0000000082600000|100%| O|  |TAMS 0x0000000082500000| PB 0x0000000082500000| Untracked 
|  38|0x0000000082600000, 0x0000000082700000, 0x0000000082700000|100%| O|  |TAMS 0x0000000082600000| PB 0x0000000082600000| Untracked 
|  39|0x0000000082700000, 0x0000000082800000, 0x0000000082800000|100%| O|  |TAMS 0x0000000082700000| PB 0x0000000082700000| Untracked 
|  40|0x0000000082800000, 0x0000000082900000, 0x0000000082900000|100%| O|  |TAMS 0x0000000082800000| PB 0x0000000082800000| Untracked 
|  41|0x0000000082900000, 0x0000000082a00000, 0x0000000082a00000|100%| O|  |TAMS 0x0000000082900000| PB 0x0000000082900000| Untracked 
|  42|0x0000000082a00000, 0x0000000082b00000, 0x0000000082b00000|100%| O|  |TAMS 0x0000000082a00000| PB 0x0000000082a00000| Untracked 
|  43|0x0000000082b00000, 0x0000000082c00000, 0x0000000082c00000|100%| O|  |TAMS 0x0000000082b00000| PB 0x0000000082b00000| Untracked 
|  44|0x0000000082c00000, 0x0000000082c00000, 0x0000000082d00000|  0%| F|  |TAMS 0x0000000082c00000| PB 0x0000000082c00000| Untracked 
|  45|0x0000000082d00000, 0x0000000082e00000, 0x0000000082e00000|100%| O|  |TAMS 0x0000000082d00000| PB 0x0000000082d00000| Untracked 
|  46|0x0000000082e00000, 0x0000000082f00000, 0x0000000082f00000|100%| O|  |TAMS 0x0000000082e00000| PB 0x0000000082e00000| Untracked 
|  47|0x0000000082f00000, 0x0000000083000000, 0x0000000083000000|100%|HS|  |TAMS 0x0000000082f00000| PB 0x0000000082f00000| Complete 
|  48|0x0000000083000000, 0x0000000083100000, 0x0000000083100000|100%| O|  |TAMS 0x0000000083000000| PB 0x0000000083000000| Untracked 
|  49|0x0000000083100000, 0x0000000083200000, 0x0000000083200000|100%| O|  |TAMS 0x0000000083100000| PB 0x0000000083100000| Untracked 
|  50|0x0000000083200000, 0x0000000083300000, 0x0000000083300000|100%| O|  |TAMS 0x0000000083200000| PB 0x0000000083200000| Untracked 
|  51|0x0000000083300000, 0x0000000083400000, 0x0000000083400000|100%| O|  |TAMS 0x0000000083300000| PB 0x0000000083300000| Untracked 
|  52|0x0000000083400000, 0x0000000083500000, 0x0000000083500000|100%|HS|  |TAMS 0x0000000083400000| PB 0x0000000083400000| Complete 
|  53|0x0000000083500000, 0x0000000083600000, 0x0000000083600000|100%|HS|  |TAMS 0x0000000083500000| PB 0x0000000083500000| Complete 
|  54|0x0000000083600000, 0x0000000083700000, 0x0000000083700000|100%|HS|  |TAMS 0x0000000083600000| PB 0x0000000083600000| Complete 
|  55|0x0000000083700000, 0x0000000083800000, 0x0000000083800000|100%|HC|  |TAMS 0x0000000083700000| PB 0x0000000083700000| Complete 
|  56|0x0000000083800000, 0x0000000083900000, 0x0000000083900000|100%|HS|  |TAMS 0x0000000083800000| PB 0x0000000083800000| Complete 
|  57|0x0000000083900000, 0x0000000083a00000, 0x0000000083a00000|100%|HC|  |TAMS 0x0000000083900000| PB 0x0000000083900000| Complete 
|  58|0x0000000083a00000, 0x0000000083b00000, 0x0000000083b00000|100%|HS|  |TAMS 0x0000000083a00000| PB 0x0000000083a00000| Complete 
|  59|0x0000000083b00000, 0x0000000083c00000, 0x0000000083c00000|100%|HS|  |TAMS 0x0000000083b00000| PB 0x0000000083b00000| Complete 
|  60|0x0000000083c00000, 0x0000000083d00000, 0x0000000083d00000|100%| O|  |TAMS 0x0000000083c00000| PB 0x0000000083c00000| Untracked 
|  61|0x0000000083d00000, 0x0000000083e00000, 0x0000000083e00000|100%|HS|  |TAMS 0x0000000083d00000| PB 0x0000000083d00000| Complete 
|  62|0x0000000083e00000, 0x0000000083f00000, 0x0000000083f00000|100%|HS|  |TAMS 0x0000000083e00000| PB 0x0000000083e00000| Complete 
|  63|0x0000000083f00000, 0x0000000084000000, 0x0000000084000000|100%| O|  |TAMS 0x0000000083f00000| PB 0x0000000083f00000| Untracked 
|  64|0x0000000084000000, 0x0000000084100000, 0x0000000084100000|100%| O|  |TAMS 0x0000000084000000| PB 0x0000000084000000| Untracked 
|  65|0x0000000084100000, 0x0000000084200000, 0x0000000084200000|100%| O|  |TAMS 0x0000000084100000| PB 0x0000000084100000| Untracked 
|  66|0x0000000084200000, 0x0000000084300000, 0x0000000084300000|100%| O|  |TAMS 0x0000000084200000| PB 0x0000000084200000| Untracked 
|  67|0x0000000084300000, 0x0000000084400000, 0x0000000084400000|100%| O|  |TAMS 0x0000000084300000| PB 0x0000000084300000| Untracked 
|  68|0x0000000084400000, 0x0000000084500000, 0x0000000084500000|100%| O|  |TAMS 0x0000000084400000| PB 0x0000000084400000| Untracked 
|  69|0x0000000084500000, 0x0000000084600000, 0x0000000084600000|100%| O|  |TAMS 0x0000000084500000| PB 0x0000000084500000| Untracked 
|  70|0x0000000084600000, 0x0000000084700000, 0x0000000084700000|100%| O|  |TAMS 0x0000000084600000| PB 0x0000000084600000| Untracked 
|  71|0x0000000084700000, 0x0000000084800000, 0x0000000084800000|100%| O|  |TAMS 0x0000000084700000| PB 0x0000000084700000| Untracked 
|  72|0x0000000084800000, 0x0000000084900000, 0x0000000084900000|100%| O|  |TAMS 0x0000000084800000| PB 0x0000000084800000| Untracked 
|  73|0x0000000084900000, 0x0000000084a00000, 0x0000000084a00000|100%| O|  |TAMS 0x0000000084900000| PB 0x0000000084900000| Untracked 
|  74|0x0000000084a00000, 0x0000000084b00000, 0x0000000084b00000|100%| O|  |TAMS 0x0000000084a00000| PB 0x0000000084a00000| Untracked 
|  75|0x0000000084b00000, 0x0000000084c00000, 0x0000000084c00000|100%| O|  |TAMS 0x0000000084b00000| PB 0x0000000084b00000| Untracked 
|  76|0x0000000084c00000, 0x0000000084d00000, 0x0000000084d00000|100%| O|  |TAMS 0x0000000084c00000| PB 0x0000000084c00000| Untracked 
|  77|0x0000000084d00000, 0x0000000084e00000, 0x0000000084e00000|100%| O|  |TAMS 0x0000000084d00000| PB 0x0000000084d00000| Untracked 
|  78|0x0000000084e00000, 0x0000000084f00000, 0x0000000084f00000|100%| O|  |TAMS 0x0000000084e00000| PB 0x0000000084e00000| Untracked 
|  79|0x0000000084f00000, 0x0000000084f00000, 0x0000000085000000|  0%| F|  |TAMS 0x0000000084f00000| PB 0x0000000084f00000| Untracked 
|  80|0x0000000085000000, 0x0000000085100000, 0x0000000085100000|100%| O|  |TAMS 0x0000000085000000| PB 0x0000000085000000| Untracked 
|  81|0x0000000085100000, 0x0000000085200000, 0x0000000085200000|100%| O|  |TAMS 0x0000000085100000| PB 0x0000000085100000| Untracked 
|  82|0x0000000085200000, 0x0000000085300000, 0x0000000085300000|100%| O|  |TAMS 0x0000000085200000| PB 0x0000000085200000| Untracked 
|  83|0x0000000085300000, 0x0000000085400000, 0x0000000085400000|100%| O|  |TAMS 0x0000000085300000| PB 0x0000000085300000| Untracked 
|  84|0x0000000085400000, 0x0000000085500000, 0x0000000085500000|100%| O|  |TAMS 0x0000000085400000| PB 0x0000000085400000| Untracked 
|  85|0x0000000085500000, 0x0000000085600000, 0x0000000085600000|100%| O|  |TAMS 0x0000000085500000| PB 0x0000000085500000| Untracked 
|  86|0x0000000085600000, 0x0000000085700000, 0x0000000085700000|100%| O|  |TAMS 0x0000000085600000| PB 0x0000000085600000| Untracked 
|  87|0x0000000085700000, 0x0000000085800000, 0x0000000085800000|100%| O|  |TAMS 0x0000000085700000| PB 0x0000000085700000| Untracked 
|  88|0x0000000085800000, 0x0000000085900000, 0x0000000085900000|100%| O|  |TAMS 0x0000000085800000| PB 0x0000000085800000| Untracked 
|  89|0x0000000085900000, 0x0000000085900000, 0x0000000085a00000|  0%| F|  |TAMS 0x0000000085900000| PB 0x0000000085900000| Untracked 
|  90|0x0000000085a00000, 0x0000000085b00000, 0x0000000085b00000|100%| O|  |TAMS 0x0000000085a00000| PB 0x0000000085a00000| Untracked 
|  91|0x0000000085b00000, 0x0000000085b00000, 0x0000000085c00000|  0%| F|  |TAMS 0x0000000085b00000| PB 0x0000000085b00000| Untracked 
|  92|0x0000000085c00000, 0x0000000085d00000, 0x0000000085d00000|100%| O|  |TAMS 0x0000000085c00000| PB 0x0000000085c00000| Untracked 
|  93|0x0000000085d00000, 0x0000000085e00000, 0x0000000085e00000|100%| O|  |TAMS 0x0000000085d00000| PB 0x0000000085d00000| Untracked 
|  94|0x0000000085e00000, 0x0000000085f00000, 0x0000000085f00000|100%| O|  |TAMS 0x0000000085e00000| PB 0x0000000085e00000| Untracked 
|  95|0x0000000085f00000, 0x0000000086000000, 0x0000000086000000|100%| O|  |TAMS 0x0000000085f00000| PB 0x0000000085f00000| Untracked 
|  96|0x0000000086000000, 0x0000000086100000, 0x0000000086100000|100%| O|  |TAMS 0x0000000086000000| PB 0x0000000086000000| Untracked 
|  97|0x0000000086100000, 0x0000000086200000, 0x0000000086200000|100%| O|  |TAMS 0x0000000086100000| PB 0x0000000086100000| Untracked 
|  98|0x0000000086200000, 0x0000000086300000, 0x0000000086300000|100%| O|  |TAMS 0x0000000086200000| PB 0x0000000086200000| Untracked 
|  99|0x0000000086300000, 0x0000000086400000, 0x0000000086400000|100%| O|  |TAMS 0x0000000086300000| PB 0x0000000086300000| Untracked 
| 100|0x0000000086400000, 0x0000000086500000, 0x0000000086500000|100%| O|  |TAMS 0x0000000086400000| PB 0x0000000086400000| Untracked 
| 101|0x0000000086500000, 0x0000000086600000, 0x0000000086600000|100%| O|  |TAMS 0x0000000086500000| PB 0x0000000086500000| Untracked 
| 102|0x0000000086600000, 0x0000000086700000, 0x0000000086700000|100%| O|  |TAMS 0x0000000086600000| PB 0x0000000086600000| Untracked 
| 103|0x0000000086700000, 0x0000000086800000, 0x0000000086800000|100%| O|  |TAMS 0x0000000086700000| PB 0x0000000086700000| Untracked 
| 104|0x0000000086800000, 0x0000000086900000, 0x0000000086900000|100%| O|  |TAMS 0x0000000086800000| PB 0x0000000086800000| Untracked 
| 105|0x0000000086900000, 0x0000000086900000, 0x0000000086a00000|  0%| F|  |TAMS 0x0000000086900000| PB 0x0000000086900000| Untracked 
| 106|0x0000000086a00000, 0x0000000086b00000, 0x0000000086b00000|100%| O|  |TAMS 0x0000000086a00000| PB 0x0000000086a00000| Untracked 
| 107|0x0000000086b00000, 0x0000000086c00000, 0x0000000086c00000|100%| O|  |TAMS 0x0000000086b00000| PB 0x0000000086b00000| Untracked 
| 108|0x0000000086c00000, 0x0000000086d00000, 0x0000000086d00000|100%| O|  |TAMS 0x0000000086c00000| PB 0x0000000086c00000| Untracked 
| 109|0x0000000086d00000, 0x0000000086e00000, 0x0000000086e00000|100%| O|  |TAMS 0x0000000086d00000| PB 0x0000000086d00000| Untracked 
| 110|0x0000000086e00000, 0x0000000086f00000, 0x0000000086f00000|100%| O|  |TAMS 0x0000000086e00000| PB 0x0000000086e00000| Untracked 
| 111|0x0000000086f00000, 0x0000000087000000, 0x0000000087000000|100%| O|  |TAMS 0x0000000086f00000| PB 0x0000000086f00000| Untracked 
| 112|0x0000000087000000, 0x0000000087100000, 0x0000000087100000|100%| O|  |TAMS 0x0000000087000000| PB 0x0000000087000000| Untracked 
| 113|0x0000000087100000, 0x0000000087200000, 0x0000000087200000|100%| O|  |TAMS 0x0000000087100000| PB 0x0000000087100000| Untracked 
| 114|0x0000000087200000, 0x0000000087300000, 0x0000000087300000|100%| O|  |TAMS 0x0000000087200000| PB 0x0000000087200000| Untracked 
| 115|0x0000000087300000, 0x0000000087300000, 0x0000000087400000|  0%| F|  |TAMS 0x0000000087300000| PB 0x0000000087300000| Untracked 
| 116|0x0000000087400000, 0x0000000087500000, 0x0000000087500000|100%| O|  |TAMS 0x0000000087400000| PB 0x0000000087400000| Untracked 
| 117|0x0000000087500000, 0x0000000087600000, 0x0000000087600000|100%| O|  |TAMS 0x0000000087500000| PB 0x0000000087500000| Untracked 
| 118|0x0000000087600000, 0x0000000087700000, 0x0000000087700000|100%| O|  |TAMS 0x0000000087600000| PB 0x0000000087600000| Untracked 
| 119|0x0000000087700000, 0x0000000087700000, 0x0000000087800000|  0%| F|  |TAMS 0x0000000087700000| PB 0x0000000087700000| Untracked 
| 120|0x0000000087800000, 0x0000000087800000, 0x0000000087900000|  0%| F|  |TAMS 0x0000000087800000| PB 0x0000000087800000| Untracked 
| 121|0x0000000087900000, 0x0000000087900000, 0x0000000087a00000|  0%| F|  |TAMS 0x0000000087900000| PB 0x0000000087900000| Untracked 
| 122|0x0000000087a00000, 0x0000000087a00000, 0x0000000087b00000|  0%| F|  |TAMS 0x0000000087a00000| PB 0x0000000087a00000| Untracked 
| 123|0x0000000087b00000, 0x0000000087b00000, 0x0000000087c00000|  0%| F|  |TAMS 0x0000000087b00000| PB 0x0000000087b00000| Untracked 
| 124|0x0000000087c00000, 0x0000000087c519d8, 0x0000000087d00000| 31%| S|CS|TAMS 0x0000000087c00000| PB 0x0000000087c00000| Complete 
| 125|0x0000000087d00000, 0x0000000087e00000, 0x0000000087e00000|100%| S|CS|TAMS 0x0000000087d00000| PB 0x0000000087d00000| Complete 
| 126|0x0000000087e00000, 0x0000000087f00000, 0x0000000087f00000|100%| S|CS|TAMS 0x0000000087e00000| PB 0x0000000087e00000| Complete 
| 127|0x0000000087f00000, 0x0000000088000000, 0x0000000088000000|100%| S|CS|TAMS 0x0000000087f00000| PB 0x0000000087f00000| Complete 
| 128|0x0000000088000000, 0x0000000088100000, 0x0000000088100000|100%| S|CS|TAMS 0x0000000088000000| PB 0x0000000088000000| Complete 
| 129|0x0000000088100000, 0x0000000088200000, 0x0000000088200000|100%| S|CS|TAMS 0x0000000088100000| PB 0x0000000088100000| Complete 
| 130|0x0000000088200000, 0x0000000088300000, 0x0000000088300000|100%| S|CS|TAMS 0x0000000088200000| PB 0x0000000088200000| Complete 
| 131|0x0000000088300000, 0x0000000088400000, 0x0000000088400000|100%| S|CS|TAMS 0x0000000088300000| PB 0x0000000088300000| Complete 
| 132|0x0000000088400000, 0x0000000088500000, 0x0000000088500000|100%| S|CS|TAMS 0x0000000088400000| PB 0x0000000088400000| Complete 
| 133|0x0000000088500000, 0x0000000088500000, 0x0000000088600000|  0%| F|  |TAMS 0x0000000088500000| PB 0x0000000088500000| Untracked 
| 134|0x0000000088600000, 0x0000000088600000, 0x0000000088700000|  0%| F|  |TAMS 0x0000000088600000| PB 0x0000000088600000| Untracked 
| 135|0x0000000088700000, 0x0000000088700000, 0x0000000088800000|  0%| F|  |TAMS 0x0000000088700000| PB 0x0000000088700000| Untracked 
| 136|0x0000000088800000, 0x0000000088800000, 0x0000000088900000|  0%| F|  |TAMS 0x0000000088800000| PB 0x0000000088800000| Untracked 
| 137|0x0000000088900000, 0x0000000088900000, 0x0000000088a00000|  0%| F|  |TAMS 0x0000000088900000| PB 0x0000000088900000| Untracked 
| 138|0x0000000088a00000, 0x0000000088a00000, 0x0000000088b00000|  0%| F|  |TAMS 0x0000000088a00000| PB 0x0000000088a00000| Untracked 
| 139|0x0000000088b00000, 0x0000000088b00000, 0x0000000088c00000|  0%| F|  |TAMS 0x0000000088b00000| PB 0x0000000088b00000| Untracked 
| 140|0x0000000088c00000, 0x0000000088c00000, 0x0000000088d00000|  0%| F|  |TAMS 0x0000000088c00000| PB 0x0000000088c00000| Untracked 
| 141|0x0000000088d00000, 0x0000000088d00000, 0x0000000088e00000|  0%| F|  |TAMS 0x0000000088d00000| PB 0x0000000088d00000| Untracked 
| 142|0x0000000088e00000, 0x0000000088e00000, 0x0000000088f00000|  0%| F|  |TAMS 0x0000000088e00000| PB 0x0000000088e00000| Untracked 
| 143|0x0000000088f00000, 0x0000000088f00000, 0x0000000089000000|  0%| F|  |TAMS 0x0000000088f00000| PB 0x0000000088f00000| Untracked 
| 144|0x0000000089000000, 0x0000000089000000, 0x0000000089100000|  0%| F|  |TAMS 0x0000000089000000| PB 0x0000000089000000| Untracked 
| 145|0x0000000089100000, 0x0000000089100000, 0x0000000089200000|  0%| F|  |TAMS 0x0000000089100000| PB 0x0000000089100000| Untracked 
| 146|0x0000000089200000, 0x0000000089200000, 0x0000000089300000|  0%| F|  |TAMS 0x0000000089200000| PB 0x0000000089200000| Untracked 
| 147|0x0000000089300000, 0x0000000089300000, 0x0000000089400000|  0%| F|  |TAMS 0x0000000089300000| PB 0x0000000089300000| Untracked 
| 148|0x0000000089400000, 0x0000000089400000, 0x0000000089500000|  0%| F|  |TAMS 0x0000000089400000| PB 0x0000000089400000| Untracked 
| 149|0x0000000089500000, 0x0000000089500000, 0x0000000089600000|  0%| F|  |TAMS 0x0000000089500000| PB 0x0000000089500000| Untracked 
| 150|0x0000000089600000, 0x0000000089600000, 0x0000000089700000|  0%| F|  |TAMS 0x0000000089600000| PB 0x0000000089600000| Untracked 
| 151|0x0000000089700000, 0x0000000089700000, 0x0000000089800000|  0%| F|  |TAMS 0x0000000089700000| PB 0x0000000089700000| Untracked 
| 152|0x0000000089800000, 0x0000000089800000, 0x0000000089900000|  0%| F|  |TAMS 0x0000000089800000| PB 0x0000000089800000| Untracked 
| 153|0x0000000089900000, 0x0000000089900000, 0x0000000089a00000|  0%| F|  |TAMS 0x0000000089900000| PB 0x0000000089900000| Untracked 
| 154|0x0000000089a00000, 0x0000000089a00000, 0x0000000089b00000|  0%| F|  |TAMS 0x0000000089a00000| PB 0x0000000089a00000| Untracked 
| 155|0x0000000089b00000, 0x0000000089b00000, 0x0000000089c00000|  0%| F|  |TAMS 0x0000000089b00000| PB 0x0000000089b00000| Untracked 
| 156|0x0000000089c00000, 0x0000000089c00000, 0x0000000089d00000|  0%| F|  |TAMS 0x0000000089c00000| PB 0x0000000089c00000| Untracked 
| 157|0x0000000089d00000, 0x0000000089d00000, 0x0000000089e00000|  0%| F|  |TAMS 0x0000000089d00000| PB 0x0000000089d00000| Untracked 
| 158|0x0000000089e00000, 0x0000000089e00000, 0x0000000089f00000|  0%| F|  |TAMS 0x0000000089e00000| PB 0x0000000089e00000| Untracked 
| 159|0x0000000089f00000, 0x0000000089f00000, 0x000000008a000000|  0%| F|  |TAMS 0x0000000089f00000| PB 0x0000000089f00000| Untracked 
| 160|0x000000008a000000, 0x000000008a000000, 0x000000008a100000|  0%| F|  |TAMS 0x000000008a000000| PB 0x000000008a000000| Untracked 
| 161|0x000000008a100000, 0x000000008a100000, 0x000000008a200000|  0%| F|  |TAMS 0x000000008a100000| PB 0x000000008a100000| Untracked 
| 162|0x000000008a200000, 0x000000008a200000, 0x000000008a300000|  0%| F|  |TAMS 0x000000008a200000| PB 0x000000008a200000| Untracked 
| 163|0x000000008a300000, 0x000000008a300000, 0x000000008a400000|  0%| F|  |TAMS 0x000000008a300000| PB 0x000000008a300000| Untracked 
| 164|0x000000008a400000, 0x000000008a400000, 0x000000008a500000|  0%| F|  |TAMS 0x000000008a400000| PB 0x000000008a400000| Untracked 
| 165|0x000000008a500000, 0x000000008a500000, 0x000000008a600000|  0%| F|  |TAMS 0x000000008a500000| PB 0x000000008a500000| Untracked 
| 166|0x000000008a600000, 0x000000008a600000, 0x000000008a700000|  0%| F|  |TAMS 0x000000008a600000| PB 0x000000008a600000| Untracked 
| 167|0x000000008a700000, 0x000000008a700000, 0x000000008a800000|  0%| F|  |TAMS 0x000000008a700000| PB 0x000000008a700000| Untracked 
| 168|0x000000008a800000, 0x000000008a800000, 0x000000008a900000|  0%| F|  |TAMS 0x000000008a800000| PB 0x000000008a800000| Untracked 
| 169|0x000000008a900000, 0x000000008a900000, 0x000000008aa00000|  0%| F|  |TAMS 0x000000008a900000| PB 0x000000008a900000| Untracked 
| 170|0x000000008aa00000, 0x000000008aa00000, 0x000000008ab00000|  0%| F|  |TAMS 0x000000008aa00000| PB 0x000000008aa00000| Untracked 
| 171|0x000000008ab00000, 0x000000008ab00000, 0x000000008ac00000|  0%| F|  |TAMS 0x000000008ab00000| PB 0x000000008ab00000| Untracked 
| 172|0x000000008ac00000, 0x000000008ac00000, 0x000000008ad00000|  0%| F|  |TAMS 0x000000008ac00000| PB 0x000000008ac00000| Untracked 
| 173|0x000000008ad00000, 0x000000008ad00000, 0x000000008ae00000|  0%| F|  |TAMS 0x000000008ad00000| PB 0x000000008ad00000| Untracked 
| 174|0x000000008ae00000, 0x000000008ae00000, 0x000000008af00000|  0%| F|  |TAMS 0x000000008ae00000| PB 0x000000008ae00000| Untracked 
| 175|0x000000008af00000, 0x000000008af00000, 0x000000008b000000|  0%| F|  |TAMS 0x000000008af00000| PB 0x000000008af00000| Untracked 
| 176|0x000000008b000000, 0x000000008b000000, 0x000000008b100000|  0%| F|  |TAMS 0x000000008b000000| PB 0x000000008b000000| Untracked 
| 177|0x000000008b100000, 0x000000008b100000, 0x000000008b200000|  0%| F|  |TAMS 0x000000008b100000| PB 0x000000008b100000| Untracked 
| 178|0x000000008b200000, 0x000000008b200000, 0x000000008b300000|  0%| F|  |TAMS 0x000000008b200000| PB 0x000000008b200000| Untracked 
| 179|0x000000008b300000, 0x000000008b300000, 0x000000008b400000|  0%| F|  |TAMS 0x000000008b300000| PB 0x000000008b300000| Untracked 
| 180|0x000000008b400000, 0x000000008b400000, 0x000000008b500000|  0%| F|  |TAMS 0x000000008b400000| PB 0x000000008b400000| Untracked 
| 181|0x000000008b500000, 0x000000008b500000, 0x000000008b600000|  0%| F|  |TAMS 0x000000008b500000| PB 0x000000008b500000| Untracked 
| 182|0x000000008b600000, 0x000000008b600000, 0x000000008b700000|  0%| F|  |TAMS 0x000000008b600000| PB 0x000000008b600000| Untracked 
| 183|0x000000008b700000, 0x000000008b700000, 0x000000008b800000|  0%| F|  |TAMS 0x000000008b700000| PB 0x000000008b700000| Untracked 
| 184|0x000000008b800000, 0x000000008b800000, 0x000000008b900000|  0%| F|  |TAMS 0x000000008b800000| PB 0x000000008b800000| Untracked 
| 185|0x000000008b900000, 0x000000008b900000, 0x000000008ba00000|  0%| F|  |TAMS 0x000000008b900000| PB 0x000000008b900000| Untracked 
| 186|0x000000008ba00000, 0x000000008ba00000, 0x000000008bb00000|  0%| F|  |TAMS 0x000000008ba00000| PB 0x000000008ba00000| Untracked 
| 187|0x000000008bb00000, 0x000000008bb00000, 0x000000008bc00000|  0%| F|  |TAMS 0x000000008bb00000| PB 0x000000008bb00000| Untracked 
| 188|0x000000008bc00000, 0x000000008bc00000, 0x000000008bd00000|  0%| F|  |TAMS 0x000000008bc00000| PB 0x000000008bc00000| Untracked 
| 189|0x000000008bd00000, 0x000000008bd00000, 0x000000008be00000|  0%| F|  |TAMS 0x000000008bd00000| PB 0x000000008bd00000| Untracked 
| 190|0x000000008be00000, 0x000000008be00000, 0x000000008bf00000|  0%| F|  |TAMS 0x000000008be00000| PB 0x000000008be00000| Untracked 
| 191|0x000000008bf00000, 0x000000008bf00000, 0x000000008c000000|  0%| F|  |TAMS 0x000000008bf00000| PB 0x000000008bf00000| Untracked 
| 192|0x000000008c000000, 0x000000008c000000, 0x000000008c100000|  0%| F|  |TAMS 0x000000008c000000| PB 0x000000008c000000| Untracked 
| 193|0x000000008c100000, 0x000000008c100000, 0x000000008c200000|  0%| F|  |TAMS 0x000000008c100000| PB 0x000000008c100000| Untracked 
| 194|0x000000008c200000, 0x000000008c200000, 0x000000008c300000|  0%| F|  |TAMS 0x000000008c200000| PB 0x000000008c200000| Untracked 
| 195|0x000000008c300000, 0x000000008c300000, 0x000000008c400000|  0%| F|  |TAMS 0x000000008c300000| PB 0x000000008c300000| Untracked 
| 196|0x000000008c400000, 0x000000008c400000, 0x000000008c500000|  0%| F|  |TAMS 0x000000008c400000| PB 0x000000008c400000| Untracked 
| 197|0x000000008c500000, 0x000000008c500000, 0x000000008c600000|  0%| F|  |TAMS 0x000000008c500000| PB 0x000000008c500000| Untracked 
| 198|0x000000008c600000, 0x000000008c600000, 0x000000008c700000|  0%| F|  |TAMS 0x000000008c600000| PB 0x000000008c600000| Untracked 
| 199|0x000000008c700000, 0x000000008c700000, 0x000000008c800000|  0%| F|  |TAMS 0x000000008c700000| PB 0x000000008c700000| Untracked 
| 200|0x000000008c800000, 0x000000008c800000, 0x000000008c900000|  0%| F|  |TAMS 0x000000008c800000| PB 0x000000008c800000| Untracked 
| 201|0x000000008c900000, 0x000000008c900000, 0x000000008ca00000|  0%| F|  |TAMS 0x000000008c900000| PB 0x000000008c900000| Untracked 
| 202|0x000000008ca00000, 0x000000008ca00000, 0x000000008cb00000|  0%| F|  |TAMS 0x000000008ca00000| PB 0x000000008ca00000| Untracked 
| 203|0x000000008cb00000, 0x000000008cb00000, 0x000000008cc00000|  0%| F|  |TAMS 0x000000008cb00000| PB 0x000000008cb00000| Untracked 
| 204|0x000000008cc00000, 0x000000008cc00000, 0x000000008cd00000|  0%| F|  |TAMS 0x000000008cc00000| PB 0x000000008cc00000| Untracked 
|2043|0x00000000ffb00000, 0x00000000ffc00000, 0x00000000ffc00000|100%| O|  |TAMS 0x00000000ffb00000| PB 0x00000000ffb00000| Untracked 
|2044|0x00000000ffc00000, 0x00000000ffd00000, 0x00000000ffd00000|100%| O|  |TAMS 0x00000000ffc00000| PB 0x00000000ffc00000| Untracked 
|2045|0x00000000ffd00000, 0x00000000ffe00000, 0x00000000ffe00000|100%| O|  |TAMS 0x00000000ffd00000| PB 0x00000000ffd00000| Untracked 
|2046|0x00000000ffe00000, 0x00000000fff00000, 0x00000000fff00000|100%| O|  |TAMS 0x00000000ffe00000| PB 0x00000000ffe00000| Untracked 
|2047|0x00000000fff00000, 0x00000000fff00000, 0x0000000100000000|  0%| F|  |TAMS 0x00000000fff00000| PB 0x00000000fff00000| Untracked 

Card table byte_map: [0x000001d1b5650000,0x000001d1b5a50000] _byte_map_base: 0x000001d1b5250000

Marking Bits: (CMBitMap*) 0x000001d19d8e9460
 Bits: [0x000001d1b5a50000, 0x000001d1b7a50000)

Polling page: 0x000001d19b7f0000

Metaspace:

Usage:
  Non-class:     92.74 MB used.
      Class:     14.94 MB used.
       Both:    107.68 MB used.

Virtual space:
  Non-class space:      128.00 MB reserved,      93.88 MB ( 73%) committed,  2 nodes.
      Class space:        1.00 GB reserved,      16.06 MB (  2%) committed,  1 nodes.
             Both:        1.12 GB reserved,     109.94 MB ( 10%) committed. 

Chunk freelists:
   Non-Class:  1.97 MB
       Class:  15.91 MB
        Both:  17.88 MB

MaxMetaspaceSize: unlimited
CompressedClassSpaceSize: 1.00 GB
Initial GC threshold: 21.00 MB
Current GC threshold: 180.44 MB
CDS: on
 - commit_granule_bytes: 65536.
 - commit_granule_words: 8192.
 - virtual_space_node_default_size: 8388608.
 - enlarge_chunks_in_place: 1.
 - use_allocation_guard: 0.


Internal statistics:

num_allocs_failed_limit: 9.
num_arena_births: 4204.
num_arena_deaths: 0.
num_vsnodes_births: 3.
num_vsnodes_deaths: 0.
num_space_committed: 1758.
num_space_uncommitted: 0.
num_chunks_returned_to_freelist: 9.
num_chunks_taken_from_freelist: 9194.
num_chunk_merges: 6.
num_chunk_splits: 6070.
num_chunks_enlarged: 3899.
num_inconsistent_stats: 0.

CodeHeap 'non-profiled nmethods': size=120000Kb used=7569Kb max_used=7569Kb free=112430Kb
 bounds [0x000001d1ad7c0000, 0x000001d1adf30000, 0x000001d1b4cf0000]
CodeHeap 'profiled nmethods': size=120000Kb used=23037Kb max_used=23037Kb free=96962Kb
 bounds [0x000001d1a5cf0000, 0x000001d1a7370000, 0x000001d1ad220000]
CodeHeap 'non-nmethods': size=5760Kb used=2170Kb max_used=2233Kb free=3589Kb
 bounds [0x000001d1ad220000, 0x000001d1ad490000, 0x000001d1ad7c0000]
 total_blobs=13197 nmethods=12309 adapters=792
 compilation: enabled
              stopped_count=0, restarted_count=0
 full_count=0

Compilation events (20 events):
Event: 57.896 Thread 0x000001d1ba82df10 nmethod 14516 0x000001d1a736e110 code [0x000001d1a736e2c0, 0x000001d1a736e3f8]
Event: 57.896 Thread 0x000001d182432e20 14517   !   4       java.lang.invoke.BoundMethodHandle$Species_L::copyWithExtendL (31 bytes)
Event: 57.897 Thread 0x000001d1ba82df10 14520       3       java.lang.ThreadLocal$ThreadLocalMap$Entry::<init> (11 bytes)
Event: 57.898 Thread 0x000001d1ba82df10 nmethod 14520 0x000001d1a736e490 code [0x000001d1a736e660, 0x000001d1a736ea30]
Event: 57.899 Thread 0x000001d182430540 nmethod 14485 0x000001d1adf21490 code [0x000001d1adf21640, 0x000001d1adf21840]
Event: 57.899 Thread 0x000001d182430540 14518       4       org.gradle.tooling.internal.provider.runner.ClientBuildEventGenerator$Disabled::accept (20 bytes)
Event: 57.900 Thread 0x000001d1ba6a8c60 nmethod 14491 0x000001d1adf21a10 code [0x000001d1adf21c00, 0x000001d1adf22200]
Event: 57.900 Thread 0x000001d1ba6a8c60 14519       4       org.gradle.tooling.internal.provider.runner.ClientBuildEventGenerator$Enabled::accept (58 bytes)
Event: 57.902 Thread 0x000001d1ba82df10 14523       3       org.gradle.internal.resources.DefaultResourceLockCoordinationService::withStateLock (15 bytes)
Event: 57.902 Thread 0x000001d182430540 nmethod 14518 0x000001d1adf22610 code [0x000001d1adf227a0, 0x000001d1adf22920]
Event: 57.902 Thread 0x000001d1ba82df10 nmethod 14523 0x000001d1a736eb90 code [0x000001d1a736ed60, 0x000001d1a736f090]
Event: 57.902 Thread 0x000001d182430540 14522       4       org.gradle.cache.internal.btree.BTreePersistentIndexedCache$IndexBlock::find (140 bytes)
Event: 57.902 Thread 0x000001d1ba82df10 14524       3       org.gradle.internal.resources.DefaultResourceLockCoordinationService$1::<init> (15 bytes)
Event: 57.903 Thread 0x000001d1ba82df10 nmethod 14524 0x000001d1a736f210 code [0x000001d1a736f3c0, 0x000001d1a736f5e0]
Event: 57.907 Thread 0x000001d1ba6a8c60 nmethod 14519 0x000001d1adf22a10 code [0x000001d1adf22be0, 0x000001d1adf22ed0]
Event: 57.907 Thread 0x000001d1ba6a8c60 14526       4       com.google.common.collect.ImmutableMap$Builder::put (35 bytes)
Event: 57.909 Thread 0x000001d182432e20 nmethod 14517 0x000001d1adf23110 code [0x000001d1adf232e0, 0x000001d1adf23920]
Event: 57.909 Thread 0x000001d182432e20 14527       4       org.gradle.internal.vfs.impl.DefaultFileSystemAccess::readSnapshotFromLocation (27 bytes)
Event: 57.916 Thread 0x000001d1ba6a8c60 nmethod 14526 0x000001d1adf23d10 code [0x000001d1adf23ee0, 0x000001d1adf24410]
Event: 57.917 Thread 0x000001d1ba6a8c60 14528       4       org.gradle.internal.vfs.impl.DefaultFileSystemAccess::read (33 bytes)

GC Heap History (20 events):
Event: 49.106 GC heap after
{Heap after GC invocations=34 (full 0):
 garbage-first heap   total 161792K, used 90721K [0x0000000080000000, 0x0000000100000000)
  region size 1024K, 3 young (3072K), 3 survivors (3072K)
 Metaspace       used 87209K, committed 89344K, reserved 1179648K
  class space    used 12241K, committed 13312K, reserved 1048576K
}
Event: 50.336 GC heap before
{Heap before GC invocations=34 (full 0):
 garbage-first heap   total 161792K, used 147041K [0x0000000080000000, 0x0000000100000000)
  region size 1024K, 58 young (59392K), 3 survivors (3072K)
 Metaspace       used 91090K, committed 93312K, reserved 1179648K
  class space    used 12811K, committed 13888K, reserved 1048576K
}
Event: 50.343 GC heap after
{Heap after GC invocations=35 (full 0):
 garbage-first heap   total 161792K, used 91849K [0x0000000080000000, 0x0000000100000000)
  region size 1024K, 6 young (6144K), 6 survivors (6144K)
 Metaspace       used 91090K, committed 93312K, reserved 1179648K
  class space    used 12811K, committed 13888K, reserved 1048576K
}
Event: 51.359 GC heap before
{Heap before GC invocations=35 (full 0):
 garbage-first heap   total 161792K, used 145097K [0x0000000080000000, 0x0000000100000000)
  region size 1024K, 58 young (59392K), 6 survivors (6144K)
 Metaspace       used 94748K, committed 96896K, reserved 1179648K
  class space    used 13332K, committed 14400K, reserved 1048576K
}
Event: 51.369 GC heap after
{Heap after GC invocations=36 (full 0):
 garbage-first heap   total 161792K, used 94271K [0x0000000080000000, 0x0000000100000000)
  region size 1024K, 6 young (6144K), 6 survivors (6144K)
 Metaspace       used 94748K, committed 96896K, reserved 1179648K
  class space    used 13332K, committed 14400K, reserved 1048576K
}
Event: 52.367 GC heap before
{Heap before GC invocations=37 (full 0):
 garbage-first heap   total 165888K, used 145471K [0x0000000080000000, 0x0000000100000000)
  region size 1024K, 56 young (57344K), 6 survivors (6144K)
 Metaspace       used 98602K, committed 100864K, reserved 1179648K
  class space    used 13893K, committed 15040K, reserved 1048576K
}
Event: 52.378 GC heap after
{Heap after GC invocations=38 (full 0):
 garbage-first heap   total 165888K, used 98176K [0x0000000080000000, 0x0000000100000000)
  region size 1024K, 7 young (7168K), 7 survivors (7168K)
 Metaspace       used 98602K, committed 100864K, reserved 1179648K
  class space    used 13893K, committed 15040K, reserved 1048576K
}
Event: 53.308 GC heap before
{Heap before GC invocations=38 (full 0):
 garbage-first heap   total 165888K, used 148352K [0x0000000080000000, 0x0000000100000000)
  region size 1024K, 56 young (57344K), 7 survivors (7168K)
 Metaspace       used 101889K, committed 104192K, reserved 1179648K
  class space    used 14300K, committed 15424K, reserved 1048576K
}
Event: 53.321 GC heap after
{Heap after GC invocations=39 (full 0):
 garbage-first heap   total 165888K, used 100643K [0x0000000080000000, 0x0000000100000000)
  region size 1024K, 7 young (7168K), 7 survivors (7168K)
 Metaspace       used 101889K, committed 104192K, reserved 1179648K
  class space    used 14300K, committed 15424K, reserved 1048576K
}
Event: 54.213 GC heap before
{Heap before GC invocations=39 (full 0):
 garbage-first heap   total 165888K, used 147747K [0x0000000080000000, 0x0000000100000000)
  region size 1024K, 54 young (55296K), 7 survivors (7168K)
 Metaspace       used 104235K, committed 106496K, reserved 1179648K
  class space    used 14620K, committed 15744K, reserved 1048576K
}
Event: 54.225 GC heap after
{Heap after GC invocations=40 (full 0):
 garbage-first heap   total 165888K, used 105868K [0x0000000080000000, 0x0000000100000000)
  region size 1024K, 7 young (7168K), 7 survivors (7168K)
 Metaspace       used 104235K, committed 106496K, reserved 1179648K
  class space    used 14620K, committed 15744K, reserved 1048576K
}
Event: 55.215 GC heap before
{Heap before GC invocations=41 (full 0):
 garbage-first heap   total 184320K, used 152972K [0x0000000080000000, 0x0000000100000000)
  region size 1024K, 49 young (50176K), 7 survivors (7168K)
 Metaspace       used 108160K, committed 110464K, reserved 1179648K
  class space    used 15071K, committed 16256K, reserved 1048576K
}
Event: 55.229 GC heap after
{Heap after GC invocations=42 (full 0):
 garbage-first heap   total 184320K, used 112905K [0x0000000080000000, 0x0000000100000000)
  region size 1024K, 7 young (7168K), 7 survivors (7168K)
 Metaspace       used 108160K, committed 110464K, reserved 1179648K
  class space    used 15071K, committed 16256K, reserved 1048576K
}
Event: 56.001 GC heap before
{Heap before GC invocations=42 (full 0):
 garbage-first heap   total 184320K, used 166153K [0x0000000080000000, 0x0000000100000000)
  region size 1024K, 60 young (61440K), 7 survivors (7168K)
 Metaspace       used 108478K, committed 110784K, reserved 1179648K
  class space    used 15076K, committed 16256K, reserved 1048576K
}
Event: 56.018 GC heap after
{Heap after GC invocations=43 (full 0):
 garbage-first heap   total 184320K, used 119697K [0x0000000080000000, 0x0000000100000000)
  region size 1024K, 8 young (8192K), 8 survivors (8192K)
 Metaspace       used 108478K, committed 110784K, reserved 1179648K
  class space    used 15076K, committed 16256K, reserved 1048576K
}
Event: 56.431 GC heap before
{Heap before GC invocations=43 (full 0):
 garbage-first heap   total 184320K, used 165777K [0x0000000080000000, 0x0000000100000000)
  region size 1024K, 54 young (55296K), 8 survivors (8192K)
 Metaspace       used 108510K, committed 110848K, reserved 1179648K
  class space    used 15076K, committed 16256K, reserved 1048576K
}
Event: 56.446 GC heap after
{Heap after GC invocations=44 (full 0):
 garbage-first heap   total 184320K, used 123019K [0x0000000080000000, 0x0000000100000000)
  region size 1024K, 6 young (6144K), 6 survivors (6144K)
 Metaspace       used 108510K, committed 110848K, reserved 1179648K
  class space    used 15076K, committed 16256K, reserved 1048576K
}
Event: 57.092 GC heap before
{Heap before GC invocations=45 (full 0):
 garbage-first heap   total 215040K, used 165003K [0x0000000080000000, 0x0000000100000000)
  region size 1024K, 48 young (49152K), 6 survivors (6144K)
 Metaspace       used 108720K, committed 111040K, reserved 1179648K
  class space    used 15105K, committed 16256K, reserved 1048576K
}
Event: 57.100 GC heap after
{Heap after GC invocations=46 (full 0):
 garbage-first heap   total 215040K, used 125932K [0x0000000080000000, 0x0000000100000000)
  region size 1024K, 6 young (6144K), 6 survivors (6144K)
 Metaspace       used 108720K, committed 111040K, reserved 1179648K
  class space    used 15105K, committed 16256K, reserved 1048576K
}
Event: 57.929 GC heap before
{Heap before GC invocations=46 (full 0):
 garbage-first heap   total 215040K, used 193516K [0x0000000080000000, 0x0000000100000000)
  region size 1024K, 73 young (74752K), 6 survivors (6144K)
 Metaspace       used 110265K, committed 112576K, reserved 1179648K
  class space    used 15300K, committed 16448K, reserved 1048576K
}

Dll operation events (15 events):
Event: 0.368 Loaded shared library C:\Program Files\Java\jdk-21\bin\java.dll
Event: 0.583 Loaded shared library C:\Program Files\Java\jdk-21\bin\jsvml.dll
Event: 1.082 Loaded shared library C:\Program Files\Java\jdk-21\bin\zip.dll
Event: 1.091 Loaded shared library C:\Program Files\Java\jdk-21\bin\instrument.dll
Event: 1.100 Loaded shared library C:\Program Files\Java\jdk-21\bin\net.dll
Event: 1.105 Loaded shared library C:\Program Files\Java\jdk-21\bin\nio.dll
Event: 1.148 Loaded shared library C:\Program Files\Java\jdk-21\bin\zip.dll
Event: 2.519 Loaded shared library C:\Program Files\Java\jdk-21\bin\jimage.dll
Event: 3.504 Loaded shared library C:\Program Files\Java\jdk-21\bin\verify.dll
Event: 4.809 Loaded shared library C:\Users\harsh\.gradle\native\c067742578af261105cb4f569cf0c3c89f3d7b1fecec35dd04571415982c5e48\windows-amd64\native-platform.dll
Event: 4.949 Loaded shared library C:\Users\harsh\.gradle\native\100fb08df4bc3b14c8652ba06237920a3bd2aa13389f12d3474272988ae205f9\windows-amd64\native-platform-file-events.dll
Event: 14.346 Loaded shared library C:\Program Files\Java\jdk-21\bin\management.dll
Event: 14.352 Loaded shared library C:\Program Files\Java\jdk-21\bin\management_ext.dll
Event: 15.720 Loaded shared library C:\Program Files\Java\jdk-21\bin\extnet.dll
Event: 17.767 Loaded shared library C:\Program Files\Java\jdk-21\bin\sunmscapi.dll

Deoptimization events (20 events):
Event: 57.796 Thread 0x000001d187930ef0 DEOPT PACKING pc=0x000001d1adeb3898 sp=0x00000046d72fb890
Event: 57.796 Thread 0x000001d187930ef0 DEOPT UNPACKING pc=0x000001d1ad2746a2 sp=0x00000046d72fb870 mode 2
Event: 57.821 Thread 0x000001d18c1d43b0 DEOPT PACKING pc=0x000001d1a734e16a sp=0x00000046db7fdd80
Event: 57.821 Thread 0x000001d18c1d43b0 DEOPT UNPACKING pc=0x000001d1ad274e42 sp=0x00000046db7fd290 mode 0
Event: 57.838 Thread 0x000001d1840e4870 Uncommon trap: trap_request=0xffffff45 fr.pc=0x000001d1adb3513c relative=0x000000000000075c
Event: 57.838 Thread 0x000001d1840e4870 Uncommon trap: reason=unstable_if action=reinterpret pc=0x000001d1adb3513c method=org.gradle.internal.snapshot.VfsRelativePath.isPrefix(Ljava/lang/String;ILjava/lang/String;ILorg/gradle/internal/snapshot/CaseSensitivity;)Z @ 101 c2
Event: 57.838 Thread 0x000001d1840e4870 DEOPT PACKING pc=0x000001d1adb3513c sp=0x00000046d69f9560
Event: 57.838 Thread 0x000001d1840e4870 DEOPT UNPACKING pc=0x000001d1ad2746a2 sp=0x00000046d69f94e8 mode 2
Event: 57.851 Thread 0x000001d186546ee0 DEOPT PACKING pc=0x000001d1a734e16a sp=0x00000046db5fed60
Event: 57.851 Thread 0x000001d186546ee0 DEOPT UNPACKING pc=0x000001d1ad274e42 sp=0x00000046db5fe270 mode 0
Event: 57.872 Thread 0x000001d1840e4870 Uncommon trap: trap_request=0xffffffde fr.pc=0x000001d1aded7448 relative=0x00000000000035c8
Event: 57.872 Thread 0x000001d1840e4870 Uncommon trap: reason=class_check action=maybe_recompile pc=0x000001d1aded7448 method=org.gradle.internal.snapshot.AbstractIncompleteFileSystemNode$2.handleAsDescendantOfChild(Lorg/gradle/internal/snapshot/VfsRelativePath;Ljava/lang/Object;)Ljava/lang/Obj
Event: 57.872 Thread 0x000001d1840e4870 DEOPT PACKING pc=0x000001d1aded7448 sp=0x00000046d69fa280
Event: 57.872 Thread 0x000001d1840e4870 DEOPT UNPACKING pc=0x000001d1ad2746a2 sp=0x00000046d69fa070 mode 2
Event: 57.873 Thread 0x000001d1840e4870 Uncommon trap: trap_request=0xffffffc6 fr.pc=0x000001d1adad92c8 relative=0x0000000000000128
Event: 57.873 Thread 0x000001d1840e4870 Uncommon trap: reason=bimorphic_or_optimized_type_check action=maybe_recompile pc=0x000001d1adad92c8 method=com.google.common.collect.RegularImmutableMap.checkNoConflictInKeyBucket(Ljava/lang/Object;Ljava/lang/Object;Lcom/google/common/collect/ImmutableMa
Event: 57.873 Thread 0x000001d1840e4870 DEOPT PACKING pc=0x000001d1adad92c8 sp=0x00000046d69fc370
Event: 57.873 Thread 0x000001d1840e4870 DEOPT UNPACKING pc=0x000001d1ad2746a2 sp=0x00000046d69fc318 mode 2
Event: 57.916 Thread 0x000001d187613080 DEOPT PACKING pc=0x000001d1a734e16a sp=0x00000046dc6fe710
Event: 57.916 Thread 0x000001d187613080 DEOPT UNPACKING pc=0x000001d1ad274e42 sp=0x00000046dc6fdc20 mode 0

Classes loaded (20 events):
Event: 57.714 Loading class com/sun/org/apache/xerces/internal/dom/AttrImpl done
Event: 57.714 Loading class com/sun/org/apache/xerces/internal/dom/AttrNSImpl done
Event: 57.714 Loading class com/sun/org/apache/xerces/internal/dom/AttributeMap
Event: 57.715 Loading class com/sun/org/apache/xerces/internal/dom/NamedNodeMapImpl
Event: 57.716 Loading class com/sun/org/apache/xerces/internal/dom/NamedNodeMapImpl done
Event: 57.716 Loading class com/sun/org/apache/xerces/internal/dom/AttributeMap done
Event: 57.717 Loading class com/sun/org/apache/xerces/internal/dom/TextImpl
Event: 57.718 Loading class org/w3c/dom/CharacterData
Event: 57.718 Loading class org/w3c/dom/CharacterData done
Event: 57.718 Loading class org/w3c/dom/Text
Event: 57.718 Loading class org/w3c/dom/Text done
Event: 57.718 Loading class com/sun/org/apache/xerces/internal/dom/CharacterDataImpl
Event: 57.718 Loading class com/sun/org/apache/xerces/internal/dom/CharacterDataImpl done
Event: 57.718 Loading class com/sun/org/apache/xerces/internal/dom/TextImpl done
Event: 57.718 Loading class com/sun/org/apache/xerces/internal/dom/CharacterDataImpl$1
Event: 57.718 Loading class com/sun/org/apache/xerces/internal/dom/CharacterDataImpl$1 done
Event: 57.719 Loading class com/sun/org/apache/xerces/internal/dom/CommentImpl
Event: 57.719 Loading class org/w3c/dom/Comment
Event: 57.719 Loading class org/w3c/dom/Comment done
Event: 57.719 Loading class com/sun/org/apache/xerces/internal/dom/CommentImpl done

Classes unloaded (0 events):
No events

Classes redefined (0 events):
No events

Internal exceptions (20 events):
Event: 54.204 Thread 0x000001d180970c80 Implicit null exception at 0x000001d1ad960c69 to 0x000001d1ad960d18
Event: 54.204 Thread 0x000001d180970c80 Implicit null exception at 0x000001d1add1798a to 0x000001d1add18248
Event: 54.206 Thread 0x000001d180970c80 Implicit null exception at 0x000001d1add1798a to 0x000001d1add18248
Event: 54.206 Thread 0x000001d180970c80 Implicit null exception at 0x000001d1add1798a to 0x000001d1add18248
Event: 54.561 Thread 0x000001d180970c80 Exception <a 'java/lang/NoSuchMethodError'{0x000000008a3c7a98}: static Lcom/android/build/gradle/internal/profile/ProjectData;.<clinit>()V> (0x000000008a3c7a98) 
thrown [s\open\src\hotspot\share\prims\jni.cpp, line 1106]
Event: 54.572 Thread 0x000001d180970c80 Exception <a 'java/lang/NoSuchMethodError'{0x000000008a20f790}: static Lcom/android/build/gradle/internal/profile/TaskMetadata;.<clinit>()V> (0x000000008a20f790) 
thrown [s\open\src\hotspot\share\prims\jni.cpp, line 1106]
Event: 54.643 Thread 0x000001d180970c80 Exception <a 'sun/nio/fs/WindowsException'{0x0000000089fedb30}> (0x0000000089fedb30) 
thrown [s\open\src\hotspot\share\prims\jni.cpp, line 520]
Event: 54.670 Thread 0x000001d1840e4870 Exception <a 'java/lang/NoSuchMethodError'{0x0000000089db28d0}: 'java.lang.Object java.lang.invoke.DirectMethodHandle$Holder.newInvokeSpecial(java.lang.Object, java.lang.Object, int, java.lang.Object, java.lang.Object)'> (0x0000000089db28d0) 
thrown [s\open\src\hotspot\share\interpreter\linkResolver.cpp, line 773]
Event: 54.745 Thread 0x000001d1840e34c0 Exception <a 'java/lang/NoSuchMethodError'{0x000000008965fb10}: 'java.lang.Object java.lang.invoke.DirectMethodHandle$Holder.invokeVirtual(java.lang.Object, java.lang.Object, java.lang.Object, java.lang.Object, java.lang.Object, java.lang.Object, java.lang.Object, java.lang.Object, java.lang.Object, java.lang.Object, java.lang.Object, java.lang.Object, java.lang.Object, java.lang.Object, java.lang.Object, java.lang.Object, java.lang.Object, java.lang.Object, java.lang.Object)'> (0x000000008965fb10) 
thrown
Event: 54.780 Thread 0x000001d1840e34c0 Exception <a 'java/lang/NoSuchMethodError'{0x0000000089418e78}: 'void java.lang.invoke.DirectMethodHandle$Holder.invokeSpecial(java.lang.Object, java.lang.Object, java.lang.Object, java.lang.Object, int, java.lang.Object, java.lang.Object)'> (0x0000000089418e78) 
thrown [s\open\src\hotspot\share\interpreter\linkResolver.cpp, line 773]
Event: 54.823 Thread 0x000001d1840e34c0 Exception <a 'sun/nio/fs/WindowsException'{0x00000000893cce80}> (0x00000000893cce80) 
thrown [s\open\src\hotspot\share\prims\jni.cpp, line 520]
Event: 54.935 Thread 0x000001d1840e34c0 Exception <a 'java/lang/IncompatibleClassChangeError'{0x000000008919df08}: Found class java.lang.Object, but interface was expected> (0x000000008919df08) 
thrown [s\open\src\hotspot\share\interpreter\linkResolver.cpp, line 840]
Event: 54.963 Thread 0x000001d1840e34c0 Exception <a 'java/lang/NoSuchMethodError'{0x00000000890e1730}: 'int java.lang.invoke.DirectMethodHandle$Holder.invokeStaticInit(java.lang.Object, java.lang.Object, java.lang.Object, java.lang.Object, java.lang.Object)'> (0x00000000890e1730) 
thrown [s\open\src\hotspot\share\interpreter\linkResolver.cpp, line 773]
Event: 55.055 Thread 0x000001d1840e34c0 Exception <a 'java/lang/NoSuchMethodError'{0x0000000088ddebc8}: 'int java.lang.invoke.DirectMethodHandle$Holder.invokeSpecial(java.lang.Object, java.lang.Object, int)'> (0x0000000088ddebc8) 
thrown [s\open\src\hotspot\share\interpreter\linkResolver.cpp, line 773]
Event: 55.842 Thread 0x000001d187931580 Implicit null exception at 0x000001d1ada1bfd5 to 0x000001d1ada1c88c
Event: 55.842 Thread 0x000001d187935db0 Implicit null exception at 0x000001d1ada1bfd5 to 0x000001d1ada1c88c
Event: 56.097 Thread 0x000001d187938510 Implicit null exception at 0x000001d1ade92bbd to 0x000001d1ade92c31
Event: 57.263 Thread 0x000001d1840e34c0 Exception <a 'sun/nio/fs/WindowsException'{0x000000008b851eb8}> (0x000000008b851eb8) 
thrown [s\open\src\hotspot\share\prims\jni.cpp, line 520]
Event: 57.787 Thread 0x000001d187930ef0 Exception <a 'sun/nio/fs/WindowsException'{0x000000008a507aa8}> (0x000000008a507aa8) 
thrown [s\open\src\hotspot\share\prims\jni.cpp, line 520]
Event: 57.797 Thread 0x000001d187930ef0 Exception <a 'java/lang/NoSuchMethodError'{0x000000008a52fd48}: 'int java.lang.invoke.DirectMethodHandle$Holder.invokeSpecial(java.lang.Object, java.lang.Object, java.lang.Object, java.lang.Object, java.lang.Object)'> (0x000000008a52fd48) 
thrown [s\open\src\hotspot\share\interpreter\linkResolver.cpp, line 773]

ZGC Phase Switch (0 events):
No events

VM Operations (20 events):
Event: 56.767 Executing VM operation: HandshakeAllThreads (Deoptimize) done
Event: 57.037 Executing VM operation: HandshakeAllThreads (Deoptimize)
Event: 57.038 Executing VM operation: HandshakeAllThreads (Deoptimize) done
Event: 57.039 Executing VM operation: HandshakeAllThreads (Deoptimize)
Event: 57.040 Executing VM operation: HandshakeAllThreads (Deoptimize) done
Event: 57.058 Executing VM operation: ICBufferFull
Event: 57.058 Executing VM operation: ICBufferFull done
Event: 57.058 Executing VM operation: ICBufferFull
Event: 57.059 Executing VM operation: ICBufferFull done
Event: 57.092 Executing VM operation: G1CollectForAllocation (G1 Evacuation Pause)
Event: 57.101 Executing VM operation: G1CollectForAllocation (G1 Evacuation Pause) done
Event: 57.208 Executing VM operation: HandshakeAllThreads (Deoptimize)
Event: 57.208 Executing VM operation: HandshakeAllThreads (Deoptimize) done
Event: 57.209 Executing VM operation: HandshakeAllThreads (Deoptimize)
Event: 57.210 Executing VM operation: HandshakeAllThreads (Deoptimize) done
Event: 57.772 Executing VM operation: ICBufferFull
Event: 57.772 Executing VM operation: ICBufferFull done
Event: 57.794 Executing VM operation: HandshakeAllThreads (Deoptimize)
Event: 57.795 Executing VM operation: HandshakeAllThreads (Deoptimize) done
Event: 57.929 Executing VM operation: G1CollectForAllocation (G1 Evacuation Pause)

Events (20 events):
Event: 57.815 Thread 0x000001d186548920 Thread added: 0x000001d186548920
Event: 57.815 Thread 0x000001d186546ee0 Thread added: 0x000001d186546ee0
Event: 57.815 Thread 0x000001d186547570 Thread added: 0x000001d186547570
Event: 57.816 Thread 0x000001d18c1d43b0 Thread added: 0x000001d18c1d43b0
Event: 57.817 Thread 0x000001d18c1d50d0 Thread added: 0x000001d18c1d50d0
Event: 57.817 Thread 0x000001d18c1d3690 Thread added: 0x000001d18c1d3690
Event: 57.818 Thread 0x000001d18c1d5df0 Thread added: 0x000001d18c1d5df0
Event: 57.818 Thread 0x000001d18c1d6480 Thread added: 0x000001d18c1d6480
Event: 57.818 Thread 0x000001d18c1d3d20 Thread added: 0x000001d18c1d3d20
Event: 57.897 Thread 0x000001d18c1d5760 Thread added: 0x000001d18c1d5760
Event: 57.897 Thread 0x000001d1840e2110 Thread added: 0x000001d1840e2110
Event: 57.898 Thread 0x000001d1840dec90 Thread added: 0x000001d1840dec90
Event: 57.898 Thread 0x000001d1840e41e0 Thread added: 0x000001d1840e41e0
Event: 57.899 Thread 0x000001d1876129f0 Thread added: 0x000001d1876129f0
Event: 57.899 Thread 0x000001d187610fb0 Thread added: 0x000001d187610fb0
Event: 57.900 Thread 0x000001d187612360 Thread added: 0x000001d187612360
Event: 57.901 Thread 0x000001d18760f570 Thread added: 0x000001d18760f570
Event: 57.901 Thread 0x000001d187611640 Thread added: 0x000001d187611640
Event: 57.901 Thread 0x000001d187613080 Thread added: 0x000001d187613080
Event: 57.902 Thread 0x000001d18760fc00 Thread added: 0x000001d18760fc00


Dynamic libraries:
0x00007ff6185c0000 - 0x00007ff6185d0000 	C:\Program Files\Java\jdk-21\bin\java.exe
0x00007ffde0a40000 - 0x00007ffde0ca7000 	C:\WINDOWS\SYSTEM32\ntdll.dll
0x00007ffddf400000 - 0x00007ffddf4c9000 	C:\WINDOWS\System32\KERNEL32.DLL
0x00007ffddd5f0000 - 0x00007ffddd9e1000 	C:\WINDOWS\System32\KERNELBASE.dll
0x00007ffddd4a0000 - 0x00007ffddd5eb000 	C:\WINDOWS\System32\ucrtbase.dll
0x00007ffdd3500000 - 0x00007ffdd3519000 	C:\Program Files\Java\jdk-21\bin\jli.dll
0x00007ffddf8c0000 - 0x00007ffddf97b000 	C:\WINDOWS\System32\ADVAPI32.dll
0x00007ffddf350000 - 0x00007ffddf3f9000 	C:\WINDOWS\System32\msvcrt.dll
0x00007ffddfe90000 - 0x00007ffddff37000 	C:\WINDOWS\System32\sechost.dll
0x00007ffde0870000 - 0x00007ffde0988000 	C:\WINDOWS\System32\RPCRT4.dll
0x00007ffde0620000 - 0x00007ffde07e5000 	C:\WINDOWS\System32\USER32.dll
0x00007ffdddab0000 - 0x00007ffdddad7000 	C:\WINDOWS\System32\win32u.dll
0x00007ffde0370000 - 0x00007ffde039b000 	C:\WINDOWS\System32\GDI32.dll
0x00007ffdddd00000 - 0x00007ffddde2b000 	C:\WINDOWS\System32\gdi32full.dll
0x00007ffdddc50000 - 0x00007ffdddcf3000 	C:\WINDOWS\System32\msvcp_win.dll
0x00007ffdd3450000 - 0x00007ffdd346b000 	C:\Program Files\Java\jdk-21\bin\VCRUNTIME140.dll
0x00007ffdc9f20000 - 0x00007ffdca1b3000 	C:\WINDOWS\WinSxS\amd64_microsoft.windows.common-controls_6595b64144ccf1df_6.0.26100.8037_none_3e092faae333b53b\COMCTL32.dll
0x00007ffdd75f0000 - 0x00007ffdd75fb000 	C:\WINDOWS\SYSTEM32\VERSION.dll
0x00007ffddff90000 - 0x00007ffddffc1000 	C:\WINDOWS\System32\IMM32.DLL
0x00007ffddb5f0000 - 0x00007ffddb5fc000 	C:\Program Files\Java\jdk-21\bin\vcruntime140_1.dll
0x00007ffda3e20000 - 0x00007ffda3eae000 	C:\Program Files\Java\jdk-21\bin\msvcp140.dll
0x00007ffd426b0000 - 0x00007ffd433c7000 	C:\Program Files\Java\jdk-21\bin\server\jvm.dll
0x00007ffddf980000 - 0x00007ffddf9f4000 	C:\WINDOWS\System32\WS2_32.dll
0x00007ffddd180000 - 0x00007ffddd1de000 	C:\WINDOWS\SYSTEM32\POWRPROF.dll
0x00007ffdd75b0000 - 0x00007ffdd75e5000 	C:\WINDOWS\SYSTEM32\WINMM.dll
0x00007ffddd160000 - 0x00007ffddd174000 	C:\WINDOWS\SYSTEM32\UMPDC.dll
0x00007ffddc0b0000 - 0x00007ffddc0cb000 	C:\WINDOWS\SYSTEM32\kernel.appcore.dll
0x00007ffddb5a0000 - 0x00007ffddb5aa000 	C:\Program Files\Java\jdk-21\bin\jimage.dll
0x00007ffddb230000 - 0x00007ffddb472000 	C:\WINDOWS\SYSTEM32\DBGHELP.DLL
0x00007ffddffd0000 - 0x00007ffde0352000 	C:\WINDOWS\System32\combase.dll
0x00007ffddf7e0000 - 0x00007ffddf8b7000 	C:\WINDOWS\System32\OLEAUT32.dll
0x00007ffdc6c50000 - 0x00007ffdc6c8b000 	C:\WINDOWS\SYSTEM32\dbgcore.DLL
0x00007ffddde30000 - 0x00007ffddded5000 	C:\WINDOWS\System32\bcryptPrimitives.dll
0x00007ffdd3340000 - 0x00007ffdd334f000 	C:\Program Files\Java\jdk-21\bin\instrument.dll
0x00007ffdd2880000 - 0x00007ffdd289f000 	C:\Program Files\Java\jdk-21\bin\java.dll
0x00007ffddeba0000 - 0x00007ffddf2ff000 	C:\WINDOWS\System32\SHELL32.dll
0x00007ffdddae0000 - 0x00007ffdddc4a000 	C:\WINDOWS\System32\wintypes.dll
0x00007ffdddee0000 - 0x00007ffdde744000 	C:\WINDOWS\System32\windows.storage.dll
0x00007ffddf650000 - 0x00007ffddf747000 	C:\WINDOWS\System32\SHCORE.dll
0x00007ffddf750000 - 0x00007ffddf7b7000 	C:\WINDOWS\System32\shlwapi.dll
0x00007ffddd240000 - 0x00007ffddd269000 	C:\WINDOWS\SYSTEM32\profapi.dll
0x00007ffda3d40000 - 0x00007ffda3e17000 	C:\Program Files\Java\jdk-21\bin\jsvml.dll
0x00007ffdd27c0000 - 0x00007ffdd27d8000 	C:\Program Files\Java\jdk-21\bin\zip.dll
0x00007ffddb520000 - 0x00007ffddb530000 	C:\Program Files\Java\jdk-21\bin\net.dll
0x00007ffdd5170000 - 0x00007ffdd5297000 	C:\WINDOWS\SYSTEM32\WINHTTP.dll
0x00007ffddc620000 - 0x00007ffddc68b000 	C:\WINDOWS\system32\mswsock.dll
0x00007ffdd27e0000 - 0x00007ffdd27f6000 	C:\Program Files\Java\jdk-21\bin\nio.dll
0x00007ffddb4c0000 - 0x00007ffddb4d0000 	C:\Program Files\Java\jdk-21\bin\verify.dll
0x00007ffdd1e90000 - 0x00007ffdd1eb7000 	C:\Users\harsh\.gradle\native\c067742578af261105cb4f569cf0c3c89f3d7b1fecec35dd04571415982c5e48\windows-amd64\native-platform.dll
0x00007ffda0780000 - 0x00007ffda08c4000 	C:\Users\harsh\.gradle\native\100fb08df4bc3b14c8652ba06237920a3bd2aa13389f12d3474272988ae205f9\windows-amd64\native-platform-file-events.dll
0x00007ffdd8530000 - 0x00007ffdd853a000 	C:\Program Files\Java\jdk-21\bin\management.dll
0x00007ffdd3720000 - 0x00007ffdd372b000 	C:\Program Files\Java\jdk-21\bin\management_ext.dll
0x00007ffddf310000 - 0x00007ffddf318000 	C:\WINDOWS\System32\PSAPI.DLL
0x00007ffddc900000 - 0x00007ffddc91b000 	C:\WINDOWS\SYSTEM32\CRYPTSP.dll
0x00007ffddc010000 - 0x00007ffddc049000 	C:\WINDOWS\system32\rsaenh.dll
0x00007ffddc6d0000 - 0x00007ffddc702000 	C:\WINDOWS\SYSTEM32\USERENV.dll
0x00007ffddd210000 - 0x00007ffddd23a000 	C:\WINDOWS\SYSTEM32\bcrypt.dll
0x00007ffddc920000 - 0x00007ffddc92c000 	C:\WINDOWS\SYSTEM32\CRYPTBASE.dll
0x00007ffddbb30000 - 0x00007ffddbb63000 	C:\WINDOWS\SYSTEM32\IPHLPAPI.DLL
0x00007ffde0990000 - 0x00007ffde099a000 	C:\WINDOWS\System32\NSI.dll
0x00007ffdd3410000 - 0x00007ffdd3419000 	C:\Program Files\Java\jdk-21\bin\extnet.dll
0x00007ffdd32a0000 - 0x00007ffdd32ae000 	C:\Program Files\Java\jdk-21\bin\sunmscapi.dll
0x00007ffddd320000 - 0x00007ffddd497000 	C:\WINDOWS\System32\CRYPT32.dll
0x00007ffddcb20000 - 0x00007ffddcb50000 	C:\WINDOWS\SYSTEM32\ncrypt.dll
0x00007ffddcad0000 - 0x00007ffddcb0f000 	C:\WINDOWS\SYSTEM32\NTASN1.dll
0x00007ffda26b0000 - 0x00007ffda26b8000 	C:\WINDOWS\system32\wshunix.dll

dbghelp: loaded successfully - version: 4.0.5 - missing functions: none
symbol engine: initialized successfully - sym options: 0x614 - pdb path: .;C:\Program Files\Java\jdk-21\bin;C:\WINDOWS\SYSTEM32;C:\WINDOWS\WinSxS\amd64_microsoft.windows.common-controls_6595b64144ccf1df_6.0.26100.8037_none_3e092faae333b53b;C:\Program Files\Java\jdk-21\bin\server;C:\Users\harsh\.gradle\native\c067742578af261105cb4f569cf0c3c89f3d7b1fecec35dd04571415982c5e48\windows-amd64;C:\Users\harsh\.gradle\native\100fb08df4bc3b14c8652ba06237920a3bd2aa13389f12d3474272988ae205f9\windows-amd64

VM Arguments:
jvm_args: --add-opens=java.base/java.lang=ALL-UNNAMED --add-opens=java.base/java.lang.invoke=ALL-UNNAMED --add-opens=java.base/java.util=ALL-UNNAMED --add-opens=java.prefs/java.util.prefs=ALL-UNNAMED --add-exports=jdk.compiler/com.sun.tools.javac.api=ALL-UNNAMED --add-exports=jdk.compiler/com.sun.tools.javac.util=ALL-UNNAMED --add-opens=java.base/java.util=ALL-UNNAMED --add-opens=java.prefs/java.util.prefs=ALL-UNNAMED --add-opens=java.base/java.nio.charset=ALL-UNNAMED --add-opens=java.base/java.net=ALL-UNNAMED --add-opens=java.base/java.util.concurrent.atomic=ALL-UNNAMED --add-opens=java.xml/javax.xml.namespace=ALL-UNNAMED -Xmx2048m -Dfile.encoding=UTF-8 -Duser.country=IN -Duser.language=en -Duser.variant -javaagent:C:\Users\harsh\.gradle\wrapper\dists\gradle-8.11.1-bin\bpt9gzteqjrbo1mjrsomdt32c\gradle-8.11.1\lib\agents\gradle-instrumentation-agent-8.11.1.jar 
java_command: org.gradle.launcher.daemon.bootstrap.GradleDaemon 8.11.1
java_class_path (initial): C:\Users\harsh\.gradle\wrapper\dists\gradle-8.11.1-bin\bpt9gzteqjrbo1mjrsomdt32c\gradle-8.11.1\lib\gradle-daemon-main-8.11.1.jar
Launcher Type: SUN_STANDARD

[Global flags]
     intx CICompilerCount                          = 4                                         {product} {ergonomic}
     uint ConcGCThreads                            = 3                                         {product} {ergonomic}
     uint G1ConcRefinementThreads                  = 10                                        {product} {ergonomic}
   size_t G1HeapRegionSize                         = 1048576                                   {product} {ergonomic}
    uintx GCDrainStackTargetSize                   = 64                                        {product} {ergonomic}
   size_t InitialHeapSize                          = 125829120                                 {product} {ergonomic}
   size_t MarkStackSize                            = 4194304                                   {product} {ergonomic}
   size_t MaxHeapSize                              = 2147483648                                {product} {command line}
   size_t MaxNewSize                               = 1287651328                                {product} {ergonomic}
   size_t MinHeapDeltaBytes                        = 1048576                                   {product} {ergonomic}
   size_t MinHeapSize                              = 8388608                                   {product} {ergonomic}
    uintx NonNMethodCodeHeapSize                   = 5839372                                {pd product} {ergonomic}
    uintx NonProfiledCodeHeapSize                  = 122909434                              {pd product} {ergonomic}
    uintx ProfiledCodeHeapSize                     = 122909434                              {pd product} {ergonomic}
    uintx ReservedCodeCacheSize                    = 251658240                              {pd product} {ergonomic}
     bool SegmentedCodeCache                       = true                                      {product} {ergonomic}
   size_t SoftMaxHeapSize                          = 2147483648                             {manageable} {ergonomic}
     bool UseCompressedOops                        = true                           {product lp64_product} {ergonomic}
     bool UseG1GC                                  = true                                      {product} {ergonomic}
     bool UseLargePagesIndividualAllocation        = false                                  {pd product} {ergonomic}

Logging:
Log output configuration:
 #0: stdout all=warning uptime,level,tags foldmultilines=false
 #1: stderr all=off uptime,level,tags foldmultilines=false

Environment Variables:
JAVA_HOME=C:\Program Files\Java\jdk-21
CLASSPATH=C:\Users\harsh\AndroidStudioProjects\VidPlay\\gradle\wrapper\gradle-wrapper.jar
PATH=c:\Users\harsh\AppData\Roaming\Code\User\globalStorage\github.copilot-chat\debugCommand;c:\Users\harsh\AppData\Roaming\Code\User\globalStorage\github.copilot-chat\copilotCli;C:\Users\harsh\AppData\Local\Programs\Microsoft VS Code;C:\Program Files\Eclipse Adoptium\jdk-11.0.29.7-hotspot\bin;C:\Program Files\Python313\Scripts\;C:\Program Files\Python313\;C:\Program Files\Common Files\Oracle\Java\javapath;C:\WINDOWS\system32;C:\WINDOWS;C:\WINDOWS\System32\Wbem;C:\WINDOWS\System32\WindowsPowerShell\v1.0\;C:\WINDOWS\System32\OpenSSH\;C:\Program Files\Java\jdk-21\bin;C:\Program Files\nodejs\;C:\Program Files\Git\cmd;C:\Program Files\Docker\Docker\resources\bin;C:\Program Files\Go\bin;C:\flutter_windows_3.32.8-stable\flutter\bin\;C:\platform-tools;C:\Program Files\MySQL\MySQL Shell 8.0\bin\;C:\Users\harsh\AppData\Local\Microsoft\WindowsApps;C:\MinGW\bin;C:\Users\harsh\AppData\Roaming\npm;C:\Program Files\MongoDB\Server\7.0\bin;C:\Users\harsh\AppData\Local\GitHubDesktop\bin;C:\Users\harsh\AppData\Local\Programs\Microsoft VS Code\bin;C:\Users\harsh\AppData\Local\Microsoft\WindowsApps\python.exe;C:\users\harsh\appdata\roaming\python\python313\site-packages\git_filter_repo.py;C:\Users\harsh\AppData\Local\Programs\cursor\resources\app\bin;C:\Users\harsh\flutter_windows_3.32.6-stable\flutter\bin;C:\Program Files\MongoDB\Server\7.0\bin;C:\Users\harsh\go\bin;C:\Users\harsh\AppData\Local\Programs\Antigravity\bin;c:\Users\harsh\.vscode\extensions\vscjava.vscode-java-debug-0.58.5\bundled\scripts\noConfigScripts;c:\Users\harsh\.vscode\extensions\ms-python.debugpy-2025.18.0-win32-x64\bundled\scripts\noConfigScripts
USERNAME=harsh
LANG=en_US.UTF-8
OS=Windows_NT
PROCESSOR_IDENTIFIER=AMD64 Family 25 Model 80 Stepping 0, AuthenticAMD
TMP=C:\Users\harsh\AppData\Local\Temp
TEMP=C:\Users\harsh\AppData\Local\Temp




Periodic native trim disabled

---------------  S Y S T E M  ---------------

OS:
 Windows 11 , 64 bit Build 26100 (10.0.26100.7920)
OS uptime: 0 days 13:47 hours
Hyper-V role detected

CPU: total 12 (initial active 12) (12 cores per cpu, 2 threads per core) family 25 model 80 stepping 0 microcode 0xa50000d, cx8, cmov, fxsr, ht, mmx, 3dnowpref, sse, sse2, sse3, ssse3, sse4a, sse4.1, sse4.2, popcnt, lzcnt, tsc, tscinvbit, avx, avx2, aes, erms, clmul, bmi1, bmi2, adx, sha, fma, vzeroupper, clflush, clflushopt, hv, rdtscp, rdpid, fsrm, f16c, cet_ss
Processor Information for all 12 processors :
  Max Mhz: 3301, Current Mhz: 2011, Mhz Limit: 3301

Memory: 4k page, system-wide physical 7581M (559M free)
TotalPageFile size 31133M (AvailPageFile size 16M)
current process WorkingSet (physical memory assigned to process): 485M, peak: 491M
current process commit charge ("private bytes"): 576M, peak: 618M

vm_info: Java HotSpot(TM) 64-Bit Server VM (21.0.2+13-LTS-58) for windows-amd64 JRE (21.0.2+13-LTS-58), built on 2024-01-05T18:32:24Z by "mach5one" with MS VC++ 17.1 (VS2022)

END.
