#
# There is insufficient memory for the Java Runtime Environment to continue.
# Native memory allocation (malloc) failed to allocate 1057776 bytes. Error detail: Chunk::new
# Possible reasons:
#   The system is out of physical RAM or swap space
#   This process is running with CompressedOops enabled, and the Java Heap may be blocking the growth of the native heap
# Possible solutions:
#   Reduce memory load on the system
#   Increase physical memory or swap space
#   Check if swap backing store is full
#   Decrease Java heap size (-Xmx/-Xms)
#   Decrease number of Java threads
#   Decrease Java thread stack sizes (-Xss)
#   Set larger code cache with -XX:ReservedCodeCacheSize=
#   JVM is running with Unscaled Compressed Oops mode in which the Java heap is
#     placed in the first 4GB address space. The Java Heap base address is the
#     maximum limit for the native heap growth. Please use -XX:HeapBaseMinAddress
#     to set the Java Heap base and to place the Java Heap above 4GB virtual address.
# This output file may be truncated or incomplete.
#
#  Out of Memory Error (arena.cpp:168), pid=28536, tid=13132
#
# JRE version: OpenJDK Runtime Environment (21.0.6) (build 21.0.6+-13391695-b895.109)
# Java VM: OpenJDK 64-Bit Server VM (21.0.6+-13391695-b895.109, mixed mode, tiered, compressed oops, compressed class ptrs, g1 gc, windows-amd64)
# No core dump will be written. Minidumps are not enabled by default on client versions of Windows
#

---------------  S U M M A R Y ------------

Command Line: org.jetbrains.kotlin.cli.jvm.K2JVMCompiler -Xallow-no-source-files -classpath C:\Users\harsh\AppData\Local\Android\Sdk\platforms\android-36\android.jar;C:\Users\harsh\AppData\Local\Android\Sdk\build-tools\35.0.0\core-lambda-stubs.jar;C:\Users\harsh\AndroidStudioProjects\VidPlay\app\build\intermediates\compile_and_runtime_not_namespaced_r_class_jar\debug\processDebugResources\R.jar;C:\Users\harsh\.gradle\caches\8.11.1\transforms\01a6f97d494d1ab621d9bb8ff63b5037\transformed\navigation-common-2.8.9-api.jar;C:\Users\harsh\.gradle\caches\8.11.1\transforms\271936fac54fe9a55d8c9ed0382761ec\transformed\navigation-runtime-2.8.9-api.jar;C:\Users\harsh\.gradle\caches\8.11.1\transforms\8826e71c1daa37ee3d4e1d9f1a9af483\transformed\navigation-common-ktx-2.8.9-api.jar;C:\Users\harsh\.gradle\caches\8.11.1\transforms\a91928551aaa3130a3f469823650d762\transformed\navigation-runtime-ktx-2.8.9-api.jar;C:\Users\harsh\.gradle\caches\8.11.1\transforms\39e413e8e70378805456a3f051892a17\transformed\navigation-compose-2.8.9-api.jar;C:\Users\harsh\.gradle\caches\8.11.1\transforms\0d597d125d52d6f209983037a6011063\transformed\material3-api.jar;C:\Users\harsh\.gradle\caches\8.11.1\transforms\4d3a1f13753adbfbe6e4e2414a6b9333\transformed\coil-compose-2.4.0-api.jar;C:\Users\harsh\.gradle\caches\8.11.1\transforms\96753570b2ad044b321099fb5d63920f\transformed\coil-compose-base-2.4.0-api.jar;C:\Users\harsh\.gradle\caches\8.11.1\transforms\1e753d3ee4fd6a077f1bd4fee9a914fe\transformed\foundation-layout-api.jar;C:\Users\harsh\.gradle\caches\8.11.1\transforms\64b8f0772151308a8b5db5e7d545424f\transformed\material-ripple-api.jar;C:\Users\harsh\.gradle\caches\8.11.1\transforms\dc178c6d95684a49ac365c2d60d79b7b\transformed\foundation-api.jar;C:\Users\harsh\.gradle\caches\8.11.1\transforms\4b2eca6bb5acd37712a4a7c4ebaddbc4\transformed\animation-core-api.jar;C:\Users\harsh\.gradle\caches\8.11.1\transforms\4e874a2bb5b51391b04312b9be857558\transformed\animation-api.jar;C:\Users\harsh\.gradle\caches\8.11.1\transforms\8f6341e589891a615dbe69f406d83037\transformed\ui-util-api.jar;C:\Users\harsh\.gradle\caches\8.11.1\transforms\d03e80e97a6668d6290734bcd7abade5\transformed\ui-unit-api.jar;C:\Users\harsh\.gradle\caches\8.11.1\transforms\b7c4f832c0543109ec64efe614c75047\transformed\ui-text-api.jar;C:\Users\harsh\.gradle\caches\8.11.1\transforms\53a4c01470058bbfad26ba54c97291bc\transformed\ui-geometry-api.jar;C:\Users\harsh\.gradle\caches\8.11.1\transforms\071d6298b6caaef0cb186b4b073468f7\transformed\ui-tooling-data-api.jar;C:\Users\harsh\.gradle\caches\8.11.1\transforms\53c74cc37d6bf54060440ca4a5bd6611\transformed\ui-tooling-preview-api.jar;C:\Users\harsh\.gradle\caches\8.11.1\transforms\cc78190bf9e2374593491ec4c43632c8\transformed\ui-graphics-api.jar;C:\Users\harsh\.gradle\caches\8.11.1\transforms\3546be0f03dc6a5c8bf869c2ea402a6b\transformed\camera-video-1.4.1-api.jar;C:\Users\harsh\.gradle\caches\8.11.1\transforms\7da270757360993edd0a3831ed2798f5\transformed\camera-view-1.4.1-api.jar;C:\Users\harsh\.gradle\caches\8.11.1\transforms\fc65d33c23dfd6383faf0b7cab2c6e9b\transformed\camera-lifecycle-1.4.1-api.jar;C:\Users\harsh\.gradle\caches\8.11.1\transforms\f858b53cd673527a09be1c16b391beac\transformed\camera-camera2-1.4.1-api.jar;C:\Users\harsh\.gradle\caches\8.11.1\transforms\9ecb1173041d08a837fcae0e585c1666\transformed\camera-core-1.4.1-api.jar;C:\Users\harsh\.gradle\caches\8.11.1\transforms\ce14e19bf926fc12f9f3555358f81aa4\transformed\core-1.17.0-api.jar;C:\Users\harsh\.gradle\caches\8.11.1\transforms\458b04e34507d331637d87df2347951a\transformed\coil-2.4.0-api.jar;C:\Users\harsh\.gradle\caches\8.11.1\transforms\ada89b174eb3377253c2446a2d7491a7\transformed\coil-base-2.4.0-api.jar;C:\Users\harsh\.gradle\caches\8.11.1\transforms\80e45c77b9f657716e487a862ac01c42\transformed\activity-ktx-1.12.4-api.jar;C:\Users\harsh\.gradle\caches\8.11.1\transforms\0e7385f1472d09d9f4f1d832b8f35375\transformed\lifecycle-viewmodel-ktx-2.10.0-api.jar;C:\Users\harsh\.gradle\caches\8.11.1\transforms\c1befa18fa07e7df7a665f25f373fcc6\transformed\lifecycle-runtime-compose-api.jar;C:\Users\harsh\.gradle\caches\8.11.1\transforms\a0ae23c9c0d12273658f96a8a553b952\transformed\lifecycle-viewmodel-savedstate-api.jar;C:\Users\harsh\.gradle\caches\8.11.1\transforms\b0f9eda223fa8a972ec6a77492d2b298\transformed\lifecycle-runtime-api.jar;C:\Users\harsh\.gradle\caches\modules-2\files-2.1\androidx.lifecycle\lifecycle-common-jvm\2.10.0\2b7a92c746f3339efc533a2da0024e596760f816\lifecycle-common-jvm-2.10.0.jar;C:\Users\harsh\.gradle\caches\8.11.1\transforms\165aac26564569564afda269be1133c5\transformed\lifecycle-livedata-core-ktx-2.10.0-api.jar;C:\Users\harsh\.gradle\caches\8.11.1\transforms\10d816236b3006c4fa4df5a42b33454b\transformed\lifecycle-livedata-core-2.10.0-api.jar;C:\Users\harsh\.gradle\caches\8.11.1\transforms\446e2b600314506170c70a35deddf96a\transformed\lifecycle-viewmodel-api.jar;C:\Users\harsh\.gradle\caches\8.11.1\transforms\3dd846334b163269cde04ebb16d86d78\transformed\lifecycle-livedata-2.10.0-api.jar;C:\Users\harsh\.gradle\caches\8.11.1\transforms\e8ff07de8e577e4a64cc14e76fe4dfe9\transformed\lifecycle-runtime-ktx-api.jar;C:\Users\harsh\.gradle\caches\8.11.1\transforms\1dd62cfd525f066988a114a03ea51080\transformed\lifecycle-viewmodel-compose-api.jar;C:\Users\harsh\.gradle\caches\8.11.1\transforms\1d800902e97aca3743e92c769fc24338\transformed\material-icons-extended-release-api.jar;C:\Users\harsh\.gradle\caches\8.11.1\transforms\dde806fc2ca55441d1ce72fdc91740b4\transformed\material-icons-core-release-api.jar;C:\Users\harsh\.gradle\caches\8.11.1\transforms\47c8e49547081db98d988a7e460c789e\transformed\ui-api.jar;C:\Users\harsh\.gradle\caches\8.11.1\transforms\b19dda3a5d53d27e3e93ec475d0ba4a3\transformed\ui-tooling-api.jar;C:\Users\harsh\.gradle\caches\8.11.1\transforms\2262a059f836d42843f4aaba6fceb6f1\transformed\ui-test-manifest-1.10.4-api.jar;C:\Users\harsh\.gradle\caches\8.11.1\transforms\5e1871354c70c987d299ef10f1cf0641\transformed\activity-1.12.4-api.jar;C:\Users\harsh\.gradle\caches\8.11.1\transforms\70cbb45115387d168394e57e1115b41b\transformed\activity-compose-1.12.4-api.jar;C:\Users\harsh\.gradle\caches\8.11.1\transforms\c8037bf2485d61f4a53bbcc1da207c77\transformed\core-ktx-1.17.0-api.jar;C:\Users\harsh\.gradle\caches\modules-2\files-2.1\com.squareup.retrofit2\converter-gson\2.9.0\fc93484fc67ab52b1e0ccbdaa3922d8a6678e097\converter-gson-2.9.0.jar;C:\Users\harsh\.gradle\caches\modules-2\files-2.1\com.squareup.retrofit2\retrofit\2.9.0\d8fdfbd5da952141a665a403348b74538efc05ff\retrofit-2.9.0.jar;C:\Users\harsh\.gradle\caches\modules-2\files-2.1\com.squareup.okhttp3\logging-interceptor\4.11.0\87fa769912b1f738f3c2dd87e3bca4d1d7f0e666\logging-interceptor-4.11.0.jar;C:\Users\harsh\.gradle\caches\modules-2\files-2.1\com.squareup.okhttp3\okhttp\4.11.0\436932d695b2c43f2c86b8111c596179cd133d56\okhttp-4.11.0.jar;C:\Users\harsh\.gradle\caches\8.11.1\transforms\16b9a8ef76ce050ceabc9b6d92e38bc7\transformed\navigationevent-compose-api.jar;C:\Users\harsh\.gradle\caches\8.11.1\transforms\4e7d6409eb78d7be6405438f4fc18328\transformed\navigationevent-api.jar;C:\Users\harsh\.gradle\caches\8.11.1\transforms\234bc76decd420204da72ade5289815f\transformed\runtime-annotation-api.jar;C:\Users\harsh\.gradle\caches\8.11.1\transforms\bbbfc6d7e92c952f1a9667ffeb802455\transformed\runtime-retain-api.jar;C:\Users\harsh\.gradle\caches\8.11.1\transforms\6e485b96f576d371fdac1d41a3a78f67\transformed\runtime-saveable-api.jar;C:\Users\harsh\.gradle\caches\8.11.1\transforms\ea74341d1322cc3f769a66b15bfbdb4e\transformed\savedstate-ktx-1.4.0-api.jar;C:\Users\harsh\.gradle\caches\8.11.1\transforms\b217fa707dc41101cd9446dac0982329\transformed\savedstate-api.jar;C:\Users\harsh\.gradle\caches\8.11.1\transforms\0aef31ab85661723dd5708db2f82bb87\transformed\savedstate-compose-api.jar;C:\Users\harsh\.gradle\caches\8.11.1\transforms\0f3db3816a5a0d7037e19e1891bb558d\transformed\runtime-api.jar;C:\Users\harsh\.gradle\caches\modules-2\files-2.1\org.jetbrains.kotlinx\kotlinx-coroutines-core-jvm\1.9.0\9beade4c1c1569e4f36cbd2c37e02e3e41502601\kotlinx-coroutines-core-jvm-1.9.0.jar;C:\Users\harsh\.gradle\caches\modules-2\files-2.1\org.jetbrains.kotlinx\kotlinx-coroutines-android\1.9.0\6cf3b8df5a2ce8c6b0dffe55657a827c405ee2fe\kotlinx-coroutines-android-1.9.0.jar;C:\Users\harsh\.gradle\caches\8.11.1\transforms\60e5b1c69544d713c4f17cb2d74a1200\transformed\stream-webrtc-android-1.1.2-api.jar;C:\Users\harsh\.gradle\caches\modules-2\files-2.1\org.jetbrains.kotlinx\kotlinx-serialization-core-jvm\1.7.3\1f226780b845ff9206474c05159245d861556249\kotlinx-serialization-core-jvm-1.7.3.jar;C:\Users\harsh\.gradle\caches\modules-2\files-2.1\org.jetbrains.kotlinx\kotlinx-serialization-json-jvm\1.7.3\6701e8c68d9e82387ce72ee96e8ddf058208d58f\kotlinx-serialization-json-jvm-1.7.3.jar;C:\Users\harsh\.gradle\caches\modules-2\files-2.1\com.squareup.okio\okio-jvm\3.3.0\2d175add2d06a67bda111ae5455e49b42d0bb287\okio-jvm-3.3.0.jar;C:\Users\harsh\.gradle\caches\modules-2\files-2.1\org.jetbrains.kotlin\kotlin-stdlib-jdk8\1.8.21\67f57e154437cd9e6e9cf368394b95814836ff88\kotlin-stdlib-jdk8-1.8.21.jar;C:\Users\harsh\.gradle\caches\8.11.1\transforms\5c1b5dbe6a69bfcdd3e4b86f92af747b\transformed\media3-exoplayer-1.1.1-api.jar;C:\Users\harsh\.gradle\caches\8.11.1\transforms\11521477d3485318099fc15561e8aa44\transformed\media3-session-1.1.1-api.jar;C:\Users\harsh\.gradle\caches\8.11.1\transforms\f064eab4389a97e0a470c9b29e34c96f\transformed\media3-common-1.1.1-api.jar;C:\Users\harsh\.gradle\caches\8.11.1\transforms\a14ba1fa6f0c5eea2372cd3d0f27e727\transformed\annotation-experimental-1.4.1-api.jar;C:\Users\harsh\.gradle\caches\8.11.1\transforms\17b0940159134762e590dc3112d82726\transformed\core-viewtree-1.0.0-api.jar;C:\Users\harsh\.gradle\caches\8.11.1\transforms\dae2d5e68718249b4ab200198ad9af13\transformed\versionedparcelable-1.1.1-api.jar;C:\Users\harsh\.gradle\caches\8.11.1\transforms\5a0ff1e6209148623ca4558b480d5149\transformed\core-runtime-2.2.0-api.jar;C:\Users\harsh\.gradle\caches\modules-2\files-2.1\androidx.arch.core\core-common\2.2.0\5e1b8b81dfd5f52c56a8d53b18ca759c19a301f3\core-common-2.2.0.jar;C:\Users\harsh\.gradle\caches\modules-2\files-2.1\androidx.collection\collection-jvm\1.5.0\7ba2c69414d46ebc2dd76598bdd0a75c54281a57\collection-jvm-1.5.0.jar;C:\Users\harsh\.gradle\caches\modules-2\files-2.1\androidx.annotation\annotation-jvm\1.9.1\b17951747e38bf3986a24431b9ba0d039958aa5f\annotation-jvm-1.9.1.jar;C:\Users\harsh\.gradle\caches\modules-2\files-2.1\org.jetbrains.kotlin\kotlin-stdlib-jdk7\1.8.21\7473b8cd3c0ef9932345baf569bc398e8a717046\kotlin-stdlib-jdk7-1.8.21.jar;C:\Users\harsh\.gradle\caches\modules-2\files-2.1\org.jetbrains.kotlin\kotlin-stdlib\2.3.10\8b80e2f80a3b7daa99c16017f91d4c72cd8b31a6\kotlin-stdlib-2.3.10.jar;C:\Users\harsh\.gradle\caches\8.11.1\transforms\51bfbace2f76aaffa1b040015431ee7f\transformed\media3-ui-1.1.1-api.jar;C:\Users\harsh\.gradle\caches\modules-2\files-2.1\org.jetbrains\annotations\23.0.0\8cc20c07506ec18e0834947b84a864bfc094484e\annotations-23.0.0.jar;C:\Users\harsh\.gradle\caches\modules-2\files-2.1\com.google.guava\guava\31.1-android\9222c47cc3ae890f07f7c961bbb3cb69050fe4aa\guava-31.1-android.jar;C:\Users\harsh\.gradle\caches\modules-2\files-2.1\com.google.guava\listenablefuture\9999.0-empty-to-avoid-conflict-with-guava\b421526c5f297295adef1c886e5246c39d4ac629\listenablefuture-9999.0-empty-to-avoid-conflict-with-guava.jar;C:\Users\harsh\.gradle\caches\modules-2\files-2.1\org.jspecify\jspecify\1.0.0\7425a601c1c7ec76645a78d22b8c6a627edee507\jspecify-1.0.0.jar;C:\Users\harsh\.gradle\caches\modules-2\files-2.1\com.google.guava\failureaccess\1.0.1\1dcf1de382a0bf95a3d8b0849546c88bac1292c9\failureaccess-1.0.1.jar;C:\Users\harsh\.gradle\caches\8.11.1\transforms\93da3d2a585db982dce28aae2a608deb\transformed\media3-container-1.1.1-api.jar;C:\Users\harsh\.gradle\caches\8.11.1\transforms\b2965c28a79d99c730f2ae2e9387177d\transformed\media3-database-1.1.1-api.jar;C:\Users\harsh\.gradle\caches\8.11.1\transforms\62b6e4b5790939ce168eb44ee458d917\transformed\media3-datasource-1.1.1-api.jar;C:\Users\harsh\.gradle\caches\8.11.1\transforms\5c43219ef98064d2100e5ef0c1dd60c7\transformed\media3-decoder-1.1.1-api.jar;C:\Users\harsh\.gradle\caches\8.11.1\transforms\3fbcc1bace1d452396d20bd4050b3d0b\transformed\media3-extractor-1.1.1-api.jar;C:\Users\harsh\.gradle\caches\modules-2\files-2.1\com.google.code.gson\gson\2.8.5\f645ed69d595b24d4cf8b3fbb64cc505bede8829\gson-2.8.5.jar -d C:\Users\harsh\AndroidStudioProjects\VidPlay\app\build\tmp\kotlin-classes\debug -jvm-target 11 -module-name app_debug -no-jdk -no-reflect -no-stdlib -Xplugin=C:\Users\harsh\.gradle\caches\modules-2\files-2.1\org.jetbrains.kotlin\kotlin-compose-compiler-plugin-embeddable\2.3.10\be0626cc87f259017a2111024f63f1d6bbf2c298\kotlin-compose-compiler-plugin-embeddable-2.3.10.jar -P plugin:androidx.compose.compiler.plugins.kotlin:sourceInformation=true,plugin:androidx.compose.compiler.plugins.kotlin:traceMarkersEnabled=true -Xopt-in=androidx.media3.common.util.UnstableApi -Xuse-inline-scopes-numbers -Xallow-unstable-dependencies C:\Users\harsh\AndroidStudioProjects\VidPlay\app\build\generated\source\buildConfig\debug\com\example\vidplay\BuildConfig.java C:\Users\harsh\AndroidStudioProjects\VidPlay\app\src\main\java\com\example\vidplay\data\repository\AuthRepositoryImpl.kt C:\Users\harsh\AndroidStudioProjects\VidPlay\app\src\main\java\com\example\vidplay\data\repository\StreamRepositoryImpl.kt C:\Users\harsh\AndroidStudioProjects\VidPlay\app\src\main\java\com\example\vidplay\data\source\remote\ApiUrlLoggingInterceptor.kt C:\Users\harsh\AndroidStudioProjects\VidPlay\app\src\main\java\com\example\vidplay\data\source\remote\AuthApiService.kt C:\Users\harsh\AndroidStudioProjects\VidPlay\app\src\main\java\com\example\vidplay\data\source\remote\dto\ActiveStreamDto.kt C:\Users\harsh\AndroidStudioProjects\VidPlay\app\src\main\java\com\example\vidplay\data\source\remote\dto\ErrorResponse.kt C:\Users\harsh\AndroidStudioProjects\VidPlay\app\src\main\java\com\example\vidplay\data\source\remote\dto\ForgotPasswordRequest.kt C:\Users\harsh\AndroidStudioProjects\VidPlay\app\src\main\java\com\example\vidplay\data\source\remote\dto\ForgotPasswordResponse.kt C:\Users\harsh\AndroidStudioProjects\VidPlay\app\src\main\java\com\example\vidplay\data\source\remote\dto\LoginRequest.kt C:\Users\harsh\AndroidStudioProjects\VidPlay\app\src\main\java\com\example\vidplay\data\source\remote\dto\LoginResponse.kt C:\Users\harsh\AndroidStudioProjects\VidPlay\app\src\main\java\com\example\vidplay\data\source\remote\dto\MyStreamDto.kt C:\Users\harsh\AndroidStudioProjects\VidPlay\app\src\main\java\com\example\vidplay\data\source\remote\dto\RegisterRequest.kt C:\Users\harsh\AndroidStudioProjects\VidPlay\app\src\main\java\com\example\vidplay\data\source\remote\dto\RegisterResponse.kt C:\Users\harsh\AndroidStudioProjects\VidPlay\app\src\main\java\com\example\vidplay\data\source\remote\dto\ResetPasswordRequest.kt C:\Users\harsh\AndroidStudioProjects\VidPlay\app\src\main\java\com\example\vidplay\data\source\remote\dto\ResetPasswordResponse.kt C:\Users\harsh\AndroidStudioProjects\VidPlay\app\src\main\java\com\example\vidplay\data\source\remote\dto\SearchStreamDto.kt C:\Users\harsh\AndroidStudioProjects\VidPlay\app\src\main\java\com\example\vidplay\data\source\remote\dto\StartStreamRequest.kt C:\Users\harsh\AndroidStudioProjects\VidPlay\app\src\main\java\com\example\vidplay\data\source\remote\dto\StreamDto.kt C:\Users\harsh\AndroidStudioProjects\VidPlay\app\src\main\java\com\example\vidplay\data\source\remote\dto\VerifyForgotPasswordOtpRequest.kt C:\Users\harsh\AndroidStudioProjects\VidPlay\app\src\main\java\com\example\vidplay\data\source\remote\dto\VerifyForgotPasswordOtpResponse.kt C:\Users\harsh\AndroidStudioProjects\VidPlay\app\src\main\java\com\example\vidplay\data\source\remote\dto\VerifyRegistrationRequest.kt C:\Users\harsh\AndroidStudioProjects\VidPlay\app\src\main\java\com\example\vidplay\data\source\remote\dto\VerifyRegistrationResponse.kt C:\Users\harsh\AndroidStudioProjects\VidPlay\app\src\main\java\com\example\vidplay\data\source\remote\RetrofitClient.kt C:\Users\harsh\AndroidStudioProjects\VidPlay\app\src\main\java\com\example\vidplay\data\source\remote\StreamApiService.kt C:\Users\harsh\AndroidStudioProjects\VidPlay\app\src\main\java\com\example\vidplay\data\webrtc\StreamingSession.kt C:\Users\harsh\AndroidStudioProjects\VidPlay\app\src\main\java\com\example\vidplay\data\webrtc\WebRtcBroadcastManager.kt C:\Users\harsh\AndroidStudioProjects\VidPlay\app\src\main\java\com\example\vidplay\data\webrtc\WebRtcViewerManager.kt C:\Users\harsh\AndroidStudioProjects\VidPlay\app\src\main\java\com\example\vidplay\domain\model\ActiveStream.kt C:\Users\harsh\AndroidStudioProjects\VidPlay\app\src\main\java\com\example\vidplay\domain\model\ForgotPasswordData.kt C:\Users\harsh\AndroidStudioProjects\VidPlay\app\src\main\java\com\example\vidplay\domain\model\LoginData.kt C:\Users\harsh\AndroidStudioProjects\VidPlay\app\src\main\java\com\example\vidplay\domain\model\Media.kt C:\Users\harsh\AndroidStudioProjects\VidPlay\app\src\main\java\com\example\vidplay\domain\model\MusicItem.kt C:\Users\harsh\AndroidStudioProjects\VidPlay\app\src\main\java\com\example\vidplay\domain\model\MyStream.kt C:\Users\harsh\AndroidStudioProjects\VidPlay\app\src\main\java\com\example\vidplay\domain\model\RegistrationData.kt C:\Users\harsh\AndroidStudioProjects\VidPlay\app\src\main\java\com\example\vidplay\domain\model\ResetPasswordData.kt C:\Users\harsh\AndroidStudioProjects\VidPlay\app\src\main\java\com\example\vidplay\domain\model\Stream.kt C:\Users\harsh\AndroidStudioProjects\VidPlay\app\src\main\java\com\example\vidplay\domain\model\User.kt C:\Users\harsh\AndroidStudioProjects\VidPlay\app\src\main\java\com\example\vidplay\domain\model\VerificationData.kt C:\Users\harsh\AndroidStudioProjects\VidPlay\app\src\main\java\com\example\vidplay\domain\model\VerifyForgotPasswordOtpData.kt C:\Users\harsh\AndroidStudioProjects\VidPlay\app\src\main\java\com\example\vidplay\domain\repository\AuthRepository.kt C:\Users\harsh\AndroidStudioProjects\VidPlay\app\src\main\java\com\example\vidplay\domain\repository\StreamRepository.kt C:\Users\harsh\AndroidStudioProjects\VidPlay\app\src\main\java\com\example\vidplay\domain\usecase\ForgotPasswordUseCase.kt C:\Users\harsh\AndroidStudioProjects\VidPlay\app\src\main\java\com\example\vidplay\domain\usecase\GetAllStreamsUseCase.kt C:\Users\harsh\AndroidStudioProjects\VidPlay\app\src\main\java\com\example\vidplay\domain\usecase\GetMyStreamsUseCase.kt C:\Users\harsh\AndroidStudioProjects\VidPlay\app\src\main\java\com\example\vidplay\domain\usecase\LoginUseCase.kt C:\Users\harsh\AndroidStudioProjects\VidPlay\app\src\main\java\com\example\vidplay\domain\usecase\RegisterUseCase.kt C:\Users\harsh\AndroidStudioProjects\VidPlay\app\src\main\java\com\example\vidplay\domain\usecase\ResetPasswordUseCase.kt C:\Users\harsh\AndroidStudioProjects\VidPlay\app\src\main\java\com\example\vidplay\domain\usecase\SearchStreamsUseCase.kt C:\Users\harsh\AndroidStudioProjects\VidPlay\app\src\main\java\com\example\vidplay\domain\usecase\StartStreamUseCase.kt C:\Users\harsh\AndroidStudioProjects\VidPlay\app\src\main\java\com\example\vidplay\domain\usecase\VerifyForgotPasswordOtpUseCase.kt C:\Users\harsh\AndroidStudioProjects\VidPlay\app\src\main\java\com\example\vidplay\domain\usecase\VerifyRegistrationUseCase.kt C:\Users\harsh\AndroidStudioProjects\VidPlay\app\src\main\java\com\example\vidplay\Navigation\NavHost.kt C:\Users\harsh\AndroidStudioProjects\VidPlay\app\src\main\java\com\example\vidplay\Navigation\Routes.kt C:\Users\harsh\AndroidStudioProjects\VidPlay\app\src\main\java\com\example\vidplay\presentation\pip\PipHandler.kt C:\Users\harsh\AndroidStudioProjects\VidPlay\app\src\main\java\com\example\vidplay\presentation\state\MyStreamUiState.kt C:\Users\harsh\AndroidStudioProjects\VidPlay\app\src\main\java\com\example\vidplay\presentation\state\SearchUiState.kt C:\Users\harsh\AndroidStudioProjects\VidPlay\app\src\main\java\com\example\vidplay\presentation\state\StartStreamUiState.kt C:\Users\harsh\AndroidStudioProjects\VidPlay\app\src\main\java\com\example\vidplay\presentation\state\StreamUiState.kt C:\Users\harsh\AndroidStudioProjects\VidPlay\app\src\main\java\com\example\vidplay\presentation\viewmodel\MusicPlayerViewModel.kt C:\Users\harsh\AndroidStudioProjects\VidPlay\app\src\main\java\com\example\vidplay\presentation\viewmodel\StreamViewModel.kt C:\Users\harsh\AndroidStudioProjects\VidPlay\app\src\main\java\com\example\vidplay\presentation\viewmodel\VideoPlayerViewModel.kt C:\Users\harsh\AndroidStudioProjects\VidPlay\app\src\main\java\com\example\vidplay\ui\auth\EmailVerifyScreen.kt C:\Users\harsh\AndroidStudioProjects\VidPlay\app\src\main\java\com\example\vidplay\ui\auth\ForgotPasswordScreen.kt C:\Users\harsh\AndroidStudioProjects\VidPlay\app\src\main\java\com\example\vidplay\ui\auth\LoadingScreen.kt C:\Users\harsh\AndroidStudioProjects\VidPlay\app\src\main\java\com\example\vidplay\ui\auth\LoginScreen.kt C:\Users\harsh\AndroidStudioProjects\VidPlay\app\src\main\java\com\example\vidplay\ui\auth\OtpScreen.kt C:\Users\harsh\AndroidStudioProjects\VidPlay\app\src\main\java\com\example\vidplay\ui\auth\RegisterScreen.kt C:\Users\harsh\AndroidStudioProjects\VidPlay\app\src\main\java\com\example\vidplay\ui\CallSection\CallScreen.kt C:\Users\harsh\AndroidStudioProjects\VidPlay\app\src\main\java\com\example\vidplay\ui\MainActivity.kt C:\Users\harsh\AndroidStudioProjects\VidPlay\app\src\main\java\com\example\vidplay\ui\MainScreen.kt C:\Users\harsh\AndroidStudioProjects\VidPlay\app\src\main\java\com\example\vidplay\ui\music\MusicPlayerService.kt C:\Users\harsh\AndroidStudioProjects\VidPlay\app\src\main\java\com\example\vidplay\ui\music\NowPlayingBar.kt C:\Users\harsh\AndroidStudioProjects\VidPlay\app\src\main\java\com\example\vidplay\ui\streaming\AllStreamShownScreen.kt C:\Users\harsh\AndroidStudioProjects\VidPlay\app\src\main\java\com\example\vidplay\ui\streaming\LiveStreamingScreen.kt C:\Users\harsh\AndroidStudioProjects\VidPlay\app\src\main\java\com\example\vidplay\ui\streaming\MyStreamShownScreen.kt C:\Users\harsh\AndroidStudioProjects\VidPlay\app\src\main\java\com\example\vidplay\ui\streaming\StartStreamDialog.kt C:\Users\harsh\AndroidStudioProjects\VidPlay\app\src\main\java\com\example\vidplay\ui\streaming\StreamingForegroundService.kt C:\Users\harsh\AndroidStudioProjects\VidPlay\app\src\main\java\com\example\vidplay\ui\streaming\TokenTakenPageScreen.kt C:\Users\harsh\AndroidStudioProjects\VidPlay\app\src\main\java\com\example\vidplay\ui\streaming\ViewerStreamingScreen.kt C:\Users\harsh\AndroidStudioProjects\VidPlay\app\src\main\java\com\example\vidplay\ui\theme\Color.kt C:\Users\harsh\AndroidStudioProjects\VidPlay\app\src\main\java\com\example\vidplay\ui\theme\Theme.kt C:\Users\harsh\AndroidStudioProjects\VidPlay\app\src\main\java\com\example\vidplay\ui\theme\Type.kt C:\Users\harsh\AndroidStudioProjects\VidPlay\app\src\main\java\com\example\vidplay\ui\VideoSection\DocumentListScreen.kt C:\Users\harsh\AndroidStudioProjects\VidPlay\app\src\main\java\com\example\vidplay\ui\VideoSection\LocalStorageScreen.kt C:\Users\harsh\AndroidStudioProjects\VidPlay\app\src\main\java\com\example\vidplay\ui\VideoSection\MusicListScreen.kt C:\Users\harsh\AndroidStudioProjects\VidPlay\app\src\main\java\com\example\vidplay\ui\VideoSection\Page1.kt C:\Users\harsh\AndroidStudioProjects\VidPlay\app\src\main\java\com\example\vidplay\ui\VideoSection\VedioItem.kt C:\Users\harsh\AndroidStudioProjects\VidPlay\app\src\main\java\com\example\vidplay\ui\VideoSection\VideoGrid.kt C:\Users\harsh\AndroidStudioProjects\VidPlay\app\src\main\java\com\example\vidplay\ui\VideoSection\VideoPlayerScreen.kt C:\Users\harsh\AndroidStudioProjects\VidPlay\app\src\main\java\com\example\vidplay\util\Constants.kt C:\Users\harsh\AndroidStudioProjects\VidPlay\app\src\main\java\com\example\vidplay\util\MediaUtils.kt C:\Users\harsh\AndroidStudioProjects\VidPlay\app\src\main\java\com\example\vidplay\util\PasswordValidator.kt C:\Users\harsh\AndroidStudioProjects\VidPlay\app\src\main\java\com\example\vidplay\util\PermissionUtils.kt C:\Users\harsh\AndroidStudioProjects\VidPlay\app\src\main\java\com\example\vidplay\util\PreferenceHelper.kt C:\Users\harsh\AndroidStudioProjects\VidPlay\app\src\main\java\com\example\vidplay\util\Resource.kt

Host: AMD Ryzen 5 5600H with Radeon Graphics         , 12 cores, 7G,  Windows 11 , 64 bit Build 26100 (10.0.26100.7920)
Time: Fri Mar 27 00:18:43 2026 India Standard Time elapsed time: 63.308871 seconds (0d 0h 1m 3s)

---------------  T H R E A D  ---------------

Current thread (0x000001d227826ad0):  JavaThread "C2 CompilerThread2" daemon [_thread_in_native, id=13132, stack(0x0000002603d00000,0x0000002603e00000) (1024K)]


Current CompileTask:
C2:63309 25962 %     4       org.jetbrains.kotlin.codegen.inline.MethodInliner::markPlacesForInlineAndRemoveInlinable @ 87 (1320 bytes)

Stack: [0x0000002603d00000,0x0000002603e00000]
Native frames: (J=compiled Java code, j=interpreted, Vv=VM code, C=native code)
V  [jvm.dll+0x6d0639]
V  [jvm.dll+0x85eb03]
V  [jvm.dll+0x86105e]
V  [jvm.dll+0x861743]
V  [jvm.dll+0x27e6e6]
V  [jvm.dll+0xbff6d]
V  [jvm.dll+0xc04a3]
V  [jvm.dll+0x3b6171]
V  [jvm.dll+0x3820c7]
V  [jvm.dll+0x38153a]
V  [jvm.dll+0x247c82]
V  [jvm.dll+0x247251]
V  [jvm.dll+0x1c5f04]
V  [jvm.dll+0x2569ac]
V  [jvm.dll+0x254ef6]
V  [jvm.dll+0x3f0e96]
V  [jvm.dll+0x806ed8]
V  [jvm.dll+0x6cef0d]
C  [ucrtbase.dll+0x37b0]
C  [KERNEL32.DLL+0x2e8d7]
C  [ntdll.dll+0x8c48c]


---------------  P R O C E S S  ---------------

Threads class SMR info:
_java_thread_list=0x000001d2190261f0, length=13, elements={
0x000001d27af83c20, 0x000001d217098f20, 0x000001d21709e570, 0x000001d21709cd30,
0x000001d2170c72e0, 0x000001d2170ca4e0, 0x000001d2170cab70, 0x000001d2170cfe80,
0x000001d2170d0a40, 0x000001d2170c9e50, 0x000001d2170c7d80, 0x000001d21d013060,
0x000001d227826ad0
}

Java Threads: ( => current thread )
  0x000001d27af83c20 JavaThread "main"                              [_thread_in_vm, id=18564, stack(0x0000002604000000,0x0000002604100000) (1024K)]
  0x000001d217098f20 JavaThread "Reference Handler"          daemon [_thread_blocked, id=9964, stack(0x0000002604800000,0x0000002604900000) (1024K)]
  0x000001d21709e570 JavaThread "Finalizer"                  daemon [_thread_blocked, id=9364, stack(0x0000002604900000,0x0000002604a00000) (1024K)]
  0x000001d21709cd30 JavaThread "Signal Dispatcher"          daemon [_thread_blocked, id=22472, stack(0x0000002604a00000,0x0000002604b00000) (1024K)]
  0x000001d2170c72e0 JavaThread "Attach Listener"            daemon [_thread_blocked, id=15640, stack(0x0000002604b00000,0x0000002604c00000) (1024K)]
  0x000001d2170ca4e0 JavaThread "Service Thread"             daemon [_thread_blocked, id=28724, stack(0x0000002604c00000,0x0000002604d00000) (1024K)]
  0x000001d2170cab70 JavaThread "Monitor Deflation Thread"   daemon [_thread_blocked, id=20908, stack(0x0000002604d00000,0x0000002604e00000) (1024K)]
  0x000001d2170cfe80 JavaThread "C2 CompilerThread0"         daemon [_thread_in_native, id=30900, stack(0x0000002604e00000,0x0000002604f00000) (1024K)]
  0x000001d2170d0a40 JavaThread "C1 CompilerThread0"         daemon [_thread_blocked, id=22724, stack(0x0000002604f00000,0x0000002605000000) (1024K)]
  0x000001d2170c9e50 JavaThread "Notification Thread"        daemon [_thread_blocked, id=20504, stack(0x0000002605000000,0x0000002605100000) (1024K)]
  0x000001d2170c7d80 JavaThread "Common-Cleaner"             daemon [_thread_blocked, id=24440, stack(0x0000002605100000,0x0000002605200000) (1024K)]
  0x000001d21d013060 JavaThread "C2 CompilerThread1"         daemon [_thread_in_native, id=28636, stack(0x0000002603e00000,0x0000002603f00000) (1024K)]
=>0x000001d227826ad0 JavaThread "C2 CompilerThread2"         daemon [_thread_in_native, id=13132, stack(0x0000002603d00000,0x0000002603e00000) (1024K)]
Total: 13

Other Threads:
  0x000001d21701d450 VMThread "VM Thread"                           [id=6216, stack(0x0000002604700000,0x0000002604800000) (1024K)]
  0x000001d27f8bd150 WatcherThread "VM Periodic Task Thread"        [id=30060, stack(0x0000002604600000,0x0000002604700000) (1024K)]
  0x000001d27afe1a90 WorkerThread "GC Thread#0"                     [id=25836, stack(0x0000002604100000,0x0000002604200000) (1024K)]
  0x000001d217931d70 WorkerThread "GC Thread#1"                     [id=11400, stack(0x0000002605200000,0x0000002605300000) (1024K)]
  0x000001d217932110 WorkerThread "GC Thread#2"                     [id=30728, stack(0x0000002605300000,0x0000002605400000) (1024K)]
  0x000001d217983da0 WorkerThread "GC Thread#3"                     [id=21296, stack(0x0000002605400000,0x0000002605500000) (1024K)]
  0x000001d217983660 WorkerThread "GC Thread#4"                     [id=14500, stack(0x0000002605500000,0x0000002605600000) (1024K)]
  0x000001d2179832c0 WorkerThread "GC Thread#5"                     [id=31700, stack(0x0000002605600000,0x0000002605700000) (1024K)]
  0x000001d217ef20b0 WorkerThread "GC Thread#6"                     [id=25880, stack(0x0000002605700000,0x0000002605800000) (1024K)]
  0x000001d217ef1d10 WorkerThread "GC Thread#7"                     [id=20032, stack(0x0000002605800000,0x0000002605900000) (1024K)]
  0x000001d217ef4890 WorkerThread "GC Thread#8"                     [id=25724, stack(0x0000002605900000,0x0000002605a00000) (1024K)]
  0x000001d217ef4c30 WorkerThread "GC Thread#9"                     [id=31732, stack(0x0000002605c00000,0x0000002605d00000) (1024K)]
  0x000001d27aff1f80 ConcurrentGCThread "G1 Main Marker"            [id=30776, stack(0x0000002604200000,0x0000002604300000) (1024K)]
  0x000001d27aff38c0 WorkerThread "G1 Conc#0"                       [id=16720, stack(0x0000002604300000,0x0000002604400000) (1024K)]
  0x000001d217ef2450 WorkerThread "G1 Conc#1"                       [id=17336, stack(0x0000002605a00000,0x0000002605b00000) (1024K)]
  0x000001d217ef27f0 WorkerThread "G1 Conc#2"                       [id=22752, stack(0x0000002605b00000,0x0000002605c00000) (1024K)]
  0x000001d27f78a950 ConcurrentGCThread "G1 Refine#0"               [id=9836, stack(0x0000002604400000,0x0000002604500000) (1024K)]
  0x000001d27f78e5d0 ConcurrentGCThread "G1 Service"                [id=18108, stack(0x0000002604500000,0x0000002604600000) (1024K)]
Total: 18

Threads with active compile tasks:
C2 CompilerThread0  63378 25914       4       org.jetbrains.kotlin.codegen.inline.MethodInliner$doInline$lambdaInliner$1::visitMethodInsn (1698 bytes)
C2 CompilerThread1  63378 25902       4       org.jetbrains.kotlin.codegen.inline.MethodInliner$prepareNode$transformationVisitor$1::visitLocalVariable (124 bytes)
C2 CompilerThread2  63378 25962 %     4       org.jetbrains.kotlin.codegen.inline.MethodInliner::markPlacesForInlineAndRemoveInlinable @ 87 (1320 bytes)
Total: 3

VM state: not at safepoint (normal execution)

VM Mutex/Monitor currently owned by a thread: None

Heap address: 0x0000000089800000, size: 1896 MB, Compressed Oops mode: 32-bit

CDS archive(s) not mapped
Compressed class space mapped at: 0x0000000100000000-0x0000000140000000, reserved size: 1073741824
Narrow klass base: 0x0000000000000000, Narrow klass shift: 3, Narrow klass range: 0x140000000

GC Precious Log:
 CardTable entry size: 512
 Card Set container configuration: InlinePtr #cards 5 size 8 Array Of Cards #cards 12 size 40 Howl #buckets 4 coarsen threshold 1843 Howl Bitmap #cards 512 size 80 coarsen threshold 460 Card regions per heap region 1 cards per card region 2048
 CPUs: 12 total, 12 available
 Memory: 7581M
 Large Page Support: Disabled
 NUMA Support: Disabled
 Compressed Oops: Enabled (32-bit)
 Heap Region Size: 1M
 Heap Min Capacity: 8M
 Heap Initial Capacity: 120M
 Heap Max Capacity: 1896M
 Pre-touch: Disabled
 Parallel Workers: 10
 Concurrent Workers: 3
 Concurrent Refinement Workers: 10
 Periodic GC: Disabled

Heap:
 garbage-first heap   total 475136K, used 400067K [0x0000000089800000, 0x0000000100000000)
  region size 1024K, 126 young (129024K), 12 survivors (12288K)
 Metaspace       used 109310K, committed 109760K, reserved 1179648K
  class space    used 10895K, committed 11072K, reserved 1048576K

Heap Regions: E=young(eden), S=young(survivor), O=old, HS=humongous(starts), HC=humongous(continues), CS=collection set, F=free, TAMS=top-at-mark-start, PB=parsable bottom
|   0|0x0000000089800000, 0x0000000089900000, 0x0000000089900000|100%|HS|  |TAMS 0x0000000089800000| PB 0x0000000089800000| Complete 
|   1|0x0000000089900000, 0x0000000089a00000, 0x0000000089a00000|100%|HC|  |TAMS 0x0000000089900000| PB 0x0000000089900000| Complete 
|   2|0x0000000089a00000, 0x0000000089b00000, 0x0000000089b00000|100%|HC|  |TAMS 0x0000000089a00000| PB 0x0000000089a00000| Complete 
|   3|0x0000000089b00000, 0x0000000089c00000, 0x0000000089c00000|100%|HC|  |TAMS 0x0000000089b00000| PB 0x0000000089b00000| Complete 
|   4|0x0000000089c00000, 0x0000000089d00000, 0x0000000089d00000|100%| O|  |TAMS 0x0000000089c00000| PB 0x0000000089c00000| Untracked 
|   5|0x0000000089d00000, 0x0000000089e00000, 0x0000000089e00000|100%| O|  |TAMS 0x0000000089d00000| PB 0x0000000089d00000| Untracked 
|   6|0x0000000089e00000, 0x0000000089eedf50, 0x0000000089f00000| 92%| O|  |TAMS 0x0000000089e00000| PB 0x0000000089e00000| Untracked 
|   7|0x0000000089f00000, 0x000000008a000000, 0x000000008a000000|100%| O|  |TAMS 0x0000000089f00000| PB 0x0000000089f00000| Untracked 
|   8|0x000000008a000000, 0x000000008a100000, 0x000000008a100000|100%| O|  |TAMS 0x000000008a000000| PB 0x000000008a000000| Untracked 
|   9|0x000000008a100000, 0x000000008a200000, 0x000000008a200000|100%| O|  |TAMS 0x000000008a100000| PB 0x000000008a100000| Untracked 
|  10|0x000000008a200000, 0x000000008a300000, 0x000000008a300000|100%| O|  |TAMS 0x000000008a200000| PB 0x000000008a200000| Untracked 
|  11|0x000000008a300000, 0x000000008a400000, 0x000000008a400000|100%| O|  |TAMS 0x000000008a300000| PB 0x000000008a300000| Untracked 
|  12|0x000000008a400000, 0x000000008a500000, 0x000000008a500000|100%| O|  |TAMS 0x000000008a400000| PB 0x000000008a400000| Untracked 
|  13|0x000000008a500000, 0x000000008a600000, 0x000000008a600000|100%| O|  |TAMS 0x000000008a500000| PB 0x000000008a500000| Untracked 
|  14|0x000000008a600000, 0x000000008a700000, 0x000000008a700000|100%| O|  |TAMS 0x000000008a600000| PB 0x000000008a600000| Untracked 
|  15|0x000000008a700000, 0x000000008a800000, 0x000000008a800000|100%| O|  |TAMS 0x000000008a700000| PB 0x000000008a700000| Untracked 
|  16|0x000000008a800000, 0x000000008a900000, 0x000000008a900000|100%| O|  |TAMS 0x000000008a800000| PB 0x000000008a800000| Untracked 
|  17|0x000000008a900000, 0x000000008aa00000, 0x000000008aa00000|100%| O|  |TAMS 0x000000008a900000| PB 0x000000008a900000| Untracked 
|  18|0x000000008aa00000, 0x000000008ab00000, 0x000000008ab00000|100%| O|  |TAMS 0x000000008aa00000| PB 0x000000008aa00000| Untracked 
|  19|0x000000008ab00000, 0x000000008ac00000, 0x000000008ac00000|100%| O|  |TAMS 0x000000008ab00000| PB 0x000000008ab00000| Untracked 
|  20|0x000000008ac00000, 0x000000008ad00000, 0x000000008ad00000|100%| O|  |TAMS 0x000000008ac00000| PB 0x000000008ac00000| Untracked 
|  21|0x000000008ad00000, 0x000000008ae00000, 0x000000008ae00000|100%| O|Cm|TAMS 0x000000008ad00000| PB 0x000000008ad00000| Complete 
|  22|0x000000008ae00000, 0x000000008af00000, 0x000000008af00000|100%| O|  |TAMS 0x000000008ae00000| PB 0x000000008ae00000| Untracked 
|  23|0x000000008af00000, 0x000000008b000000, 0x000000008b000000|100%| O|  |TAMS 0x000000008af00000| PB 0x000000008af00000| Untracked 
|  24|0x000000008b000000, 0x000000008b100000, 0x000000008b100000|100%| O|  |TAMS 0x000000008b000000| PB 0x000000008b000000| Untracked 
|  25|0x000000008b100000, 0x000000008b200000, 0x000000008b200000|100%| O|  |TAMS 0x000000008b100000| PB 0x000000008b100000| Untracked 
|  26|0x000000008b200000, 0x000000008b300000, 0x000000008b300000|100%| O|  |TAMS 0x000000008b200000| PB 0x000000008b200000| Untracked 
|  27|0x000000008b300000, 0x000000008b400000, 0x000000008b400000|100%| O|  |TAMS 0x000000008b300000| PB 0x000000008b300000| Untracked 
|  28|0x000000008b400000, 0x000000008b500000, 0x000000008b500000|100%| O|  |TAMS 0x000000008b400000| PB 0x000000008b400000| Untracked 
|  29|0x000000008b500000, 0x000000008b600000, 0x000000008b600000|100%| O|  |TAMS 0x000000008b500000| PB 0x000000008b500000| Untracked 
|  30|0x000000008b600000, 0x000000008b700000, 0x000000008b700000|100%| O|  |TAMS 0x000000008b600000| PB 0x000000008b600000| Untracked 
|  31|0x000000008b700000, 0x000000008b800000, 0x000000008b800000|100%| O|  |TAMS 0x000000008b700000| PB 0x000000008b700000| Untracked 
|  32|0x000000008b800000, 0x000000008b900000, 0x000000008b900000|100%| O|  |TAMS 0x000000008b800000| PB 0x000000008b800000| Untracked 
|  33|0x000000008b900000, 0x000000008ba00000, 0x000000008ba00000|100%| O|  |TAMS 0x000000008b900000| PB 0x000000008b900000| Untracked 
|  34|0x000000008ba00000, 0x000000008bb00000, 0x000000008bb00000|100%| O|  |TAMS 0x000000008ba00000| PB 0x000000008ba00000| Untracked 
|  35|0x000000008bb00000, 0x000000008bc00000, 0x000000008bc00000|100%| O|  |TAMS 0x000000008bb00000| PB 0x000000008bb00000| Untracked 
|  36|0x000000008bc00000, 0x000000008bd00000, 0x000000008bd00000|100%| O|  |TAMS 0x000000008bc00000| PB 0x000000008bc00000| Untracked 
|  37|0x000000008bd00000, 0x000000008be00000, 0x000000008be00000|100%| O|  |TAMS 0x000000008bd00000| PB 0x000000008bd00000| Untracked 
|  38|0x000000008be00000, 0x000000008bf00000, 0x000000008bf00000|100%| O|  |TAMS 0x000000008be00000| PB 0x000000008be00000| Untracked 
|  39|0x000000008bf00000, 0x000000008c000000, 0x000000008c000000|100%| O|  |TAMS 0x000000008bf00000| PB 0x000000008bf00000| Untracked 
|  40|0x000000008c000000, 0x000000008c100000, 0x000000008c100000|100%| O|  |TAMS 0x000000008c000000| PB 0x000000008c000000| Untracked 
|  41|0x000000008c100000, 0x000000008c200000, 0x000000008c200000|100%| O|  |TAMS 0x000000008c100000| PB 0x000000008c100000| Untracked 
|  42|0x000000008c200000, 0x000000008c300000, 0x000000008c300000|100%| O|  |TAMS 0x000000008c200000| PB 0x000000008c200000| Untracked 
|  43|0x000000008c300000, 0x000000008c400000, 0x000000008c400000|100%| O|  |TAMS 0x000000008c300000| PB 0x000000008c300000| Untracked 
|  44|0x000000008c400000, 0x000000008c500000, 0x000000008c500000|100%| O|  |TAMS 0x000000008c400000| PB 0x000000008c400000| Untracked 
|  45|0x000000008c500000, 0x000000008c600000, 0x000000008c600000|100%|HS|  |TAMS 0x000000008c500000| PB 0x000000008c500000| Complete 
|  46|0x000000008c600000, 0x000000008c700000, 0x000000008c700000|100%| O|  |TAMS 0x000000008c600000| PB 0x000000008c600000| Untracked 
|  47|0x000000008c700000, 0x000000008c800000, 0x000000008c800000|100%| O|  |TAMS 0x000000008c700000| PB 0x000000008c700000| Untracked 
|  48|0x000000008c800000, 0x000000008c900000, 0x000000008c900000|100%| O|  |TAMS 0x000000008c800000| PB 0x000000008c800000| Untracked 
|  49|0x000000008c900000, 0x000000008ca00000, 0x000000008ca00000|100%| O|  |TAMS 0x000000008c900000| PB 0x000000008c900000| Untracked 
|  50|0x000000008ca00000, 0x000000008cb00000, 0x000000008cb00000|100%| O|  |TAMS 0x000000008ca00000| PB 0x000000008ca00000| Untracked 
|  51|0x000000008cb00000, 0x000000008cc00000, 0x000000008cc00000|100%| O|  |TAMS 0x000000008cb00000| PB 0x000000008cb00000| Untracked 
|  52|0x000000008cc00000, 0x000000008cd00000, 0x000000008cd00000|100%| O|  |TAMS 0x000000008cc00000| PB 0x000000008cc00000| Untracked 
|  53|0x000000008cd00000, 0x000000008ce00000, 0x000000008ce00000|100%| O|  |TAMS 0x000000008cd00000| PB 0x000000008cd00000| Untracked 
|  54|0x000000008ce00000, 0x000000008cf00000, 0x000000008cf00000|100%| O|  |TAMS 0x000000008ce00000| PB 0x000000008ce00000| Untracked 
|  55|0x000000008cf00000, 0x000000008d000000, 0x000000008d000000|100%| O|  |TAMS 0x000000008cf00000| PB 0x000000008cf00000| Untracked 
|  56|0x000000008d000000, 0x000000008d100000, 0x000000008d100000|100%| O|  |TAMS 0x000000008d000000| PB 0x000000008d000000| Untracked 
|  57|0x000000008d100000, 0x000000008d200000, 0x000000008d200000|100%| O|  |TAMS 0x000000008d100000| PB 0x000000008d100000| Untracked 
|  58|0x000000008d200000, 0x000000008d300000, 0x000000008d300000|100%| O|  |TAMS 0x000000008d200000| PB 0x000000008d200000| Untracked 
|  59|0x000000008d300000, 0x000000008d400000, 0x000000008d400000|100%| O|  |TAMS 0x000000008d300000| PB 0x000000008d300000| Untracked 
|  60|0x000000008d400000, 0x000000008d500000, 0x000000008d500000|100%| O|  |TAMS 0x000000008d400000| PB 0x000000008d400000| Untracked 
|  61|0x000000008d500000, 0x000000008d600000, 0x000000008d600000|100%| O|  |TAMS 0x000000008d500000| PB 0x000000008d500000| Untracked 
|  62|0x000000008d600000, 0x000000008d700000, 0x000000008d700000|100%| O|  |TAMS 0x000000008d600000| PB 0x000000008d600000| Untracked 
|  63|0x000000008d700000, 0x000000008d800000, 0x000000008d800000|100%| O|  |TAMS 0x000000008d700000| PB 0x000000008d700000| Untracked 
|  64|0x000000008d800000, 0x000000008d900000, 0x000000008d900000|100%| O|  |TAMS 0x000000008d800000| PB 0x000000008d800000| Untracked 
|  65|0x000000008d900000, 0x000000008da00000, 0x000000008da00000|100%| O|  |TAMS 0x000000008d900000| PB 0x000000008d900000| Untracked 
|  66|0x000000008da00000, 0x000000008db00000, 0x000000008db00000|100%| O|  |TAMS 0x000000008da00000| PB 0x000000008da00000| Untracked 
|  67|0x000000008db00000, 0x000000008dc00000, 0x000000008dc00000|100%| O|  |TAMS 0x000000008db00000| PB 0x000000008db00000| Untracked 
|  68|0x000000008dc00000, 0x000000008dd00000, 0x000000008dd00000|100%| O|  |TAMS 0x000000008dc00000| PB 0x000000008dc00000| Untracked 
|  69|0x000000008dd00000, 0x000000008de00000, 0x000000008de00000|100%| O|  |TAMS 0x000000008dd00000| PB 0x000000008dd00000| Untracked 
|  70|0x000000008de00000, 0x000000008df00000, 0x000000008df00000|100%| O|  |TAMS 0x000000008de00000| PB 0x000000008de00000| Untracked 
|  71|0x000000008df00000, 0x000000008e000000, 0x000000008e000000|100%| O|  |TAMS 0x000000008df00000| PB 0x000000008df00000| Untracked 
|  72|0x000000008e000000, 0x000000008e100000, 0x000000008e100000|100%| O|  |TAMS 0x000000008e000000| PB 0x000000008e000000| Untracked 
|  73|0x000000008e100000, 0x000000008e200000, 0x000000008e200000|100%| O|  |TAMS 0x000000008e100000| PB 0x000000008e100000| Untracked 
|  74|0x000000008e200000, 0x000000008e300000, 0x000000008e300000|100%| O|  |TAMS 0x000000008e200000| PB 0x000000008e200000| Untracked 
|  75|0x000000008e300000, 0x000000008e400000, 0x000000008e400000|100%| O|  |TAMS 0x000000008e300000| PB 0x000000008e300000| Untracked 
|  76|0x000000008e400000, 0x000000008e500000, 0x000000008e500000|100%| O|  |TAMS 0x000000008e400000| PB 0x000000008e400000| Untracked 
|  77|0x000000008e500000, 0x000000008e600000, 0x000000008e600000|100%| O|  |TAMS 0x000000008e500000| PB 0x000000008e500000| Untracked 
|  78|0x000000008e600000, 0x000000008e700000, 0x000000008e700000|100%| O|  |TAMS 0x000000008e600000| PB 0x000000008e600000| Untracked 
|  79|0x000000008e700000, 0x000000008e800000, 0x000000008e800000|100%| O|  |TAMS 0x000000008e700000| PB 0x000000008e700000| Untracked 
|  80|0x000000008e800000, 0x000000008e900000, 0x000000008e900000|100%| O|  |TAMS 0x000000008e800000| PB 0x000000008e800000| Untracked 
|  81|0x000000008e900000, 0x000000008ea00000, 0x000000008ea00000|100%| O|  |TAMS 0x000000008e900000| PB 0x000000008e900000| Untracked 
|  82|0x000000008ea00000, 0x000000008eb00000, 0x000000008eb00000|100%| O|  |TAMS 0x000000008ea00000| PB 0x000000008ea00000| Untracked 
|  83|0x000000008eb00000, 0x000000008ec00000, 0x000000008ec00000|100%| O|  |TAMS 0x000000008eb00000| PB 0x000000008eb00000| Untracked 
|  84|0x000000008ec00000, 0x000000008ed00000, 0x000000008ed00000|100%| O|  |TAMS 0x000000008ec00000| PB 0x000000008ec00000| Untracked 
|  85|0x000000008ed00000, 0x000000008ee00000, 0x000000008ee00000|100%| O|  |TAMS 0x000000008ed00000| PB 0x000000008ed00000| Untracked 
|  86|0x000000008ee00000, 0x000000008ef00000, 0x000000008ef00000|100%| O|  |TAMS 0x000000008ee00000| PB 0x000000008ee00000| Untracked 
|  87|0x000000008ef00000, 0x000000008f000000, 0x000000008f000000|100%| O|  |TAMS 0x000000008ef00000| PB 0x000000008ef00000| Untracked 
|  88|0x000000008f000000, 0x000000008f100000, 0x000000008f100000|100%| O|  |TAMS 0x000000008f000000| PB 0x000000008f000000| Untracked 
|  89|0x000000008f100000, 0x000000008f200000, 0x000000008f200000|100%| O|  |TAMS 0x000000008f100000| PB 0x000000008f100000| Untracked 
|  90|0x000000008f200000, 0x000000008f300000, 0x000000008f300000|100%| O|  |TAMS 0x000000008f200000| PB 0x000000008f200000| Untracked 
|  91|0x000000008f300000, 0x000000008f400000, 0x000000008f400000|100%| O|  |TAMS 0x000000008f300000| PB 0x000000008f300000| Untracked 
|  92|0x000000008f400000, 0x000000008f500000, 0x000000008f500000|100%| O|  |TAMS 0x000000008f400000| PB 0x000000008f400000| Untracked 
|  93|0x000000008f500000, 0x000000008f600000, 0x000000008f600000|100%| O|  |TAMS 0x000000008f500000| PB 0x000000008f500000| Untracked 
|  94|0x000000008f600000, 0x000000008f700000, 0x000000008f700000|100%| O|  |TAMS 0x000000008f600000| PB 0x000000008f600000| Untracked 
|  95|0x000000008f700000, 0x000000008f800000, 0x000000008f800000|100%| O|  |TAMS 0x000000008f700000| PB 0x000000008f700000| Untracked 
|  96|0x000000008f800000, 0x000000008f900000, 0x000000008f900000|100%| O|  |TAMS 0x000000008f800000| PB 0x000000008f800000| Untracked 
|  97|0x000000008f900000, 0x000000008fa00000, 0x000000008fa00000|100%| O|  |TAMS 0x000000008f900000| PB 0x000000008f900000| Untracked 
|  98|0x000000008fa00000, 0x000000008fb00000, 0x000000008fb00000|100%| O|  |TAMS 0x000000008fa00000| PB 0x000000008fa00000| Untracked 
|  99|0x000000008fb00000, 0x000000008fc00000, 0x000000008fc00000|100%| O|  |TAMS 0x000000008fb00000| PB 0x000000008fb00000| Untracked 
| 100|0x000000008fc00000, 0x000000008fd00000, 0x000000008fd00000|100%| O|  |TAMS 0x000000008fc00000| PB 0x000000008fc00000| Untracked 
| 101|0x000000008fd00000, 0x000000008fe00000, 0x000000008fe00000|100%| O|  |TAMS 0x000000008fd00000| PB 0x000000008fd00000| Untracked 
| 102|0x000000008fe00000, 0x000000008ff00000, 0x000000008ff00000|100%| O|  |TAMS 0x000000008fe00000| PB 0x000000008fe00000| Untracked 
| 103|0x000000008ff00000, 0x0000000090000000, 0x0000000090000000|100%| O|  |TAMS 0x000000008ff00000| PB 0x000000008ff00000| Untracked 
| 104|0x0000000090000000, 0x0000000090100000, 0x0000000090100000|100%| O|  |TAMS 0x0000000090000000| PB 0x0000000090000000| Untracked 
| 105|0x0000000090100000, 0x0000000090200000, 0x0000000090200000|100%| O|  |TAMS 0x0000000090100000| PB 0x0000000090100000| Untracked 
| 106|0x0000000090200000, 0x0000000090300000, 0x0000000090300000|100%| O|  |TAMS 0x0000000090200000| PB 0x0000000090200000| Untracked 
| 107|0x0000000090300000, 0x0000000090400000, 0x0000000090400000|100%| O|  |TAMS 0x0000000090300000| PB 0x0000000090300000| Untracked 
| 108|0x0000000090400000, 0x0000000090500000, 0x0000000090500000|100%| O|  |TAMS 0x0000000090400000| PB 0x0000000090400000| Untracked 
| 109|0x0000000090500000, 0x0000000090600000, 0x0000000090600000|100%| O|  |TAMS 0x0000000090500000| PB 0x0000000090500000| Untracked 
| 110|0x0000000090600000, 0x0000000090700000, 0x0000000090700000|100%| O|  |TAMS 0x0000000090600000| PB 0x0000000090600000| Untracked 
| 111|0x0000000090700000, 0x0000000090800000, 0x0000000090800000|100%| O|  |TAMS 0x0000000090700000| PB 0x0000000090700000| Untracked 
| 112|0x0000000090800000, 0x0000000090900000, 0x0000000090900000|100%| O|  |TAMS 0x0000000090800000| PB 0x0000000090800000| Untracked 
| 113|0x0000000090900000, 0x0000000090a00000, 0x0000000090a00000|100%| O|  |TAMS 0x0000000090900000| PB 0x0000000090900000| Untracked 
| 114|0x0000000090a00000, 0x0000000090b00000, 0x0000000090b00000|100%| O|  |TAMS 0x0000000090a00000| PB 0x0000000090a00000| Untracked 
| 115|0x0000000090b00000, 0x0000000090c00000, 0x0000000090c00000|100%| O|  |TAMS 0x0000000090b00000| PB 0x0000000090b00000| Untracked 
| 116|0x0000000090c00000, 0x0000000090d00000, 0x0000000090d00000|100%| O|  |TAMS 0x0000000090c00000| PB 0x0000000090c00000| Untracked 
| 117|0x0000000090d00000, 0x0000000090e00000, 0x0000000090e00000|100%| O|  |TAMS 0x0000000090d00000| PB 0x0000000090d00000| Untracked 
| 118|0x0000000090e00000, 0x0000000090f00000, 0x0000000090f00000|100%| O|  |TAMS 0x0000000090e00000| PB 0x0000000090e00000| Untracked 
| 119|0x0000000090f00000, 0x0000000091000000, 0x0000000091000000|100%| O|  |TAMS 0x0000000090f00000| PB 0x0000000090f00000| Untracked 
| 120|0x0000000091000000, 0x0000000091100000, 0x0000000091100000|100%| O|  |TAMS 0x0000000091000000| PB 0x0000000091000000| Untracked 
| 121|0x0000000091100000, 0x0000000091200000, 0x0000000091200000|100%| O|  |TAMS 0x0000000091100000| PB 0x0000000091100000| Untracked 
| 122|0x0000000091200000, 0x0000000091300000, 0x0000000091300000|100%| O|  |TAMS 0x0000000091200000| PB 0x0000000091200000| Untracked 
| 123|0x0000000091300000, 0x0000000091400000, 0x0000000091400000|100%| O|Cm|TAMS 0x0000000091300000| PB 0x0000000091300000| Complete 
| 124|0x0000000091400000, 0x0000000091500000, 0x0000000091500000|100%| O|  |TAMS 0x0000000091400000| PB 0x0000000091400000| Untracked 
| 125|0x0000000091500000, 0x0000000091600000, 0x0000000091600000|100%| O|  |TAMS 0x0000000091500000| PB 0x0000000091500000| Untracked 
| 126|0x0000000091600000, 0x0000000091700000, 0x0000000091700000|100%| O|Cm|TAMS 0x0000000091600000| PB 0x0000000091600000| Complete 
| 127|0x0000000091700000, 0x0000000091800000, 0x0000000091800000|100%| O|  |TAMS 0x0000000091700000| PB 0x0000000091700000| Untracked 
| 128|0x0000000091800000, 0x0000000091900000, 0x0000000091900000|100%| O|  |TAMS 0x0000000091800000| PB 0x0000000091800000| Untracked 
| 129|0x0000000091900000, 0x0000000091a00000, 0x0000000091a00000|100%| O|  |TAMS 0x0000000091900000| PB 0x0000000091900000| Untracked 
| 130|0x0000000091a00000, 0x0000000091b00000, 0x0000000091b00000|100%| O|  |TAMS 0x0000000091a00000| PB 0x0000000091a00000| Untracked 
| 131|0x0000000091b00000, 0x0000000091c00000, 0x0000000091c00000|100%| O|  |TAMS 0x0000000091b00000| PB 0x0000000091b00000| Untracked 
| 132|0x0000000091c00000, 0x0000000091d00000, 0x0000000091d00000|100%| O|  |TAMS 0x0000000091c00000| PB 0x0000000091c00000| Untracked 
| 133|0x0000000091d00000, 0x0000000091e00000, 0x0000000091e00000|100%| O|  |TAMS 0x0000000091d00000| PB 0x0000000091d00000| Untracked 
| 134|0x0000000091e00000, 0x0000000091f00000, 0x0000000091f00000|100%| O|  |TAMS 0x0000000091e00000| PB 0x0000000091e00000| Untracked 
| 135|0x0000000091f00000, 0x0000000092000000, 0x0000000092000000|100%| O|  |TAMS 0x0000000091f00000| PB 0x0000000091f00000| Untracked 
| 136|0x0000000092000000, 0x0000000092100000, 0x0000000092100000|100%| O|  |TAMS 0x0000000092000000| PB 0x0000000092000000| Untracked 
| 137|0x0000000092100000, 0x0000000092200000, 0x0000000092200000|100%| O|  |TAMS 0x0000000092100000| PB 0x0000000092100000| Untracked 
| 138|0x0000000092200000, 0x0000000092300000, 0x0000000092300000|100%| O|Cm|TAMS 0x0000000092200000| PB 0x0000000092200000| Complete 
| 139|0x0000000092300000, 0x0000000092400000, 0x0000000092400000|100%| O|  |TAMS 0x0000000092300000| PB 0x0000000092300000| Untracked 
| 140|0x0000000092400000, 0x0000000092500000, 0x0000000092500000|100%| O|  |TAMS 0x0000000092400000| PB 0x0000000092400000| Untracked 
| 141|0x0000000092500000, 0x0000000092600000, 0x0000000092600000|100%| O|  |TAMS 0x0000000092500000| PB 0x0000000092500000| Untracked 
| 142|0x0000000092600000, 0x0000000092700000, 0x0000000092700000|100%| O|  |TAMS 0x0000000092600000| PB 0x0000000092600000| Untracked 
| 143|0x0000000092700000, 0x0000000092800000, 0x0000000092800000|100%| O|  |TAMS 0x0000000092700000| PB 0x0000000092700000| Untracked 
| 144|0x0000000092800000, 0x0000000092900000, 0x0000000092900000|100%| O|  |TAMS 0x0000000092800000| PB 0x0000000092800000| Untracked 
| 145|0x0000000092900000, 0x0000000092a00000, 0x0000000092a00000|100%| O|  |TAMS 0x0000000092900000| PB 0x0000000092900000| Untracked 
| 146|0x0000000092a00000, 0x0000000092b00000, 0x0000000092b00000|100%| O|  |TAMS 0x0000000092a00000| PB 0x0000000092a00000| Untracked 
| 147|0x0000000092b00000, 0x0000000092c00000, 0x0000000092c00000|100%| O|  |TAMS 0x0000000092b00000| PB 0x0000000092b00000| Untracked 
| 148|0x0000000092c00000, 0x0000000092d00000, 0x0000000092d00000|100%| O|  |TAMS 0x0000000092c00000| PB 0x0000000092c00000| Untracked 
| 149|0x0000000092d00000, 0x0000000092e00000, 0x0000000092e00000|100%| O|  |TAMS 0x0000000092d00000| PB 0x0000000092d00000| Untracked 
| 150|0x0000000092e00000, 0x0000000092f00000, 0x0000000092f00000|100%| O|  |TAMS 0x0000000092e00000| PB 0x0000000092e00000| Untracked 
| 151|0x0000000092f00000, 0x0000000093000000, 0x0000000093000000|100%| O|  |TAMS 0x0000000092f00000| PB 0x0000000092f00000| Untracked 
| 152|0x0000000093000000, 0x0000000093100000, 0x0000000093100000|100%| O|  |TAMS 0x0000000093000000| PB 0x0000000093000000| Untracked 
| 153|0x0000000093100000, 0x0000000093200000, 0x0000000093200000|100%| O|  |TAMS 0x0000000093100000| PB 0x0000000093100000| Untracked 
| 154|0x0000000093200000, 0x0000000093300000, 0x0000000093300000|100%| O|  |TAMS 0x0000000093200000| PB 0x0000000093200000| Untracked 
| 155|0x0000000093300000, 0x0000000093400000, 0x0000000093400000|100%| O|  |TAMS 0x0000000093300000| PB 0x0000000093300000| Untracked 
| 156|0x0000000093400000, 0x0000000093500000, 0x0000000093500000|100%| O|  |TAMS 0x0000000093400000| PB 0x0000000093400000| Untracked 
| 157|0x0000000093500000, 0x0000000093600000, 0x0000000093600000|100%| O|  |TAMS 0x0000000093500000| PB 0x0000000093500000| Untracked 
| 158|0x0000000093600000, 0x0000000093700000, 0x0000000093700000|100%| O|  |TAMS 0x0000000093600000| PB 0x0000000093600000| Untracked 
| 159|0x0000000093700000, 0x0000000093800000, 0x0000000093800000|100%| O|  |TAMS 0x0000000093700000| PB 0x0000000093700000| Untracked 
| 160|0x0000000093800000, 0x0000000093900000, 0x0000000093900000|100%| O|  |TAMS 0x0000000093800000| PB 0x0000000093800000| Untracked 
| 161|0x0000000093900000, 0x0000000093a00000, 0x0000000093a00000|100%| O|  |TAMS 0x0000000093900000| PB 0x0000000093900000| Untracked 
| 162|0x0000000093a00000, 0x0000000093b00000, 0x0000000093b00000|100%| O|  |TAMS 0x0000000093a00000| PB 0x0000000093a00000| Untracked 
| 163|0x0000000093b00000, 0x0000000093c00000, 0x0000000093c00000|100%| O|  |TAMS 0x0000000093b00000| PB 0x0000000093b00000| Untracked 
| 164|0x0000000093c00000, 0x0000000093d00000, 0x0000000093d00000|100%| O|  |TAMS 0x0000000093c00000| PB 0x0000000093c00000| Untracked 
| 165|0x0000000093d00000, 0x0000000093e00000, 0x0000000093e00000|100%| O|  |TAMS 0x0000000093d00000| PB 0x0000000093d00000| Untracked 
| 166|0x0000000093e00000, 0x0000000093f00000, 0x0000000093f00000|100%| O|  |TAMS 0x0000000093e00000| PB 0x0000000093e00000| Untracked 
| 167|0x0000000093f00000, 0x0000000094000000, 0x0000000094000000|100%| O|  |TAMS 0x0000000093f00000| PB 0x0000000093f00000| Untracked 
| 168|0x0000000094000000, 0x0000000094100000, 0x0000000094100000|100%| O|  |TAMS 0x0000000094000000| PB 0x0000000094000000| Untracked 
| 169|0x0000000094100000, 0x0000000094200000, 0x0000000094200000|100%| O|  |TAMS 0x0000000094100000| PB 0x0000000094100000| Untracked 
| 170|0x0000000094200000, 0x0000000094300000, 0x0000000094300000|100%| O|  |TAMS 0x0000000094200000| PB 0x0000000094200000| Untracked 
| 171|0x0000000094300000, 0x0000000094400000, 0x0000000094400000|100%| O|  |TAMS 0x0000000094300000| PB 0x0000000094300000| Untracked 
| 172|0x0000000094400000, 0x0000000094500000, 0x0000000094500000|100%| O|  |TAMS 0x0000000094400000| PB 0x0000000094400000| Untracked 
| 173|0x0000000094500000, 0x0000000094600000, 0x0000000094600000|100%| O|  |TAMS 0x0000000094500000| PB 0x0000000094500000| Untracked 
| 174|0x0000000094600000, 0x0000000094700000, 0x0000000094700000|100%| O|  |TAMS 0x0000000094600000| PB 0x0000000094600000| Untracked 
| 175|0x0000000094700000, 0x0000000094800000, 0x0000000094800000|100%| O|  |TAMS 0x0000000094700000| PB 0x0000000094700000| Untracked 
| 176|0x0000000094800000, 0x0000000094900000, 0x0000000094900000|100%| O|  |TAMS 0x0000000094800000| PB 0x0000000094800000| Untracked 
| 177|0x0000000094900000, 0x0000000094a00000, 0x0000000094a00000|100%| O|  |TAMS 0x0000000094900000| PB 0x0000000094900000| Untracked 
| 178|0x0000000094a00000, 0x0000000094b00000, 0x0000000094b00000|100%| O|  |TAMS 0x0000000094a00000| PB 0x0000000094a00000| Untracked 
| 179|0x0000000094b00000, 0x0000000094c00000, 0x0000000094c00000|100%| O|  |TAMS 0x0000000094b00000| PB 0x0000000094b00000| Untracked 
| 180|0x0000000094c00000, 0x0000000094d00000, 0x0000000094d00000|100%| O|  |TAMS 0x0000000094c00000| PB 0x0000000094c00000| Untracked 
| 181|0x0000000094d00000, 0x0000000094e00000, 0x0000000094e00000|100%| O|  |TAMS 0x0000000094d00000| PB 0x0000000094d00000| Untracked 
| 182|0x0000000094e00000, 0x0000000094f00000, 0x0000000094f00000|100%| O|  |TAMS 0x0000000094e00000| PB 0x0000000094e00000| Untracked 
| 183|0x0000000094f00000, 0x0000000095000000, 0x0000000095000000|100%| O|  |TAMS 0x0000000094f00000| PB 0x0000000094f00000| Untracked 
| 184|0x0000000095000000, 0x0000000095100000, 0x0000000095100000|100%| O|  |TAMS 0x0000000095000000| PB 0x0000000095000000| Untracked 
| 185|0x0000000095100000, 0x0000000095200000, 0x0000000095200000|100%| O|  |TAMS 0x0000000095100000| PB 0x0000000095100000| Untracked 
| 186|0x0000000095200000, 0x0000000095300000, 0x0000000095300000|100%| O|  |TAMS 0x0000000095200000| PB 0x0000000095200000| Untracked 
| 187|0x0000000095300000, 0x0000000095400000, 0x0000000095400000|100%| O|  |TAMS 0x0000000095300000| PB 0x0000000095300000| Untracked 
| 188|0x0000000095400000, 0x0000000095500000, 0x0000000095500000|100%| O|  |TAMS 0x0000000095400000| PB 0x0000000095400000| Untracked 
| 189|0x0000000095500000, 0x0000000095600000, 0x0000000095600000|100%| O|  |TAMS 0x0000000095500000| PB 0x0000000095500000| Untracked 
| 190|0x0000000095600000, 0x0000000095700000, 0x0000000095700000|100%| O|  |TAMS 0x0000000095600000| PB 0x0000000095600000| Untracked 
| 191|0x0000000095700000, 0x0000000095800000, 0x0000000095800000|100%| O|  |TAMS 0x0000000095700000| PB 0x0000000095700000| Untracked 
| 192|0x0000000095800000, 0x0000000095900000, 0x0000000095900000|100%| O|  |TAMS 0x0000000095800000| PB 0x0000000095800000| Untracked 
| 193|0x0000000095900000, 0x0000000095a00000, 0x0000000095a00000|100%| O|  |TAMS 0x0000000095900000| PB 0x0000000095900000| Untracked 
| 194|0x0000000095a00000, 0x0000000095b00000, 0x0000000095b00000|100%| O|  |TAMS 0x0000000095a00000| PB 0x0000000095a00000| Untracked 
| 195|0x0000000095b00000, 0x0000000095c00000, 0x0000000095c00000|100%| O|  |TAMS 0x0000000095b00000| PB 0x0000000095b00000| Untracked 
| 196|0x0000000095c00000, 0x0000000095d00000, 0x0000000095d00000|100%| O|  |TAMS 0x0000000095c00000| PB 0x0000000095c00000| Untracked 
| 197|0x0000000095d00000, 0x0000000095e00000, 0x0000000095e00000|100%| O|  |TAMS 0x0000000095d00000| PB 0x0000000095d00000| Untracked 
| 198|0x0000000095e00000, 0x0000000095f00000, 0x0000000095f00000|100%| O|  |TAMS 0x0000000095e00000| PB 0x0000000095e00000| Untracked 
| 199|0x0000000095f00000, 0x0000000096000000, 0x0000000096000000|100%| O|  |TAMS 0x0000000095f00000| PB 0x0000000095f00000| Untracked 
| 200|0x0000000096000000, 0x0000000096100000, 0x0000000096100000|100%| O|  |TAMS 0x0000000096000000| PB 0x0000000096000000| Untracked 
| 201|0x0000000096100000, 0x0000000096200000, 0x0000000096200000|100%| O|  |TAMS 0x0000000096100000| PB 0x0000000096100000| Untracked 
| 202|0x0000000096200000, 0x0000000096300000, 0x0000000096300000|100%| O|  |TAMS 0x0000000096200000| PB 0x0000000096200000| Untracked 
| 203|0x0000000096300000, 0x0000000096400000, 0x0000000096400000|100%| O|  |TAMS 0x0000000096300000| PB 0x0000000096300000| Untracked 
| 204|0x0000000096400000, 0x0000000096500000, 0x0000000096500000|100%| O|  |TAMS 0x0000000096400000| PB 0x0000000096400000| Untracked 
| 205|0x0000000096500000, 0x0000000096600000, 0x0000000096600000|100%| O|  |TAMS 0x0000000096500000| PB 0x0000000096500000| Untracked 
| 206|0x0000000096600000, 0x0000000096700000, 0x0000000096700000|100%| O|  |TAMS 0x0000000096600000| PB 0x0000000096600000| Untracked 
| 207|0x0000000096700000, 0x0000000096800000, 0x0000000096800000|100%| O|  |TAMS 0x0000000096700000| PB 0x0000000096700000| Untracked 
| 208|0x0000000096800000, 0x0000000096900000, 0x0000000096900000|100%| O|  |TAMS 0x0000000096800000| PB 0x0000000096800000| Untracked 
| 209|0x0000000096900000, 0x0000000096a00000, 0x0000000096a00000|100%| O|  |TAMS 0x0000000096900000| PB 0x0000000096900000| Untracked 
| 210|0x0000000096a00000, 0x0000000096b00000, 0x0000000096b00000|100%| O|  |TAMS 0x0000000096a00000| PB 0x0000000096a00000| Untracked 
| 211|0x0000000096b00000, 0x0000000096c00000, 0x0000000096c00000|100%| O|  |TAMS 0x0000000096b00000| PB 0x0000000096b00000| Untracked 
| 212|0x0000000096c00000, 0x0000000096d00000, 0x0000000096d00000|100%| O|  |TAMS 0x0000000096c00000| PB 0x0000000096c00000| Untracked 
| 213|0x0000000096d00000, 0x0000000096e00000, 0x0000000096e00000|100%| O|  |TAMS 0x0000000096d00000| PB 0x0000000096d00000| Untracked 
| 214|0x0000000096e00000, 0x0000000096f00000, 0x0000000096f00000|100%| O|  |TAMS 0x0000000096e00000| PB 0x0000000096e00000| Untracked 
| 215|0x0000000096f00000, 0x0000000097000000, 0x0000000097000000|100%| O|  |TAMS 0x0000000096f00000| PB 0x0000000096f00000| Untracked 
| 216|0x0000000097000000, 0x0000000097100000, 0x0000000097100000|100%| O|  |TAMS 0x0000000097000000| PB 0x0000000097000000| Untracked 
| 217|0x0000000097100000, 0x0000000097200000, 0x0000000097200000|100%| O|  |TAMS 0x0000000097100000| PB 0x0000000097100000| Untracked 
| 218|0x0000000097200000, 0x0000000097300000, 0x0000000097300000|100%| O|  |TAMS 0x0000000097200000| PB 0x0000000097200000| Untracked 
| 219|0x0000000097300000, 0x0000000097400000, 0x0000000097400000|100%| O|  |TAMS 0x0000000097300000| PB 0x0000000097300000| Untracked 
| 220|0x0000000097400000, 0x0000000097500000, 0x0000000097500000|100%| O|  |TAMS 0x0000000097400000| PB 0x0000000097400000| Untracked 
| 221|0x0000000097500000, 0x0000000097600000, 0x0000000097600000|100%| O|  |TAMS 0x0000000097500000| PB 0x0000000097500000| Untracked 
| 222|0x0000000097600000, 0x0000000097700000, 0x0000000097700000|100%| O|  |TAMS 0x0000000097600000| PB 0x0000000097600000| Untracked 
| 223|0x0000000097700000, 0x0000000097800000, 0x0000000097800000|100%| O|  |TAMS 0x0000000097700000| PB 0x0000000097700000| Untracked 
| 224|0x0000000097800000, 0x0000000097900000, 0x0000000097900000|100%| O|  |TAMS 0x0000000097800000| PB 0x0000000097800000| Untracked 
| 225|0x0000000097900000, 0x0000000097a00000, 0x0000000097a00000|100%| O|  |TAMS 0x0000000097900000| PB 0x0000000097900000| Untracked 
| 226|0x0000000097a00000, 0x0000000097b00000, 0x0000000097b00000|100%| O|  |TAMS 0x0000000097a00000| PB 0x0000000097a00000| Untracked 
| 227|0x0000000097b00000, 0x0000000097c00000, 0x0000000097c00000|100%| O|  |TAMS 0x0000000097b00000| PB 0x0000000097b00000| Untracked 
| 228|0x0000000097c00000, 0x0000000097d00000, 0x0000000097d00000|100%| O|  |TAMS 0x0000000097c00000| PB 0x0000000097c00000| Untracked 
| 229|0x0000000097d00000, 0x0000000097e00000, 0x0000000097e00000|100%| O|  |TAMS 0x0000000097d00000| PB 0x0000000097d00000| Untracked 
| 230|0x0000000097e00000, 0x0000000097f00000, 0x0000000097f00000|100%| O|  |TAMS 0x0000000097e00000| PB 0x0000000097e00000| Untracked 
| 231|0x0000000097f00000, 0x0000000098000000, 0x0000000098000000|100%| O|  |TAMS 0x0000000097f00000| PB 0x0000000097f00000| Untracked 
| 232|0x0000000098000000, 0x0000000098100000, 0x0000000098100000|100%| O|  |TAMS 0x0000000098000000| PB 0x0000000098000000| Untracked 
| 233|0x0000000098100000, 0x0000000098200000, 0x0000000098200000|100%| O|  |TAMS 0x0000000098100000| PB 0x0000000098100000| Untracked 
| 234|0x0000000098200000, 0x0000000098300000, 0x0000000098300000|100%| O|  |TAMS 0x0000000098200000| PB 0x0000000098200000| Untracked 
| 235|0x0000000098300000, 0x0000000098400000, 0x0000000098400000|100%| O|  |TAMS 0x0000000098300000| PB 0x0000000098300000| Untracked 
| 236|0x0000000098400000, 0x0000000098500000, 0x0000000098500000|100%| O|  |TAMS 0x0000000098400000| PB 0x0000000098400000| Untracked 
| 237|0x0000000098500000, 0x0000000098600000, 0x0000000098600000|100%| O|  |TAMS 0x0000000098500000| PB 0x0000000098500000| Untracked 
| 238|0x0000000098600000, 0x0000000098700000, 0x0000000098700000|100%| O|  |TAMS 0x0000000098600000| PB 0x0000000098600000| Untracked 
| 239|0x0000000098700000, 0x0000000098800000, 0x0000000098800000|100%| O|  |TAMS 0x0000000098700000| PB 0x0000000098700000| Untracked 
| 240|0x0000000098800000, 0x0000000098900000, 0x0000000098900000|100%|HS|  |TAMS 0x0000000098800000| PB 0x0000000098800000| Complete 
| 241|0x0000000098900000, 0x0000000098a00000, 0x0000000098a00000|100%| O|  |TAMS 0x0000000098900000| PB 0x0000000098900000| Untracked 
| 242|0x0000000098a00000, 0x0000000098b00000, 0x0000000098b00000|100%| O|  |TAMS 0x0000000098a00000| PB 0x0000000098a00000| Untracked 
| 243|0x0000000098b00000, 0x0000000098c00000, 0x0000000098c00000|100%| O|  |TAMS 0x0000000098b00000| PB 0x0000000098b00000| Untracked 
| 244|0x0000000098c00000, 0x0000000098d00000, 0x0000000098d00000|100%| O|  |TAMS 0x0000000098c00000| PB 0x0000000098c00000| Untracked 
| 245|0x0000000098d00000, 0x0000000098e00000, 0x0000000098e00000|100%| O|  |TAMS 0x0000000098d00000| PB 0x0000000098d00000| Untracked 
| 246|0x0000000098e00000, 0x0000000098f00000, 0x0000000098f00000|100%| O|  |TAMS 0x0000000098e00000| PB 0x0000000098e00000| Untracked 
| 247|0x0000000098f00000, 0x0000000099000000, 0x0000000099000000|100%| O|  |TAMS 0x0000000098f00000| PB 0x0000000098f00000| Untracked 
| 248|0x0000000099000000, 0x0000000099100000, 0x0000000099100000|100%| O|  |TAMS 0x0000000099000000| PB 0x0000000099000000| Untracked 
| 249|0x0000000099100000, 0x0000000099200000, 0x0000000099200000|100%| O|  |TAMS 0x0000000099100000| PB 0x0000000099100000| Untracked 
| 250|0x0000000099200000, 0x0000000099300000, 0x0000000099300000|100%| O|  |TAMS 0x0000000099200000| PB 0x0000000099200000| Untracked 
| 251|0x0000000099300000, 0x0000000099400000, 0x0000000099400000|100%| O|Cm|TAMS 0x0000000099300000| PB 0x0000000099300000| Complete 
| 252|0x0000000099400000, 0x0000000099500000, 0x0000000099500000|100%| O|Cm|TAMS 0x0000000099400000| PB 0x0000000099400000| Complete 
| 253|0x0000000099500000, 0x0000000099600000, 0x0000000099600000|100%| O|  |TAMS 0x0000000099500000| PB 0x0000000099500000| Untracked 
| 254|0x0000000099600000, 0x0000000099700000, 0x0000000099700000|100%| O|  |TAMS 0x0000000099600000| PB 0x0000000099600000| Untracked 
| 255|0x0000000099700000, 0x0000000099800000, 0x0000000099800000|100%| O|  |TAMS 0x0000000099700000| PB 0x0000000099700000| Untracked 
| 256|0x0000000099800000, 0x0000000099900000, 0x0000000099900000|100%| O|  |TAMS 0x0000000099800000| PB 0x0000000099800000| Untracked 
| 257|0x0000000099900000, 0x0000000099a00000, 0x0000000099a00000|100%| O|  |TAMS 0x0000000099900000| PB 0x0000000099900000| Untracked 
| 258|0x0000000099a00000, 0x0000000099b00000, 0x0000000099b00000|100%| O|  |TAMS 0x0000000099a00000| PB 0x0000000099a00000| Untracked 
| 259|0x0000000099b00000, 0x0000000099c00000, 0x0000000099c00000|100%| O|  |TAMS 0x0000000099b00000| PB 0x0000000099b00000| Untracked 
| 260|0x0000000099c00000, 0x0000000099d00000, 0x0000000099d00000|100%| O|  |TAMS 0x0000000099c00000| PB 0x0000000099c00000| Untracked 
| 261|0x0000000099d00000, 0x0000000099e00000, 0x0000000099e00000|100%| O|  |TAMS 0x0000000099d00000| PB 0x0000000099d00000| Untracked 
| 262|0x0000000099e00000, 0x0000000099f00000, 0x0000000099f00000|100%| O|Cm|TAMS 0x0000000099e00000| PB 0x0000000099e00000| Complete 
| 263|0x0000000099f00000, 0x000000009a000000, 0x000000009a000000|100%| O|  |TAMS 0x0000000099f00000| PB 0x0000000099f00000| Untracked 
| 264|0x000000009a000000, 0x000000009a100000, 0x000000009a100000|100%| O|  |TAMS 0x000000009a000000| PB 0x000000009a000000| Untracked 
| 265|0x000000009a100000, 0x000000009a100000, 0x000000009a200000|  0%| F|  |TAMS 0x000000009a100000| PB 0x000000009a100000| Untracked 
| 266|0x000000009a200000, 0x000000009a200000, 0x000000009a300000|  0%| F|  |TAMS 0x000000009a200000| PB 0x000000009a200000| Untracked 
| 267|0x000000009a300000, 0x000000009a300000, 0x000000009a400000|  0%| F|  |TAMS 0x000000009a300000| PB 0x000000009a300000| Untracked 
| 268|0x000000009a400000, 0x000000009a400000, 0x000000009a500000|  0%| F|  |TAMS 0x000000009a400000| PB 0x000000009a400000| Untracked 
| 269|0x000000009a500000, 0x000000009a500000, 0x000000009a600000|  0%| F|  |TAMS 0x000000009a500000| PB 0x000000009a500000| Untracked 
| 270|0x000000009a600000, 0x000000009a600000, 0x000000009a700000|  0%| F|  |TAMS 0x000000009a600000| PB 0x000000009a600000| Untracked 
| 271|0x000000009a700000, 0x000000009a700000, 0x000000009a800000|  0%| F|  |TAMS 0x000000009a700000| PB 0x000000009a700000| Untracked 
| 272|0x000000009a800000, 0x000000009a800000, 0x000000009a900000|  0%| F|  |TAMS 0x000000009a800000| PB 0x000000009a800000| Untracked 
| 273|0x000000009a900000, 0x000000009a900000, 0x000000009aa00000|  0%| F|  |TAMS 0x000000009a900000| PB 0x000000009a900000| Untracked 
| 274|0x000000009aa00000, 0x000000009aa00000, 0x000000009ab00000|  0%| F|  |TAMS 0x000000009aa00000| PB 0x000000009aa00000| Untracked 
| 275|0x000000009ab00000, 0x000000009ab00000, 0x000000009ac00000|  0%| F|  |TAMS 0x000000009ab00000| PB 0x000000009ab00000| Untracked 
| 276|0x000000009ac00000, 0x000000009ac00000, 0x000000009ad00000|  0%| F|  |TAMS 0x000000009ac00000| PB 0x000000009ac00000| Untracked 
| 277|0x000000009ad00000, 0x000000009ad00000, 0x000000009ae00000|  0%| F|  |TAMS 0x000000009ad00000| PB 0x000000009ad00000| Untracked 
| 278|0x000000009ae00000, 0x000000009ae00000, 0x000000009af00000|  0%| F|  |TAMS 0x000000009ae00000| PB 0x000000009ae00000| Untracked 
| 279|0x000000009af00000, 0x000000009af00000, 0x000000009b000000|  0%| F|  |TAMS 0x000000009af00000| PB 0x000000009af00000| Untracked 
| 280|0x000000009b000000, 0x000000009b000000, 0x000000009b100000|  0%| F|  |TAMS 0x000000009b000000| PB 0x000000009b000000| Untracked 
| 281|0x000000009b100000, 0x000000009b100000, 0x000000009b200000|  0%| F|  |TAMS 0x000000009b100000| PB 0x000000009b100000| Untracked 
| 282|0x000000009b200000, 0x000000009b200000, 0x000000009b300000|  0%| F|  |TAMS 0x000000009b200000| PB 0x000000009b200000| Untracked 
| 283|0x000000009b300000, 0x000000009b300000, 0x000000009b400000|  0%| F|  |TAMS 0x000000009b300000| PB 0x000000009b300000| Untracked 
| 284|0x000000009b400000, 0x000000009b400000, 0x000000009b500000|  0%| F|  |TAMS 0x000000009b400000| PB 0x000000009b400000| Untracked 
| 285|0x000000009b500000, 0x000000009b500000, 0x000000009b600000|  0%| F|  |TAMS 0x000000009b500000| PB 0x000000009b500000| Untracked 
| 286|0x000000009b600000, 0x000000009b600000, 0x000000009b700000|  0%| F|  |TAMS 0x000000009b600000| PB 0x000000009b600000| Untracked 
| 287|0x000000009b700000, 0x000000009b700000, 0x000000009b800000|  0%| F|  |TAMS 0x000000009b700000| PB 0x000000009b700000| Untracked 
| 288|0x000000009b800000, 0x000000009b800000, 0x000000009b900000|  0%| F|  |TAMS 0x000000009b800000| PB 0x000000009b800000| Untracked 
| 289|0x000000009b900000, 0x000000009b900000, 0x000000009ba00000|  0%| F|  |TAMS 0x000000009b900000| PB 0x000000009b900000| Untracked 
| 290|0x000000009ba00000, 0x000000009ba00000, 0x000000009bb00000|  0%| F|  |TAMS 0x000000009ba00000| PB 0x000000009ba00000| Untracked 
| 291|0x000000009bb00000, 0x000000009bb00000, 0x000000009bc00000|  0%| F|  |TAMS 0x000000009bb00000| PB 0x000000009bb00000| Untracked 
| 292|0x000000009bc00000, 0x000000009bc00000, 0x000000009bd00000|  0%| F|  |TAMS 0x000000009bc00000| PB 0x000000009bc00000| Untracked 
| 293|0x000000009bd00000, 0x000000009bd00000, 0x000000009be00000|  0%| F|  |TAMS 0x000000009bd00000| PB 0x000000009bd00000| Untracked 
| 294|0x000000009be00000, 0x000000009be00000, 0x000000009bf00000|  0%| F|  |TAMS 0x000000009be00000| PB 0x000000009be00000| Untracked 
| 295|0x000000009bf00000, 0x000000009bf00000, 0x000000009c000000|  0%| F|  |TAMS 0x000000009bf00000| PB 0x000000009bf00000| Untracked 
| 296|0x000000009c000000, 0x000000009c000000, 0x000000009c100000|  0%| F|  |TAMS 0x000000009c000000| PB 0x000000009c000000| Untracked 
| 297|0x000000009c100000, 0x000000009c100000, 0x000000009c200000|  0%| F|  |TAMS 0x000000009c100000| PB 0x000000009c100000| Untracked 
| 298|0x000000009c200000, 0x000000009c2c2e68, 0x000000009c300000| 76%| S|CS|TAMS 0x000000009c200000| PB 0x000000009c200000| Complete 
| 299|0x000000009c300000, 0x000000009c400000, 0x000000009c400000|100%| S|CS|TAMS 0x000000009c300000| PB 0x000000009c300000| Complete 
| 300|0x000000009c400000, 0x000000009c500000, 0x000000009c500000|100%| S|CS|TAMS 0x000000009c400000| PB 0x000000009c400000| Complete 
| 301|0x000000009c500000, 0x000000009c600000, 0x000000009c600000|100%| S|CS|TAMS 0x000000009c500000| PB 0x000000009c500000| Complete 
| 302|0x000000009c600000, 0x000000009c700000, 0x000000009c700000|100%| S|CS|TAMS 0x000000009c600000| PB 0x000000009c600000| Complete 
| 303|0x000000009c700000, 0x000000009c800000, 0x000000009c800000|100%| S|CS|TAMS 0x000000009c700000| PB 0x000000009c700000| Complete 
| 304|0x000000009c800000, 0x000000009c900000, 0x000000009c900000|100%| S|CS|TAMS 0x000000009c800000| PB 0x000000009c800000| Complete 
| 305|0x000000009c900000, 0x000000009ca00000, 0x000000009ca00000|100%| S|CS|TAMS 0x000000009c900000| PB 0x000000009c900000| Complete 
| 306|0x000000009ca00000, 0x000000009cb00000, 0x000000009cb00000|100%| S|CS|TAMS 0x000000009ca00000| PB 0x000000009ca00000| Complete 
| 307|0x000000009cb00000, 0x000000009cc00000, 0x000000009cc00000|100%| S|CS|TAMS 0x000000009cb00000| PB 0x000000009cb00000| Complete 
| 308|0x000000009cc00000, 0x000000009cd00000, 0x000000009cd00000|100%| S|CS|TAMS 0x000000009cc00000| PB 0x000000009cc00000| Complete 
| 309|0x000000009cd00000, 0x000000009ce00000, 0x000000009ce00000|100%| S|CS|TAMS 0x000000009cd00000| PB 0x000000009cd00000| Complete 
| 310|0x000000009ce00000, 0x000000009ce00000, 0x000000009cf00000|  0%| F|  |TAMS 0x000000009ce00000| PB 0x000000009ce00000| Untracked 
| 311|0x000000009cf00000, 0x000000009cf00000, 0x000000009d000000|  0%| F|  |TAMS 0x000000009cf00000| PB 0x000000009cf00000| Untracked 
| 312|0x000000009d000000, 0x000000009d000000, 0x000000009d100000|  0%| F|  |TAMS 0x000000009d000000| PB 0x000000009d000000| Untracked 
| 313|0x000000009d100000, 0x000000009d100000, 0x000000009d200000|  0%| F|  |TAMS 0x000000009d100000| PB 0x000000009d100000| Untracked 
| 314|0x000000009d200000, 0x000000009d200000, 0x000000009d300000|  0%| F|  |TAMS 0x000000009d200000| PB 0x000000009d200000| Untracked 
| 315|0x000000009d300000, 0x000000009d300000, 0x000000009d400000|  0%| F|  |TAMS 0x000000009d300000| PB 0x000000009d300000| Untracked 
| 316|0x000000009d400000, 0x000000009d400000, 0x000000009d500000|  0%| F|  |TAMS 0x000000009d400000| PB 0x000000009d400000| Untracked 
| 317|0x000000009d500000, 0x000000009d500000, 0x000000009d600000|  0%| F|  |TAMS 0x000000009d500000| PB 0x000000009d500000| Untracked 
| 318|0x000000009d600000, 0x000000009d600000, 0x000000009d700000|  0%| F|  |TAMS 0x000000009d600000| PB 0x000000009d600000| Untracked 
| 319|0x000000009d700000, 0x000000009d700000, 0x000000009d800000|  0%| F|  |TAMS 0x000000009d700000| PB 0x000000009d700000| Untracked 
| 320|0x000000009d800000, 0x000000009d800000, 0x000000009d900000|  0%| F|  |TAMS 0x000000009d800000| PB 0x000000009d800000| Untracked 
| 321|0x000000009d900000, 0x000000009d900000, 0x000000009da00000|  0%| F|  |TAMS 0x000000009d900000| PB 0x000000009d900000| Untracked 
| 322|0x000000009da00000, 0x000000009da00000, 0x000000009db00000|  0%| F|  |TAMS 0x000000009da00000| PB 0x000000009da00000| Untracked 
| 323|0x000000009db00000, 0x000000009db00000, 0x000000009dc00000|  0%| F|  |TAMS 0x000000009db00000| PB 0x000000009db00000| Untracked 
| 324|0x000000009dc00000, 0x000000009dc00000, 0x000000009dd00000|  0%| F|  |TAMS 0x000000009dc00000| PB 0x000000009dc00000| Untracked 
| 325|0x000000009dd00000, 0x000000009dd00000, 0x000000009de00000|  0%| F|  |TAMS 0x000000009dd00000| PB 0x000000009dd00000| Untracked 
| 326|0x000000009de00000, 0x000000009de00000, 0x000000009df00000|  0%| F|  |TAMS 0x000000009de00000| PB 0x000000009de00000| Untracked 
| 327|0x000000009df00000, 0x000000009df00000, 0x000000009e000000|  0%| F|  |TAMS 0x000000009df00000| PB 0x000000009df00000| Untracked 
| 328|0x000000009e000000, 0x000000009e000000, 0x000000009e100000|  0%| F|  |TAMS 0x000000009e000000| PB 0x000000009e000000| Untracked 
| 329|0x000000009e100000, 0x000000009e100000, 0x000000009e200000|  0%| F|  |TAMS 0x000000009e100000| PB 0x000000009e100000| Untracked 
| 330|0x000000009e200000, 0x000000009e200000, 0x000000009e300000|  0%| F|  |TAMS 0x000000009e200000| PB 0x000000009e200000| Untracked 
| 331|0x000000009e300000, 0x000000009e300000, 0x000000009e400000|  0%| F|  |TAMS 0x000000009e300000| PB 0x000000009e300000| Untracked 
| 332|0x000000009e400000, 0x000000009e400000, 0x000000009e500000|  0%| F|  |TAMS 0x000000009e400000| PB 0x000000009e400000| Untracked 
| 333|0x000000009e500000, 0x000000009e500000, 0x000000009e600000|  0%| F|  |TAMS 0x000000009e500000| PB 0x000000009e500000| Untracked 
| 334|0x000000009e600000, 0x000000009e600000, 0x000000009e700000|  0%| F|  |TAMS 0x000000009e600000| PB 0x000000009e600000| Untracked 
| 335|0x000000009e700000, 0x000000009e700000, 0x000000009e800000|  0%| F|  |TAMS 0x000000009e700000| PB 0x000000009e700000| Untracked 
| 336|0x000000009e800000, 0x000000009e800000, 0x000000009e900000|  0%| F|  |TAMS 0x000000009e800000| PB 0x000000009e800000| Untracked 
| 337|0x000000009e900000, 0x000000009e900000, 0x000000009ea00000|  0%| F|  |TAMS 0x000000009e900000| PB 0x000000009e900000| Untracked 
| 338|0x000000009ea00000, 0x000000009ea00000, 0x000000009eb00000|  0%| F|  |TAMS 0x000000009ea00000| PB 0x000000009ea00000| Untracked 
| 339|0x000000009eb00000, 0x000000009eb00000, 0x000000009ec00000|  0%| F|  |TAMS 0x000000009eb00000| PB 0x000000009eb00000| Untracked 
| 340|0x000000009ec00000, 0x000000009ec00000, 0x000000009ed00000|  0%| F|  |TAMS 0x000000009ec00000| PB 0x000000009ec00000| Untracked 
| 341|0x000000009ed00000, 0x000000009ed00000, 0x000000009ee00000|  0%| F|  |TAMS 0x000000009ed00000| PB 0x000000009ed00000| Untracked 
| 342|0x000000009ee00000, 0x000000009ee00000, 0x000000009ef00000|  0%| F|  |TAMS 0x000000009ee00000| PB 0x000000009ee00000| Untracked 
| 343|0x000000009ef00000, 0x000000009ef00000, 0x000000009f000000|  0%| F|  |TAMS 0x000000009ef00000| PB 0x000000009ef00000| Untracked 
| 344|0x000000009f000000, 0x000000009f000000, 0x000000009f100000|  0%| F|  |TAMS 0x000000009f000000| PB 0x000000009f000000| Untracked 
| 345|0x000000009f100000, 0x000000009f100000, 0x000000009f200000|  0%| F|  |TAMS 0x000000009f100000| PB 0x000000009f100000| Untracked 
| 346|0x000000009f200000, 0x000000009f200000, 0x000000009f300000|  0%| F|  |TAMS 0x000000009f200000| PB 0x000000009f200000| Untracked 
| 347|0x000000009f300000, 0x000000009f300000, 0x000000009f400000|  0%| F|  |TAMS 0x000000009f300000| PB 0x000000009f300000| Untracked 
| 348|0x000000009f400000, 0x000000009f400000, 0x000000009f500000|  0%| F|  |TAMS 0x000000009f400000| PB 0x000000009f400000| Untracked 
| 349|0x000000009f500000, 0x000000009f580000, 0x000000009f600000| 50%| E|  |TAMS 0x000000009f500000| PB 0x000000009f500000| Complete 
| 350|0x000000009f600000, 0x000000009f700000, 0x000000009f700000|100%| E|CS|TAMS 0x000000009f600000| PB 0x000000009f600000| Complete 
| 351|0x000000009f700000, 0x000000009f800000, 0x000000009f800000|100%| E|CS|TAMS 0x000000009f700000| PB 0x000000009f700000| Complete 
| 352|0x000000009f800000, 0x000000009f900000, 0x000000009f900000|100%| E|CS|TAMS 0x000000009f800000| PB 0x000000009f800000| Complete 
| 353|0x000000009f900000, 0x000000009fa00000, 0x000000009fa00000|100%| E|CS|TAMS 0x000000009f900000| PB 0x000000009f900000| Complete 
| 354|0x000000009fa00000, 0x000000009fb00000, 0x000000009fb00000|100%| E|CS|TAMS 0x000000009fa00000| PB 0x000000009fa00000| Complete 
| 355|0x000000009fb00000, 0x000000009fc00000, 0x000000009fc00000|100%| E|CS|TAMS 0x000000009fb00000| PB 0x000000009fb00000| Complete 
| 356|0x000000009fc00000, 0x000000009fd00000, 0x000000009fd00000|100%| E|CS|TAMS 0x000000009fc00000| PB 0x000000009fc00000| Complete 
| 357|0x000000009fd00000, 0x000000009fe00000, 0x000000009fe00000|100%| E|CS|TAMS 0x000000009fd00000| PB 0x000000009fd00000| Complete 
| 358|0x000000009fe00000, 0x000000009ff00000, 0x000000009ff00000|100%| E|CS|TAMS 0x000000009fe00000| PB 0x000000009fe00000| Complete 
| 359|0x000000009ff00000, 0x00000000a0000000, 0x00000000a0000000|100%| E|CS|TAMS 0x000000009ff00000| PB 0x000000009ff00000| Complete 
| 360|0x00000000a0000000, 0x00000000a0100000, 0x00000000a0100000|100%| E|CS|TAMS 0x00000000a0000000| PB 0x00000000a0000000| Complete 
| 361|0x00000000a0100000, 0x00000000a0200000, 0x00000000a0200000|100%| E|CS|TAMS 0x00000000a0100000| PB 0x00000000a0100000| Complete 
| 362|0x00000000a0200000, 0x00000000a0300000, 0x00000000a0300000|100%| E|CS|TAMS 0x00000000a0200000| PB 0x00000000a0200000| Complete 
| 363|0x00000000a0300000, 0x00000000a0400000, 0x00000000a0400000|100%| E|CS|TAMS 0x00000000a0300000| PB 0x00000000a0300000| Complete 
| 364|0x00000000a0400000, 0x00000000a0500000, 0x00000000a0500000|100%| E|CS|TAMS 0x00000000a0400000| PB 0x00000000a0400000| Complete 
| 365|0x00000000a0500000, 0x00000000a0600000, 0x00000000a0600000|100%| E|CS|TAMS 0x00000000a0500000| PB 0x00000000a0500000| Complete 
| 366|0x00000000a0600000, 0x00000000a0700000, 0x00000000a0700000|100%| E|CS|TAMS 0x00000000a0600000| PB 0x00000000a0600000| Complete 
| 367|0x00000000a0700000, 0x00000000a0800000, 0x00000000a0800000|100%| E|CS|TAMS 0x00000000a0700000| PB 0x00000000a0700000| Complete 
| 368|0x00000000a0800000, 0x00000000a0900000, 0x00000000a0900000|100%| E|CS|TAMS 0x00000000a0800000| PB 0x00000000a0800000| Complete 
| 369|0x00000000a0900000, 0x00000000a0a00000, 0x00000000a0a00000|100%| E|CS|TAMS 0x00000000a0900000| PB 0x00000000a0900000| Complete 
| 370|0x00000000a0a00000, 0x00000000a0b00000, 0x00000000a0b00000|100%| E|CS|TAMS 0x00000000a0a00000| PB 0x00000000a0a00000| Complete 
| 371|0x00000000a0b00000, 0x00000000a0c00000, 0x00000000a0c00000|100%| E|CS|TAMS 0x00000000a0b00000| PB 0x00000000a0b00000| Complete 
| 372|0x00000000a0c00000, 0x00000000a0d00000, 0x00000000a0d00000|100%| E|CS|TAMS 0x00000000a0c00000| PB 0x00000000a0c00000| Complete 
| 373|0x00000000a0d00000, 0x00000000a0e00000, 0x00000000a0e00000|100%| E|CS|TAMS 0x00000000a0d00000| PB 0x00000000a0d00000| Complete 
| 374|0x00000000a0e00000, 0x00000000a0f00000, 0x00000000a0f00000|100%| E|CS|TAMS 0x00000000a0e00000| PB 0x00000000a0e00000| Complete 
| 375|0x00000000a0f00000, 0x00000000a1000000, 0x00000000a1000000|100%| E|CS|TAMS 0x00000000a0f00000| PB 0x00000000a0f00000| Complete 
| 376|0x00000000a1000000, 0x00000000a1100000, 0x00000000a1100000|100%| E|CS|TAMS 0x00000000a1000000| PB 0x00000000a1000000| Complete 
| 377|0x00000000a1100000, 0x00000000a1200000, 0x00000000a1200000|100%| E|CS|TAMS 0x00000000a1100000| PB 0x00000000a1100000| Complete 
| 378|0x00000000a1200000, 0x00000000a1300000, 0x00000000a1300000|100%| E|CS|TAMS 0x00000000a1200000| PB 0x00000000a1200000| Complete 
| 379|0x00000000a1300000, 0x00000000a1400000, 0x00000000a1400000|100%| E|CS|TAMS 0x00000000a1300000| PB 0x00000000a1300000| Complete 
| 380|0x00000000a1400000, 0x00000000a1500000, 0x00000000a1500000|100%| E|CS|TAMS 0x00000000a1400000| PB 0x00000000a1400000| Complete 
| 381|0x00000000a1500000, 0x00000000a1600000, 0x00000000a1600000|100%| E|CS|TAMS 0x00000000a1500000| PB 0x00000000a1500000| Complete 
| 382|0x00000000a1600000, 0x00000000a1700000, 0x00000000a1700000|100%| E|CS|TAMS 0x00000000a1600000| PB 0x00000000a1600000| Complete 
| 383|0x00000000a1700000, 0x00000000a1800000, 0x00000000a1800000|100%| E|CS|TAMS 0x00000000a1700000| PB 0x00000000a1700000| Complete 
| 384|0x00000000a1800000, 0x00000000a1900000, 0x00000000a1900000|100%| E|CS|TAMS 0x00000000a1800000| PB 0x00000000a1800000| Complete 
| 385|0x00000000a1900000, 0x00000000a1a00000, 0x00000000a1a00000|100%| E|CS|TAMS 0x00000000a1900000| PB 0x00000000a1900000| Complete 
| 386|0x00000000a1a00000, 0x00000000a1b00000, 0x00000000a1b00000|100%| E|CS|TAMS 0x00000000a1a00000| PB 0x00000000a1a00000| Complete 
| 387|0x00000000a1b00000, 0x00000000a1c00000, 0x00000000a1c00000|100%| E|CS|TAMS 0x00000000a1b00000| PB 0x00000000a1b00000| Complete 
| 388|0x00000000a1c00000, 0x00000000a1d00000, 0x00000000a1d00000|100%| E|CS|TAMS 0x00000000a1c00000| PB 0x00000000a1c00000| Complete 
| 389|0x00000000a1d00000, 0x00000000a1e00000, 0x00000000a1e00000|100%| E|CS|TAMS 0x00000000a1d00000| PB 0x00000000a1d00000| Complete 
| 390|0x00000000a1e00000, 0x00000000a1f00000, 0x00000000a1f00000|100%| E|CS|TAMS 0x00000000a1e00000| PB 0x00000000a1e00000| Complete 
| 391|0x00000000a1f00000, 0x00000000a2000000, 0x00000000a2000000|100%| E|CS|TAMS 0x00000000a1f00000| PB 0x00000000a1f00000| Complete 
| 392|0x00000000a2000000, 0x00000000a2100000, 0x00000000a2100000|100%| E|CS|TAMS 0x00000000a2000000| PB 0x00000000a2000000| Complete 
| 393|0x00000000a2100000, 0x00000000a2200000, 0x00000000a2200000|100%| E|CS|TAMS 0x00000000a2100000| PB 0x00000000a2100000| Complete 
| 394|0x00000000a2200000, 0x00000000a2300000, 0x00000000a2300000|100%| E|CS|TAMS 0x00000000a2200000| PB 0x00000000a2200000| Complete 
| 395|0x00000000a2300000, 0x00000000a2400000, 0x00000000a2400000|100%| E|CS|TAMS 0x00000000a2300000| PB 0x00000000a2300000| Complete 
| 396|0x00000000a2400000, 0x00000000a2500000, 0x00000000a2500000|100%| E|CS|TAMS 0x00000000a2400000| PB 0x00000000a2400000| Complete 
| 397|0x00000000a2500000, 0x00000000a2600000, 0x00000000a2600000|100%| E|CS|TAMS 0x00000000a2500000| PB 0x00000000a2500000| Complete 
| 398|0x00000000a2600000, 0x00000000a2700000, 0x00000000a2700000|100%| E|CS|TAMS 0x00000000a2600000| PB 0x00000000a2600000| Complete 
| 399|0x00000000a2700000, 0x00000000a2800000, 0x00000000a2800000|100%| E|CS|TAMS 0x00000000a2700000| PB 0x00000000a2700000| Complete 
| 400|0x00000000a2800000, 0x00000000a2900000, 0x00000000a2900000|100%| E|CS|TAMS 0x00000000a2800000| PB 0x00000000a2800000| Complete 
| 401|0x00000000a2900000, 0x00000000a2a00000, 0x00000000a2a00000|100%| E|CS|TAMS 0x00000000a2900000| PB 0x00000000a2900000| Complete 
| 402|0x00000000a2a00000, 0x00000000a2b00000, 0x00000000a2b00000|100%| E|CS|TAMS 0x00000000a2a00000| PB 0x00000000a2a00000| Complete 
| 403|0x00000000a2b00000, 0x00000000a2c00000, 0x00000000a2c00000|100%| E|CS|TAMS 0x00000000a2b00000| PB 0x00000000a2b00000| Complete 
| 404|0x00000000a2c00000, 0x00000000a2d00000, 0x00000000a2d00000|100%| E|CS|TAMS 0x00000000a2c00000| PB 0x00000000a2c00000| Complete 
| 405|0x00000000a2d00000, 0x00000000a2e00000, 0x00000000a2e00000|100%| E|CS|TAMS 0x00000000a2d00000| PB 0x00000000a2d00000| Complete 
| 406|0x00000000a2e00000, 0x00000000a2f00000, 0x00000000a2f00000|100%| E|CS|TAMS 0x00000000a2e00000| PB 0x00000000a2e00000| Complete 
| 407|0x00000000a2f00000, 0x00000000a3000000, 0x00000000a3000000|100%| E|CS|TAMS 0x00000000a2f00000| PB 0x00000000a2f00000| Complete 
| 408|0x00000000a3000000, 0x00000000a3100000, 0x00000000a3100000|100%| E|CS|TAMS 0x00000000a3000000| PB 0x00000000a3000000| Complete 
| 409|0x00000000a3100000, 0x00000000a3200000, 0x00000000a3200000|100%| E|CS|TAMS 0x00000000a3100000| PB 0x00000000a3100000| Complete 
| 410|0x00000000a3200000, 0x00000000a3300000, 0x00000000a3300000|100%| E|CS|TAMS 0x00000000a3200000| PB 0x00000000a3200000| Complete 
| 411|0x00000000a3300000, 0x00000000a3400000, 0x00000000a3400000|100%| E|CS|TAMS 0x00000000a3300000| PB 0x00000000a3300000| Complete 
| 412|0x00000000a3400000, 0x00000000a3500000, 0x00000000a3500000|100%| E|CS|TAMS 0x00000000a3400000| PB 0x00000000a3400000| Complete 
| 413|0x00000000a3500000, 0x00000000a3600000, 0x00000000a3600000|100%| E|CS|TAMS 0x00000000a3500000| PB 0x00000000a3500000| Complete 
| 414|0x00000000a3600000, 0x00000000a3700000, 0x00000000a3700000|100%| E|CS|TAMS 0x00000000a3600000| PB 0x00000000a3600000| Complete 
| 415|0x00000000a3700000, 0x00000000a3800000, 0x00000000a3800000|100%| E|CS|TAMS 0x00000000a3700000| PB 0x00000000a3700000| Complete 
| 416|0x00000000a3800000, 0x00000000a3900000, 0x00000000a3900000|100%| E|CS|TAMS 0x00000000a3800000| PB 0x00000000a3800000| Complete 
| 417|0x00000000a3900000, 0x00000000a3a00000, 0x00000000a3a00000|100%| E|CS|TAMS 0x00000000a3900000| PB 0x00000000a3900000| Complete 
| 418|0x00000000a3a00000, 0x00000000a3b00000, 0x00000000a3b00000|100%| E|CS|TAMS 0x00000000a3a00000| PB 0x00000000a3a00000| Complete 
| 419|0x00000000a3b00000, 0x00000000a3c00000, 0x00000000a3c00000|100%| E|CS|TAMS 0x00000000a3b00000| PB 0x00000000a3b00000| Complete 
| 420|0x00000000a3c00000, 0x00000000a3d00000, 0x00000000a3d00000|100%| E|CS|TAMS 0x00000000a3c00000| PB 0x00000000a3c00000| Complete 
| 421|0x00000000a3d00000, 0x00000000a3e00000, 0x00000000a3e00000|100%| E|CS|TAMS 0x00000000a3d00000| PB 0x00000000a3d00000| Complete 
| 422|0x00000000a3e00000, 0x00000000a3f00000, 0x00000000a3f00000|100%| E|CS|TAMS 0x00000000a3e00000| PB 0x00000000a3e00000| Complete 
| 423|0x00000000a3f00000, 0x00000000a4000000, 0x00000000a4000000|100%| E|CS|TAMS 0x00000000a3f00000| PB 0x00000000a3f00000| Complete 
| 424|0x00000000a4000000, 0x00000000a4100000, 0x00000000a4100000|100%| E|CS|TAMS 0x00000000a4000000| PB 0x00000000a4000000| Complete 
| 425|0x00000000a4100000, 0x00000000a4200000, 0x00000000a4200000|100%| E|CS|TAMS 0x00000000a4100000| PB 0x00000000a4100000| Complete 
| 426|0x00000000a4200000, 0x00000000a4300000, 0x00000000a4300000|100%| E|CS|TAMS 0x00000000a4200000| PB 0x00000000a4200000| Complete 
| 427|0x00000000a4300000, 0x00000000a4400000, 0x00000000a4400000|100%| E|CS|TAMS 0x00000000a4300000| PB 0x00000000a4300000| Complete 
| 428|0x00000000a4400000, 0x00000000a4500000, 0x00000000a4500000|100%| E|CS|TAMS 0x00000000a4400000| PB 0x00000000a4400000| Complete 
| 429|0x00000000a4500000, 0x00000000a4600000, 0x00000000a4600000|100%| E|CS|TAMS 0x00000000a4500000| PB 0x00000000a4500000| Complete 
| 430|0x00000000a4600000, 0x00000000a4700000, 0x00000000a4700000|100%| E|CS|TAMS 0x00000000a4600000| PB 0x00000000a4600000| Complete 
| 431|0x00000000a4700000, 0x00000000a4800000, 0x00000000a4800000|100%| E|CS|TAMS 0x00000000a4700000| PB 0x00000000a4700000| Complete 
| 432|0x00000000a4800000, 0x00000000a4900000, 0x00000000a4900000|100%| E|CS|TAMS 0x00000000a4800000| PB 0x00000000a4800000| Complete 
| 433|0x00000000a4900000, 0x00000000a4a00000, 0x00000000a4a00000|100%| E|CS|TAMS 0x00000000a4900000| PB 0x00000000a4900000| Complete 
| 434|0x00000000a4a00000, 0x00000000a4b00000, 0x00000000a4b00000|100%| E|CS|TAMS 0x00000000a4a00000| PB 0x00000000a4a00000| Complete 
| 435|0x00000000a4b00000, 0x00000000a4c00000, 0x00000000a4c00000|100%| E|CS|TAMS 0x00000000a4b00000| PB 0x00000000a4b00000| Complete 
| 436|0x00000000a4c00000, 0x00000000a4d00000, 0x00000000a4d00000|100%| E|CS|TAMS 0x00000000a4c00000| PB 0x00000000a4c00000| Complete 
| 437|0x00000000a4d00000, 0x00000000a4e00000, 0x00000000a4e00000|100%| E|CS|TAMS 0x00000000a4d00000| PB 0x00000000a4d00000| Complete 
| 438|0x00000000a4e00000, 0x00000000a4f00000, 0x00000000a4f00000|100%| E|CS|TAMS 0x00000000a4e00000| PB 0x00000000a4e00000| Complete 
| 439|0x00000000a4f00000, 0x00000000a5000000, 0x00000000a5000000|100%| E|CS|TAMS 0x00000000a4f00000| PB 0x00000000a4f00000| Complete 
| 440|0x00000000a5000000, 0x00000000a5100000, 0x00000000a5100000|100%| E|CS|TAMS 0x00000000a5000000| PB 0x00000000a5000000| Complete 
| 441|0x00000000a5100000, 0x00000000a5200000, 0x00000000a5200000|100%| E|CS|TAMS 0x00000000a5100000| PB 0x00000000a5100000| Complete 
| 442|0x00000000a5200000, 0x00000000a5300000, 0x00000000a5300000|100%| E|CS|TAMS 0x00000000a5200000| PB 0x00000000a5200000| Complete 
| 443|0x00000000a5300000, 0x00000000a5400000, 0x00000000a5400000|100%| E|CS|TAMS 0x00000000a5300000| PB 0x00000000a5300000| Complete 
| 444|0x00000000a5400000, 0x00000000a5500000, 0x00000000a5500000|100%| E|CS|TAMS 0x00000000a5400000| PB 0x00000000a5400000| Complete 
| 445|0x00000000a5500000, 0x00000000a5600000, 0x00000000a5600000|100%| E|CS|TAMS 0x00000000a5500000| PB 0x00000000a5500000| Complete 
| 446|0x00000000a5600000, 0x00000000a5700000, 0x00000000a5700000|100%| E|CS|TAMS 0x00000000a5600000| PB 0x00000000a5600000| Complete 
| 447|0x00000000a5700000, 0x00000000a5800000, 0x00000000a5800000|100%| E|CS|TAMS 0x00000000a5700000| PB 0x00000000a5700000| Complete 
| 448|0x00000000a5800000, 0x00000000a5900000, 0x00000000a5900000|100%| E|CS|TAMS 0x00000000a5800000| PB 0x00000000a5800000| Complete 
| 449|0x00000000a5900000, 0x00000000a5a00000, 0x00000000a5a00000|100%| E|CS|TAMS 0x00000000a5900000| PB 0x00000000a5900000| Complete 
| 450|0x00000000a5a00000, 0x00000000a5b00000, 0x00000000a5b00000|100%| E|CS|TAMS 0x00000000a5a00000| PB 0x00000000a5a00000| Complete 
| 451|0x00000000a5b00000, 0x00000000a5c00000, 0x00000000a5c00000|100%| E|CS|TAMS 0x00000000a5b00000| PB 0x00000000a5b00000| Complete 
| 452|0x00000000a5c00000, 0x00000000a5d00000, 0x00000000a5d00000|100%| E|CS|TAMS 0x00000000a5c00000| PB 0x00000000a5c00000| Complete 
| 453|0x00000000a5d00000, 0x00000000a5e00000, 0x00000000a5e00000|100%| E|CS|TAMS 0x00000000a5d00000| PB 0x00000000a5d00000| Complete 
| 454|0x00000000a5e00000, 0x00000000a5f00000, 0x00000000a5f00000|100%| E|CS|TAMS 0x00000000a5e00000| PB 0x00000000a5e00000| Complete 
| 455|0x00000000a5f00000, 0x00000000a6000000, 0x00000000a6000000|100%| E|CS|TAMS 0x00000000a5f00000| PB 0x00000000a5f00000| Complete 
| 456|0x00000000a6000000, 0x00000000a6100000, 0x00000000a6100000|100%| E|CS|TAMS 0x00000000a6000000| PB 0x00000000a6000000| Complete 
| 457|0x00000000a6100000, 0x00000000a6200000, 0x00000000a6200000|100%| E|CS|TAMS 0x00000000a6100000| PB 0x00000000a6100000| Complete 
| 458|0x00000000a6200000, 0x00000000a6300000, 0x00000000a6300000|100%| E|CS|TAMS 0x00000000a6200000| PB 0x00000000a6200000| Complete 
| 459|0x00000000a6300000, 0x00000000a6400000, 0x00000000a6400000|100%| E|CS|TAMS 0x00000000a6300000| PB 0x00000000a6300000| Complete 
| 460|0x00000000a6400000, 0x00000000a6500000, 0x00000000a6500000|100%| E|CS|TAMS 0x00000000a6400000| PB 0x00000000a6400000| Complete 
|1893|0x00000000ffd00000, 0x00000000ffe00000, 0x00000000ffe00000|100%| E|CS|TAMS 0x00000000ffd00000| PB 0x00000000ffd00000| Complete 
|1894|0x00000000ffe00000, 0x00000000fff00000, 0x00000000fff00000|100%| E|CS|TAMS 0x00000000ffe00000| PB 0x00000000ffe00000| Complete 
|1895|0x00000000fff00000, 0x0000000100000000, 0x0000000100000000|100%| O|  |TAMS 0x00000000fff00000| PB 0x00000000fff00000| Untracked 

Card table byte_map: [0x000001d27e9c0000,0x000001d27ed80000] _byte_map_base: 0x000001d27e574000

Marking Bits: (CMBitMap*) 0x000001d27afe2190
 Bits: [0x000001d20f000000, 0x000001d210da0000)

Polling page: 0x000001d278d30000

Metaspace:

Usage:
  Non-class:     96.13 MB used.
      Class:     10.64 MB used.
       Both:    106.77 MB used.

Virtual space:
  Non-class space:      128.00 MB reserved,      96.38 MB ( 75%) committed,  2 nodes.
      Class space:        1.00 GB reserved,      10.81 MB (  1%) committed,  1 nodes.
             Both:        1.12 GB reserved,     107.19 MB (  9%) committed. 

Chunk freelists:
   Non-Class:  15.50 MB
       Class:  5.20 MB
        Both:  20.70 MB

MaxMetaspaceSize: unlimited
CompressedClassSpaceSize: 1.00 GB
Initial GC threshold: 21.00 MB
Current GC threshold: 178.44 MB
CDS: off
 - commit_granule_bytes: 65536.
 - commit_granule_words: 8192.
 - virtual_space_node_default_size: 8388608.
 - enlarge_chunks_in_place: 1.
 - use_allocation_guard: 0.


Internal statistics:

num_allocs_failed_limit: 3.
num_arena_births: 540.
num_arena_deaths: 0.
num_vsnodes_births: 3.
num_vsnodes_deaths: 0.
num_space_committed: 1713.
num_space_uncommitted: 0.
num_chunks_returned_to_freelist: 3.
num_chunks_taken_from_freelist: 4099.
num_chunk_merges: 3.
num_chunk_splits: 3372.
num_chunks_enlarged: 3012.
num_inconsistent_stats: 0.

CodeHeap 'non-profiled nmethods': size=120000Kb used=14003Kb max_used=15501Kb free=105996Kb
 bounds [0x000001d207ad0000, 0x000001d208a20000, 0x000001d20f000000]
CodeHeap 'profiled nmethods': size=120000Kb used=68521Kb max_used=80603Kb free=51478Kb
 bounds [0x000001d200000000, 0x000001d204ee0000, 0x000001d207530000]
CodeHeap 'non-nmethods': size=5760Kb used=1917Kb max_used=1992Kb free=3842Kb
 bounds [0x000001d207530000, 0x000001d2077a0000, 0x000001d207ad0000]
 total_blobs=18121 nmethods=17227 adapters=792
 compilation: enabled
              stopped_count=0, restarted_count=0
 full_count=0

Compilation events (20 events):
Event: 62.109 Thread 0x000001d2170d0a40 25961       1       org.jetbrains.kotlin.fir.declarations.builder.FirPropertyBuilder::setDelegateFieldSymbol (6 bytes)
Event: 62.109 Thread 0x000001d2170d0a40 nmethod 25961 0x000001d207b79090 code [0x000001d207b79220, 0x000001d207b79330]
Event: 62.112 Thread 0x000001d2170cfe80 nmethod 25896 0x000001d207d26c90 code [0x000001d207d26e60, 0x000001d207d272f0]
Event: 62.112 Thread 0x000001d2170cfe80 25933 % !   4       org.jetbrains.kotlin.codegen.inline.MethodInliner::preprocessNodeBeforeInline @ 169 (289 bytes)
Event: 62.119 Thread 0x000001d227826ad0 nmethod 25907% 0x000001d2086f5b90 code [0x000001d2086f5d80, 0x000001d2086f6280]
Event: 62.119 Thread 0x000001d227826ad0 25934 %     4       org.jetbrains.kotlin.codegen.inline.MethodInliner::markObsoleteInstruction @ 37 (339 bytes)
Event: 62.149 Thread 0x000001d227826ad0 nmethod 25934% 0x000001d207c29490 code [0x000001d207c296e0, 0x000001d207c2a3c0]
Event: 62.149 Thread 0x000001d227826ad0 25962 %     4       org.jetbrains.kotlin.codegen.inline.MethodInliner::markPlacesForInlineAndRemoveInlinable @ 87 (1320 bytes)
Event: 62.153 Thread 0x000001d2170d0a40 25965       3       org.jetbrains.kotlin.codegen.optimization.fixStack.FixStackMethodTransformer::analyzeAndTransformBreakContinueGotos (116 bytes)
Event: 62.155 Thread 0x000001d2170d0a40 nmethod 25965 0x000001d200212d90 code [0x000001d200213020, 0x000001d200213c50]
Event: 62.155 Thread 0x000001d2170d0a40 25966       3       org.jetbrains.kotlin.codegen.optimization.fixStack.FixStackMethodTransformer::analyzeAndTransformSaveRestoreStack (102 bytes)
Event: 62.155 Thread 0x000001d2170d0a40 nmethod 25966 0x000001d200660690 code [0x000001d200660900, 0x000001d200661510]
Event: 62.155 Thread 0x000001d2170d0a40 25964       3       org.jetbrains.kotlin.codegen.optimization.fixStack.FixStackContext::isAnalysisRequired (59 bytes)
Event: 62.156 Thread 0x000001d2170d0a40 nmethod 25964 0x000001d20006df90 code [0x000001d20006e160, 0x000001d20006e6f8]
Event: 62.156 Thread 0x000001d2170d0a40 25968       3       org.jetbrains.kotlin.codegen.optimization.fixStack.FixStackMethodTransformer::removeAlwaysTrueIfeqMarkers (68 bytes)
Event: 62.157 Thread 0x000001d2170d0a40 nmethod 25968 0x000001d2003f2490 code [0x000001d2003f26a0, 0x000001d2003f2ea0]
Event: 62.169 Thread 0x000001d2170d0a40 25969       3       org.jetbrains.kotlin.config.LanguageVersion::isStable (19 bytes)
Event: 62.170 Thread 0x000001d2170d0a40 nmethod 25969 0x000001d20015ca90 code [0x000001d20015cc40, 0x000001d20015cdd8]
Event: 62.171 Thread 0x000001d2170cfe80 nmethod 25933% 0x000001d207b7d690 code [0x000001d207b7d940, 0x000001d207b7eeb0]
Event: 62.171 Thread 0x000001d2170cfe80 25914       4       org.jetbrains.kotlin.codegen.inline.MethodInliner$doInline$lambdaInliner$1::visitMethodInsn (1698 bytes)

GC Heap History (20 events):
Event: 36.338 GC heap before
{Heap before GC invocations=42 (full 0):
 garbage-first heap   total 339968K, used 304275K [0x0000000089800000, 0x0000000100000000)
  region size 1024K, 99 young (101376K), 12 survivors (12288K)
 Metaspace       used 87174K, committed 87616K, reserved 1179648K
  class space    used 9055K, committed 9280K, reserved 1048576K
}
Event: 36.368 GC heap after
{Heap after GC invocations=43 (full 0):
 garbage-first heap   total 339968K, used 229522K [0x0000000089800000, 0x0000000100000000)
  region size 1024K, 13 young (13312K), 13 survivors (13312K)
 Metaspace       used 87174K, committed 87616K, reserved 1179648K
  class space    used 9055K, committed 9280K, reserved 1048576K
}
Event: 38.396 GC heap before
{Heap before GC invocations=44 (full 0):
 garbage-first heap   total 384000K, used 305298K [0x0000000089800000, 0x0000000100000000)
  region size 1024K, 87 young (89088K), 13 survivors (13312K)
 Metaspace       used 91987K, committed 92352K, reserved 1179648K
  class space    used 9488K, committed 9664K, reserved 1048576K
}
Event: 38.420 GC heap after
{Heap after GC invocations=45 (full 0):
 garbage-first heap   total 384000K, used 241818K [0x0000000089800000, 0x0000000100000000)
  region size 1024K, 11 young (11264K), 11 survivors (11264K)
 Metaspace       used 91987K, committed 92352K, reserved 1179648K
  class space    used 9488K, committed 9664K, reserved 1048576K
}
Event: 41.190 GC heap before
{Heap before GC invocations=45 (full 0):
 garbage-first heap   total 384000K, used 343194K [0x0000000089800000, 0x0000000100000000)
  region size 1024K, 110 young (112640K), 11 survivors (11264K)
 Metaspace       used 99526K, committed 99904K, reserved 1179648K
  class space    used 10264K, committed 10432K, reserved 1048576K
}
Event: 41.212 GC heap after
{Heap after GC invocations=46 (full 0):
 garbage-first heap   total 384000K, used 246725K [0x0000000089800000, 0x0000000100000000)
  region size 1024K, 10 young (10240K), 10 survivors (10240K)
 Metaspace       used 99526K, committed 99904K, reserved 1179648K
  class space    used 10264K, committed 10432K, reserved 1048576K
}
Event: 42.864 GC heap before
{Heap before GC invocations=46 (full 0):
 garbage-first heap   total 384000K, used 303045K [0x0000000089800000, 0x0000000100000000)
  region size 1024K, 66 young (67584K), 10 survivors (10240K)
 Metaspace       used 101066K, committed 101504K, reserved 1179648K
  class space    used 10335K, committed 10496K, reserved 1048576K
}
Event: 42.879 GC heap after
{Heap after GC invocations=47 (full 0):
 garbage-first heap   total 384000K, used 251219K [0x0000000089800000, 0x0000000100000000)
  region size 1024K, 5 young (5120K), 5 survivors (5120K)
 Metaspace       used 101066K, committed 101504K, reserved 1179648K
  class space    used 10335K, committed 10496K, reserved 1048576K
}
Event: 45.918 GC heap before
{Heap before GC invocations=48 (full 0):
 garbage-first heap   total 419840K, used 350547K [0x0000000089800000, 0x0000000100000000)
  region size 1024K, 102 young (104448K), 5 survivors (5120K)
 Metaspace       used 106971K, committed 107392K, reserved 1179648K
  class space    used 10778K, committed 10944K, reserved 1048576K
}
Event: 45.932 GC heap after
{Heap after GC invocations=49 (full 0):
 garbage-first heap   total 419840K, used 256951K [0x0000000089800000, 0x0000000100000000)
  region size 1024K, 10 young (10240K), 10 survivors (10240K)
 Metaspace       used 106971K, committed 107392K, reserved 1179648K
  class space    used 10778K, committed 10944K, reserved 1048576K
}
Event: 49.838 GC heap before
{Heap before GC invocations=49 (full 0):
 garbage-first heap   total 419840K, used 385975K [0x0000000089800000, 0x0000000100000000)
  region size 1024K, 135 young (138240K), 10 survivors (10240K)
 Metaspace       used 108819K, committed 109248K, reserved 1179648K
  class space    used 10885K, committed 11072K, reserved 1048576K
}
Event: 49.871 GC heap after
{Heap after GC invocations=50 (full 0):
 garbage-first heap   total 419840K, used 263282K [0x0000000089800000, 0x0000000100000000)
  region size 1024K, 17 young (17408K), 17 survivors (17408K)
 Metaspace       used 108819K, committed 109248K, reserved 1179648K
  class space    used 10885K, committed 11072K, reserved 1048576K
}
Event: 52.538 GC heap before
{Heap before GC invocations=50 (full 0):
 garbage-first heap   total 419840K, used 380018K [0x0000000089800000, 0x0000000100000000)
  region size 1024K, 131 young (134144K), 17 survivors (17408K)
 Metaspace       used 108997K, committed 109440K, reserved 1179648K
  class space    used 10889K, committed 11072K, reserved 1048576K
}
Event: 52.566 GC heap after
{Heap after GC invocations=51 (full 0):
 garbage-first heap   total 419840K, used 268152K [0x0000000089800000, 0x0000000100000000)
  region size 1024K, 8 young (8192K), 8 survivors (8192K)
 Metaspace       used 108997K, committed 109440K, reserved 1179648K
  class space    used 10889K, committed 11072K, reserved 1048576K
}
Event: 54.872 GC heap before
{Heap before GC invocations=52 (full 0):
 garbage-first heap   total 447488K, used 387960K [0x0000000089800000, 0x0000000100000000)
  region size 1024K, 125 young (128000K), 8 survivors (8192K)
 Metaspace       used 109073K, committed 109504K, reserved 1179648K
  class space    used 10891K, committed 11072K, reserved 1048576K
}
Event: 54.901 GC heap after
{Heap after GC invocations=53 (full 0):
 garbage-first heap   total 447488K, used 271724K [0x0000000089800000, 0x0000000100000000)
  region size 1024K, 12 young (12288K), 12 survivors (12288K)
 Metaspace       used 109073K, committed 109504K, reserved 1179648K
  class space    used 10891K, committed 11072K, reserved 1048576K
}
Event: 56.661 GC heap before
{Heap before GC invocations=53 (full 0):
 garbage-first heap   total 447488K, used 410988K [0x0000000089800000, 0x0000000100000000)
  region size 1024K, 148 young (151552K), 12 survivors (12288K)
 Metaspace       used 109134K, committed 109568K, reserved 1179648K
  class space    used 10893K, committed 11072K, reserved 1048576K
}
Event: 56.689 GC heap after
{Heap after GC invocations=54 (full 0):
 garbage-first heap   total 447488K, used 277825K [0x0000000089800000, 0x0000000100000000)
  region size 1024K, 16 young (16384K), 16 survivors (16384K)
 Metaspace       used 109134K, committed 109568K, reserved 1179648K
  class space    used 10893K, committed 11072K, reserved 1048576K
}
Event: 58.853 GC heap before
{Heap before GC invocations=54 (full 0):
 garbage-first heap   total 447488K, used 406849K [0x0000000089800000, 0x0000000100000000)
  region size 1024K, 142 young (145408K), 16 survivors (16384K)
 Metaspace       used 109191K, committed 109632K, reserved 1179648K
  class space    used 10893K, committed 11072K, reserved 1048576K
}
Event: 58.877 GC heap after
{Heap after GC invocations=55 (full 0):
 garbage-first heap   total 447488K, used 284355K [0x0000000089800000, 0x0000000100000000)
  region size 1024K, 12 young (12288K), 12 survivors (12288K)
 Metaspace       used 109191K, committed 109632K, reserved 1179648K
  class space    used 10893K, committed 11072K, reserved 1048576K
}

Dll operation events (3 events):
Event: 0.019 Loaded shared library C:\Program Files\Android\Android Studio1\jbr\bin\java.dll
Event: 0.031 Loaded shared library C:\Program Files\Android\Android Studio1\jbr\bin\zip.dll
Event: 3.754 Loaded shared library C:\Program Files\Android\Android Studio1\jbr\bin\verify.dll

Deoptimization events (20 events):
Event: 61.974 Thread 0x000001d27af83c20 Uncommon trap: trap_request=0xffffff66 fr.pc=0x000001d207d2adbc relative=0x0000000000002e3c
Event: 61.974 Thread 0x000001d27af83c20 Uncommon trap: reason=speculate_class_check action=maybe_recompile pc=0x000001d207d2adbc method=org.jetbrains.kotlin.backend.jvm.mapping.MethodSignatureMapper.forceBoxedReturnTypeOnDefaultImplFun(Lorg/jetbrains/kotlin/ir/declarations/IrFunction;)Z @ 1 c2
Event: 61.974 Thread 0x000001d27af83c20 DEOPT PACKING pc=0x000001d207d2adbc sp=0x00000026040fcc60
Event: 61.974 Thread 0x000001d27af83c20 DEOPT UNPACKING pc=0x000001d2075846a2 sp=0x00000026040fcb88 mode 2
Event: 61.975 Thread 0x000001d27af83c20 Uncommon trap: trap_request=0xffffff66 fr.pc=0x000001d207d2adbc relative=0x0000000000002e3c
Event: 61.975 Thread 0x000001d27af83c20 Uncommon trap: reason=speculate_class_check action=maybe_recompile pc=0x000001d207d2adbc method=org.jetbrains.kotlin.backend.jvm.mapping.MethodSignatureMapper.forceBoxedReturnTypeOnDefaultImplFun(Lorg/jetbrains/kotlin/ir/declarations/IrFunction;)Z @ 1 c2
Event: 61.975 Thread 0x000001d27af83c20 DEOPT PACKING pc=0x000001d207d2adbc sp=0x00000026040fcf50
Event: 61.975 Thread 0x000001d27af83c20 DEOPT UNPACKING pc=0x000001d2075846a2 sp=0x00000026040fce78 mode 2
Event: 61.975 Thread 0x000001d27af83c20 Uncommon trap: trap_request=0xffffff66 fr.pc=0x000001d207d2adbc relative=0x0000000000002e3c
Event: 61.975 Thread 0x000001d27af83c20 Uncommon trap: reason=speculate_class_check action=maybe_recompile pc=0x000001d207d2adbc method=org.jetbrains.kotlin.backend.jvm.mapping.MethodSignatureMapper.forceBoxedReturnTypeOnDefaultImplFun(Lorg/jetbrains/kotlin/ir/declarations/IrFunction;)Z @ 1 c2
Event: 61.975 Thread 0x000001d27af83c20 DEOPT PACKING pc=0x000001d207d2adbc sp=0x00000026040fcc60
Event: 61.975 Thread 0x000001d27af83c20 DEOPT UNPACKING pc=0x000001d2075846a2 sp=0x00000026040fcb88 mode 2
Event: 62.013 Thread 0x000001d27af83c20 DEOPT PACKING pc=0x000001d203ac7c14 sp=0x00000026040fdc50
Event: 62.013 Thread 0x000001d27af83c20 DEOPT UNPACKING pc=0x000001d207584e42 sp=0x00000026040fd138 mode 0
Event: 62.054 Thread 0x000001d27af83c20 Uncommon trap: trap_request=0xffffffbe fr.pc=0x000001d2084685a4 relative=0x0000000000000c64
Event: 62.054 Thread 0x000001d27af83c20 Uncommon trap: reason=profile_predicate action=maybe_recompile pc=0x000001d2084685a4 method=org.jetbrains.org.objectweb.asm.MethodWriter.putFrame()V @ 253 c2
Event: 62.054 Thread 0x000001d27af83c20 DEOPT PACKING pc=0x000001d2084685a4 sp=0x00000026040fdc30
Event: 62.054 Thread 0x000001d27af83c20 DEOPT UNPACKING pc=0x000001d2075846a2 sp=0x00000026040fdbb0 mode 2
Event: 62.106 Thread 0x000001d27af83c20 DEOPT PACKING pc=0x000001d203ac7c14 sp=0x00000026040fdc30
Event: 62.106 Thread 0x000001d27af83c20 DEOPT UNPACKING pc=0x000001d207584e42 sp=0x00000026040fd118 mode 0

Classes loaded (20 events):
Event: 40.532 Loading class sun/security/provider/ByteArrayAccess
Event: 40.533 Loading class sun/security/provider/ByteArrayAccess done
Event: 40.533 Loading class sun/security/provider/ByteArrayAccess$LE
Event: 40.533 Loading class sun/security/provider/ByteArrayAccess$LE done
Event: 40.534 Loading class java/util/Base64
Event: 40.535 Loading class java/util/Base64 done
Event: 40.535 Loading class java/util/Base64$Encoder
Event: 40.535 Loading class java/util/Base64$Encoder done
Event: 40.537 Loading class java/util/IdentityHashMap$EntrySet
Event: 40.538 Loading class java/util/IdentityHashMap$EntrySet done
Event: 40.538 Loading class java/util/IdentityHashMap$EntryIterator
Event: 40.538 Loading class java/util/IdentityHashMap$IdentityHashMapIterator
Event: 40.538 Loading class java/util/IdentityHashMap$IdentityHashMapIterator done
Event: 40.538 Loading class java/util/IdentityHashMap$EntryIterator done
Event: 40.538 Loading class java/util/IdentityHashMap$EntryIterator$Entry
Event: 40.538 Loading class java/util/IdentityHashMap$EntryIterator$Entry done
Event: 43.877 Loading class java/lang/TypeNotPresentException
Event: 43.878 Loading class java/lang/TypeNotPresentException done
Event: 44.015 Loading class java/util/Vector$Itr
Event: 44.015 Loading class java/util/Vector$Itr done

Classes unloaded (0 events):
No events

Classes redefined (0 events):
No events

Internal exceptions (20 events):
Event: 40.985 Thread 0x000001d27af83c20 Exception <a 'java/lang/NoSuchMethodError'{0x000000009a21b8e0}: 'java.lang.Object java.lang.invoke.Invokers$Holder.linkToTargetMethod(java.lang.Object, java.lang.Object, java.lang.Object, java.lang.Object, java.lang.Object, int, java.lang.Object, java.lang.Object)'> (0x000000009a21b8e0) 
thrown [s\src\hotspot\share\interpreter\linkResolver.cpp, line 784]
Event: 41.442 Thread 0x000001d27af83c20 Exception <a 'java/lang/NoSuchMethodError'{0x00000000a07d0998}: 'java.lang.Object java.lang.invoke.DirectMethodHandle$Holder.newInvokeSpecial(java.lang.Object, java.lang.Object, int, java.lang.Object)'> (0x00000000a07d0998) 
thrown [s\src\hotspot\share\interpreter\linkResolver.cpp, line 784]
Event: 41.442 Thread 0x000001d27af83c20 Exception <a 'java/lang/NoSuchMethodError'{0x00000000a07d47f8}: 'java.lang.Object java.lang.invoke.DirectMethodHandle$Holder.invokeSpecial(java.lang.Object, java.lang.Object, java.lang.Object, int, java.lang.Object)'> (0x00000000a07d47f8) 
thrown [s\src\hotspot\share\interpreter\linkResolver.cpp, line 784]
Event: 41.443 Thread 0x000001d27af83c20 Exception <a 'java/lang/NoSuchMethodError'{0x00000000a07d81c8}: 'java.lang.Object java.lang.invoke.Invokers$Holder.linkToTargetMethod(java.lang.Object, int, java.lang.Object, java.lang.Object)'> (0x00000000a07d81c8) 
thrown [s\src\hotspot\share\interpreter\linkResolver.cpp, line 784]
Event: 41.494 Thread 0x000001d27af83c20 Implicit null exception at 0x000001d208783f78 to 0x000001d2087844ac
Event: 41.494 Thread 0x000001d27af83c20 Implicit null exception at 0x000001d208782338 to 0x000001d208782854
Event: 42.148 Thread 0x000001d27af83c20 Exception <a 'java/lang/NoSuchMethodError'{0x000000009f1dc110}: 'java.lang.Object java.lang.invoke.DirectMethodHandle$Holder.invokeStaticInit(java.lang.Object, java.lang.Object, int, java.lang.Object)'> (0x000000009f1dc110) 
thrown [s\src\hotspot\share\interpreter\linkResolver.cpp, line 784]
Event: 42.318 Thread 0x000001d27af83c20 Implicit null exception at 0x000001d20879c94e to 0x000001d20879ce94
Event: 42.352 Thread 0x000001d27af83c20 Implicit null exception at 0x000001d20879686e to 0x000001d208796e44
Event: 43.995 Thread 0x000001d27af83c20 Exception <a 'java/lang/NoSuchMethodError'{0x00000000a12b0d18}: 'java.lang.Object java.lang.invoke.DirectMethodHandle$Holder.invokeStatic(java.lang.Object, int, int)'> (0x00000000a12b0d18) 
thrown [s\src\hotspot\share\interpreter\linkResolver.cpp, line 784]
Event: 44.005 Thread 0x000001d27af83c20 Exception <a 'java/lang/NoSuchMethodError'{0x00000000a12f4380}: 'java.lang.Object java.lang.invoke.DirectMethodHandle$Holder.invokeStatic(java.lang.Object, java.lang.Object, java.lang.Object, int, java.lang.Object, java.lang.Object, java.lang.Object, java.lang.Object)'> (0x00000000a12f4380) 
thrown [s\src\hotspot\share\interpreter\linkResolver.cpp, line 784]
Event: 44.134 Thread 0x000001d27af83c20 Exception <a 'java/lang/NoSuchMethodError'{0x00000000a0f448b0}: 'java.lang.Object java.lang.invoke.DirectMethodHandle$Holder.newInvokeSpecial(java.lang.Object, java.lang.Object, java.lang.Object, java.lang.Object, java.lang.Object, int, java.lang.Object)'> (0x00000000a0f448b0) 
thrown [s\src\hotspot\share\interpreter\linkResolver.cpp, line 784]
Event: 44.135 Thread 0x000001d27af83c20 Exception <a 'java/lang/NoSuchMethodError'{0x00000000a0f48a58}: 'java.lang.Object java.lang.invoke.DirectMethodHandle$Holder.invokeSpecial(java.lang.Object, java.lang.Object, java.lang.Object, java.lang.Object, java.lang.Object, java.lang.Object, int, java.lang.Object)'> (0x00000000a0f48a58) 
thrown [s\src\hotspot\share\interpreter\linkResolver.cpp, line 784]
Event: 44.135 Thread 0x000001d27af83c20 Exception <a 'java/lang/NoSuchMethodError'{0x00000000a0f4c1c8}: 'java.lang.Object java.lang.invoke.Invokers$Holder.linkToTargetMethod(java.lang.Object, java.lang.Object, java.lang.Object, java.lang.Object, int, java.lang.Object, java.lang.Object)'> (0x00000000a0f4c1c8) 
thrown [s\src\hotspot\share\interpreter\linkResolver.cpp, line 784]
Event: 44.270 Thread 0x000001d27af83c20 Exception <a 'java/lang/NoSuchMethodError'{0x00000000a0cd2e58}: 'java.lang.Object java.lang.invoke.DirectMethodHandle$Holder.newInvokeSpecial(java.lang.Object, int, int, java.lang.Object)'> (0x00000000a0cd2e58) 
thrown [s\src\hotspot\share\interpreter\linkResolver.cpp, line 784]
Event: 44.270 Thread 0x000001d27af83c20 Exception <a 'java/lang/NoSuchMethodError'{0x00000000a0cd6e98}: 'java.lang.Object java.lang.invoke.DirectMethodHandle$Holder.invokeSpecial(java.lang.Object, java.lang.Object, int, int, java.lang.Object)'> (0x00000000a0cd6e98) 
thrown [s\src\hotspot\share\interpreter\linkResolver.cpp, line 784]
Event: 44.270 Thread 0x000001d27af83c20 Exception <a 'java/lang/NoSuchMethodError'{0x00000000a0cda548}: 'java.lang.Object java.lang.invoke.Invokers$Holder.linkToTargetMethod(int, int, java.lang.Object, java.lang.Object)'> (0x00000000a0cda548) 
thrown [s\src\hotspot\share\interpreter\linkResolver.cpp, line 784]
Event: 44.805 Thread 0x000001d27af83c20 Implicit null exception at 0x000001d208017fde to 0x000001d20801800c
Event: 47.105 Thread 0x000001d27af83c20 Implicit null exception at 0x000001d208160146 to 0x000001d2081632d0
Event: 48.729 Thread 0x000001d27af83c20 Implicit null exception at 0x000001d208440714 to 0x000001d208442128

ZGC Phase Switch (0 events):
No events

VM Operations (20 events):
Event: 55.905 Executing VM operation: Cleanup
Event: 55.906 Executing VM operation: Cleanup done
Event: 56.661 Executing VM operation: G1CollectForAllocation (G1 Evacuation Pause)
Event: 56.689 Executing VM operation: G1CollectForAllocation (G1 Evacuation Pause) done
Event: 57.700 Executing VM operation: Cleanup
Event: 57.700 Executing VM operation: Cleanup done
Event: 58.705 Executing VM operation: Cleanup
Event: 58.721 Executing VM operation: Cleanup done
Event: 58.853 Executing VM operation: G1CollectForAllocation (G1 Evacuation Pause)
Event: 58.881 Executing VM operation: G1CollectForAllocation (G1 Evacuation Pause) done
Event: 59.766 Executing VM operation: G1PauseRemark
Event: 60.968 Executing VM operation: G1PauseRemark done
Event: 60.969 Executing VM operation: HandshakeAllThreads (HandshakeForDeflation)
Event: 60.969 Executing VM operation: HandshakeAllThreads (HandshakeForDeflation) done
Event: 60.969 Executing VM operation: RendezvousGCThreads
Event: 60.969 Executing VM operation: RendezvousGCThreads done
Event: 61.172 Executing VM operation: G1PauseCleanup
Event: 61.173 Executing VM operation: G1PauseCleanup done
Event: 62.187 Executing VM operation: Cleanup
Event: 62.187 Executing VM operation: Cleanup done

Memory protections (0 events):
No events

Nmethod flushes (20 events):
Event: 59.911 Thread 0x000001d21701d450 flushing  nmethod 0x000001d202315910
Event: 59.911 Thread 0x000001d21701d450 flushing  nmethod 0x000001d202332d90
Event: 59.911 Thread 0x000001d21701d450 flushing  nmethod 0x000001d202390b90
Event: 59.911 Thread 0x000001d21701d450 flushing  nmethod 0x000001d20257ca10
Event: 59.911 Thread 0x000001d21701d450 flushing  nmethod 0x000001d202666210
Event: 59.911 Thread 0x000001d21701d450 flushing  nmethod 0x000001d2026b0910
Event: 59.911 Thread 0x000001d21701d450 flushing  nmethod 0x000001d2026c9c90
Event: 59.911 Thread 0x000001d21701d450 flushing  nmethod 0x000001d20280b410
Event: 59.911 Thread 0x000001d21701d450 flushing  nmethod 0x000001d20280d110
Event: 59.911 Thread 0x000001d21701d450 flushing  nmethod 0x000001d202810190
Event: 59.911 Thread 0x000001d21701d450 flushing  nmethod 0x000001d202d7ec90
Event: 59.912 Thread 0x000001d21701d450 flushing  nmethod 0x000001d202dca610
Event: 59.912 Thread 0x000001d21701d450 flushing  nmethod 0x000001d20489f890
Event: 59.912 Thread 0x000001d21701d450 flushing  nmethod 0x000001d2049ccd10
Event: 59.912 Thread 0x000001d21701d450 flushing  nmethod 0x000001d2049d0890
Event: 59.912 Thread 0x000001d21701d450 flushing  nmethod 0x000001d204ada990
Event: 59.912 Thread 0x000001d21701d450 flushing  nmethod 0x000001d204c8f210
Event: 59.912 Thread 0x000001d21701d450 flushing  nmethod 0x000001d204c90a90
Event: 59.912 Thread 0x000001d21701d450 flushing  nmethod 0x000001d204c93810
Event: 59.912 Thread 0x000001d21701d450 flushing  nmethod 0x000001d204d62690

Events (20 events):
Event: 0.197 Thread 0x000001d27af83c20 Thread added: 0x000001d2170c9e50
Event: 0.206 Thread 0x000001d27af83c20 Thread added: 0x000001d2170c7d80
Event: 0.222 Loaded shared library C:\Program Files\Android\Android Studio1\jbr\bin\net.dll
Event: 0.226 Loaded shared library C:\Program Files\Android\Android Studio1\jbr\bin\nio.dll
Event: 0.259 Thread 0x000001d2170cfe80 Thread added: 0x000001d2172ef7d0
Event: 0.279 Loaded shared library C:\Program Files\Android\Android Studio1\jbr\bin\zip.dll
Event: 0.387 Loaded shared library C:\Program Files\Android\Android Studio1\jbr\bin\jimage.dll
Event: 1.015 Thread 0x000001d2172ef7d0 Thread exited: 0x000001d2172ef7d0
Event: 1.640 Loaded shared library C:\Program Files\Android\Android Studio1\jbr\bin\management.dll
Event: 1.665 Loaded shared library C:\Program Files\Android\Android Studio1\jbr\bin\management_ext.dll
Event: 8.608 Thread 0x000001d2170d0a40 Thread added: 0x000001d2199342a0
Event: 31.736 Thread 0x000001d2170d0a40 Thread added: 0x000001d22782d100
Event: 33.799 Thread 0x000001d22782d100 Thread exited: 0x000001d22782d100
Event: 33.799 Thread 0x000001d2199342a0 Thread exited: 0x000001d2199342a0
Event: 34.311 Thread 0x000001d2170d0a40 Thread added: 0x000001d21d013060
Event: 34.401 Thread 0x000001d2170d0a40 Thread added: 0x000001d21d0100b0
Event: 37.030 Thread 0x000001d21d0100b0 Thread exited: 0x000001d21d0100b0
Event: 37.170 Thread 0x000001d2170d0a40 Thread added: 0x000001d21aa2f4a0
Event: 60.978 Thread 0x000001d21aa2f4a0 Thread exited: 0x000001d21aa2f4a0
Event: 62.019 Thread 0x000001d2170d0a40 Thread added: 0x000001d227826ad0


Dynamic libraries:
0x00007ff746550000 - 0x00007ff74655a000 	C:\Program Files\Android\Android Studio1\jbr\bin\java.exe
0x00007ff9e46c0000 - 0x00007ff9e4927000 	C:\WINDOWS\SYSTEM32\ntdll.dll
0x00007ff9e2c80000 - 0x00007ff9e2d49000 	C:\WINDOWS\System32\KERNEL32.DLL
0x00007ff9e1fb0000 - 0x00007ff9e23a1000 	C:\WINDOWS\System32\KERNELBASE.dll
0x00007ff9e1150000 - 0x00007ff9e129b000 	C:\WINDOWS\System32\ucrtbase.dll
0x00007ff9cdfd0000 - 0x00007ff9cdfe8000 	C:\Program Files\Android\Android Studio1\jbr\bin\jli.dll
0x00007ff9def90000 - 0x00007ff9defab000 	C:\Program Files\Android\Android Studio1\jbr\bin\VCRUNTIME140.dll
0x00007ff9d0020000 - 0x00007ff9d02b3000 	C:\WINDOWS\WinSxS\amd64_microsoft.windows.common-controls_6595b64144ccf1df_6.0.26100.8037_none_3e092faae333b53b\COMCTL32.dll
0x00007ff9e30d0000 - 0x00007ff9e3179000 	C:\WINDOWS\System32\msvcrt.dll
0x00007ff9e2e80000 - 0x00007ff9e2eab000 	C:\WINDOWS\System32\GDI32.dll
0x00007ff9e0fa0000 - 0x00007ff9e0fc7000 	C:\WINDOWS\System32\win32u.dll
0x00007ff9e12a0000 - 0x00007ff9e13cb000 	C:\WINDOWS\System32\gdi32full.dll
0x00007ff9e3950000 - 0x00007ff9e3b15000 	C:\WINDOWS\System32\USER32.dll
0x00007ff9e23b0000 - 0x00007ff9e2453000 	C:\WINDOWS\System32\msvcp_win.dll
0x00007ff9e2460000 - 0x00007ff9e2491000 	C:\WINDOWS\System32\IMM32.DLL
0x00007ff9df140000 - 0x00007ff9df14c000 	C:\Program Files\Android\Android Studio1\jbr\bin\vcruntime140_1.dll
0x00007ff9b94c0000 - 0x00007ff9b954d000 	C:\Program Files\Android\Android Studio1\jbr\bin\msvcp140.dll
0x00007ff95bb20000 - 0x00007ff95c7ab000 	C:\Program Files\Android\Android Studio1\jbr\bin\server\jvm.dll
0x00007ff9e3010000 - 0x00007ff9e30cb000 	C:\WINDOWS\System32\ADVAPI32.dll
0x00007ff9e2dd0000 - 0x00007ff9e2e77000 	C:\WINDOWS\System32\sechost.dll
0x00007ff9e3fb0000 - 0x00007ff9e40c8000 	C:\WINDOWS\System32\RPCRT4.dll
0x00007ff9e2d50000 - 0x00007ff9e2dc4000 	C:\WINDOWS\System32\WS2_32.dll
0x00007ff9e0e00000 - 0x00007ff9e0e5e000 	C:\WINDOWS\SYSTEM32\POWRPROF.dll
0x00007ff9db430000 - 0x00007ff9db465000 	C:\WINDOWS\SYSTEM32\WINMM.dll
0x00007ff9db470000 - 0x00007ff9db47b000 	C:\WINDOWS\SYSTEM32\VERSION.dll
0x00007ff9e0de0000 - 0x00007ff9e0df4000 	C:\WINDOWS\SYSTEM32\UMPDC.dll
0x00007ff9dfd30000 - 0x00007ff9dfd4b000 	C:\WINDOWS\SYSTEM32\kernel.appcore.dll
0x00007ff9df100000 - 0x00007ff9df10a000 	C:\Program Files\Android\Android Studio1\jbr\bin\jimage.dll
0x00007ff9dece0000 - 0x00007ff9def22000 	C:\WINDOWS\SYSTEM32\DBGHELP.DLL
0x00007ff9e3590000 - 0x00007ff9e3912000 	C:\WINDOWS\System32\combase.dll
0x00007ff9e33b0000 - 0x00007ff9e3487000 	C:\WINDOWS\System32\OLEAUT32.dll
0x00007ff9cf130000 - 0x00007ff9cf16b000 	C:\WINDOWS\SYSTEM32\dbgcore.DLL
0x00007ff9e1f00000 - 0x00007ff9e1fa5000 	C:\WINDOWS\System32\bcryptPrimitives.dll
0x00007ff9de110000 - 0x00007ff9de130000 	C:\Program Files\Android\Android Studio1\jbr\bin\java.dll
0x00007ff9d3800000 - 0x00007ff9d3818000 	C:\Program Files\Android\Android Studio1\jbr\bin\zip.dll
0x00007ff9e2510000 - 0x00007ff9e2c6f000 	C:\WINDOWS\System32\SHELL32.dll
0x00007ff9e1d00000 - 0x00007ff9e1e6a000 	C:\WINDOWS\System32\wintypes.dll
0x00007ff9e1490000 - 0x00007ff9e1cf4000 	C:\WINDOWS\System32\windows.storage.dll
0x00007ff9e4270000 - 0x00007ff9e4367000 	C:\WINDOWS\System32\SHCORE.dll
0x00007ff9e24a0000 - 0x00007ff9e2507000 	C:\WINDOWS\System32\shlwapi.dll
0x00007ff9e0ec0000 - 0x00007ff9e0ee9000 	C:\WINDOWS\SYSTEM32\profapi.dll
0x00007ff9df000000 - 0x00007ff9df010000 	C:\Program Files\Android\Android Studio1\jbr\bin\net.dll
0x00007ff9db300000 - 0x00007ff9db427000 	C:\WINDOWS\SYSTEM32\WINHTTP.dll
0x00007ff9e02a0000 - 0x00007ff9e030b000 	C:\WINDOWS\system32\mswsock.dll
0x00007ff9ce070000 - 0x00007ff9ce086000 	C:\Program Files\Android\Android Studio1\jbr\bin\nio.dll
0x00007ff9de100000 - 0x00007ff9de109000 	C:\Program Files\Android\Android Studio1\jbr\bin\management.dll
0x00007ff9d6a60000 - 0x00007ff9d6a6b000 	C:\Program Files\Android\Android Studio1\jbr\bin\management_ext.dll
0x00007ff9e4610000 - 0x00007ff9e4618000 	C:\WINDOWS\System32\PSAPI.DLL
0x00007ff9d5d70000 - 0x00007ff9d5d80000 	C:\Program Files\Android\Android Studio1\jbr\bin\verify.dll

dbghelp: loaded successfully - version: 4.0.5 - missing functions: none
symbol engine: initialized successfully - sym options: 0x614 - pdb path: .;C:\Program Files\Android\Android Studio1\jbr\bin;C:\WINDOWS\SYSTEM32;C:\WINDOWS\WinSxS\amd64_microsoft.windows.common-controls_6595b64144ccf1df_6.0.26100.8037_none_3e092faae333b53b;C:\Program Files\Android\Android Studio1\jbr\bin\server

VM Arguments:
java_command: org.jetbrains.kotlin.cli.jvm.K2JVMCompiler -Xallow-no-source-files -classpath C:\Users\harsh\AppData\Local\Android\Sdk\platforms\android-36\android.jar;C:\Users\harsh\AppData\Local\Android\Sdk\build-tools\35.0.0\core-lambda-stubs.jar;C:\Users\harsh\AndroidStudioProjects\VidPlay\app\build\intermediates\compile_and_runtime_not_namespaced_r_class_jar\debug\processDebugResources\R.jar;C:\Users\harsh\.gradle\caches\8.11.1\transforms\01a6f97d494d1ab621d9bb8ff63b5037\transformed\navigation-common-2.8.9-api.jar;C:\Users\harsh\.gradle\caches\8.11.1\transforms\271936fac54fe9a55d8c9ed0382761ec\transformed\navigation-runtime-2.8.9-api.jar;C:\Users\harsh\.gradle\caches\8.11.1\transforms\8826e71c1daa37ee3d4e1d9f1a9af483\transformed\navigation-common-ktx-2.8.9-api.jar;C:\Users\harsh\.gradle\caches\8.11.1\transforms\a91928551aaa3130a3f469823650d762\transformed\navigation-runtime-ktx-2.8.9-api.jar;C:\Users\harsh\.gradle\caches\8.11.1\transforms\39e413e8e70378805456a3f051892a17\transformed\navigation-compose-2.8.9-api.jar;C:\Users\harsh\.gradle\caches\8.11.1\transforms\0d597d125d52d6f209983037a6011063\transformed\material3-api.jar;C:\Users\harsh\.gradle\caches\8.11.1\transforms\4d3a1f13753adbfbe6e4e2414a6b9333\transformed\coil-compose-2.4.0-api.jar;C:\Users\harsh\.gradle\caches\8.11.1\transforms\96753570b2ad044b321099fb5d63920f\transformed\coil-compose-base-2.4.0-api.jar;C:\Users\harsh\.gradle\caches\8.11.1\transforms\1e753d3ee4fd6a077f1bd4fee9a914fe\transformed\foundation-layout-api.jar;C:\Users\harsh\.gradle\caches\8.11.1\transforms\64b8f0772151308a8b5db5e7d545424f\transformed\material-ripple-api.jar;C:\Users\harsh\.gradle\caches\8.11.1\transforms\dc178c6d95684a49ac365c2d60d79b7b\transformed\foundation-api.jar;C:\Users\harsh\.gradle\caches\8.11.1\transforms\4b2eca6bb5acd37712a4a7c4ebaddbc4\transformed\animation-core-api.jar;C:\Users\harsh\.gradle\caches\8.11.1\transforms\4e874a2bb5b51391b04312b9be857558\transformed\animation-api.jar;C:\Users\harsh\.gradle\caches\8.1
java_class_path (initial): C:\Users\harsh\.gradle\caches\modules-2\files-2.1\org.jetbrains.kotlin\kotlin-compiler-embeddable\2.3.10\6e349e33b398eb4f0227ceb5b99db2535a982670\kotlin-compiler-embeddable-2.3.10.jar;C:\Users\harsh\.gradle\caches\modules-2\files-2.1\org.jetbrains.kotlin\kotlin-stdlib\2.3.10\8b80e2f80a3b7daa99c16017f91d4c72cd8b31a6\kotlin-stdlib-2.3.10.jar;C:\Users\harsh\.gradle\caches\modules-2\files-2.1\org.jetbrains.kotlin\kotlin-script-runtime\2.3.10\1964f711f069f184f7848971fdcbdd15f26ef79\kotlin-script-runtime-2.3.10.jar;C:\Users\harsh\.gradle\caches\modules-2\files-2.1\org.jetbrains.kotlin\kotlin-reflect\1.6.10\1cbe9c92c12a94eea200d23c2bbaedaf3daf5132\kotlin-reflect-1.6.10.jar;C:\Users\harsh\.gradle\caches\modules-2\files-2.1\org.jetbrains.kotlin\kotlin-daemon-embeddable\2.3.10\5d578a9d479980dcf1144e721cb3502f0c23316e\kotlin-daemon-embeddable-2.3.10.jar;C:\Users\harsh\.gradle\caches\modules-2\files-2.1\org.jetbrains.kotlinx\kotlinx-coroutines-core-jvm\1.8.0\ac1dc37a30a93150b704022f8d895ee1bd3a36b3\kotlinx-coroutines-core-jvm-1.8.0.jar;C:\Users\harsh\.gradle\caches\modules-2\files-2.1\org.jetbrains\annotations\13.0\919f0dfe192fb4e063e7dacadee7f8bb9a2672a9\annotations-13.0.jar
Launcher Type: SUN_STANDARD

[Global flags]
     intx CICompilerCount                          = 4                                         {product} {ergonomic}
     uint ConcGCThreads                            = 3                                         {product} {ergonomic}
     uint G1ConcRefinementThreads                  = 10                                        {product} {ergonomic}
   size_t G1HeapRegionSize                         = 1048576                                   {product} {ergonomic}
    uintx GCDrainStackTargetSize                   = 64                                        {product} {ergonomic}
   size_t InitialHeapSize                          = 125829120                                 {product} {ergonomic}
   size_t MarkStackSize                            = 4194304                                   {product} {ergonomic}
   size_t MaxHeapSize                              = 1988100096                                {product} {ergonomic}
   size_t MaxNewSize                               = 1192230912                                {product} {ergonomic}
   size_t MinHeapDeltaBytes                        = 1048576                                   {product} {ergonomic}
   size_t MinHeapSize                              = 8388608                                   {product} {ergonomic}
    uintx NonNMethodCodeHeapSize                   = 5839372                                {pd product} {ergonomic}
    uintx NonProfiledCodeHeapSize                  = 122909434                              {pd product} {ergonomic}
    uintx ProfiledCodeHeapSize                     = 122909434                              {pd product} {ergonomic}
    uintx ReservedCodeCacheSize                    = 251658240                              {pd product} {ergonomic}
     bool SegmentedCodeCache                       = true                                      {product} {ergonomic}
   size_t SoftMaxHeapSize                          = 1988100096                             {manageable} {ergonomic}
     bool UseCompressedOops                        = true                           {product lp64_product} {ergonomic}
     bool UseG1GC                                  = true                                      {product} {ergonomic}
     bool UseLargePagesIndividualAllocation        = false                                  {pd product} {ergonomic}

Logging:
Log output configuration:
 #0: stdout all=warning uptime,level,tags foldmultilines=false
 #1: stderr all=off uptime,level,tags foldmultilines=false

Environment Variables:
JAVA_HOME=C:\Program Files\Java\jdk-21
PATH=C:\Program Files\Eclipse Adoptium\jdk-11.0.29.7-hotspot\bin;C:\Program Files\Python313\Scripts\;C:\Program Files\Python313\;C:\Program Files\Common Files\Oracle\Java\javapath;C:\WINDOWS\system32;C:\WINDOWS;C:\WINDOWS\System32\Wbem;C:\WINDOWS\System32\WindowsPowerShell\v1.0\;C:\WINDOWS\System32\OpenSSH\;C:\Program Files\Java\jdk-21\bin;C:\Program Files\nodejs\;C:\Program Files\Git\cmd;C:\Program Files\Docker\Docker\resources\bin;C:\Program Files\Go\bin;C:\flutter_windows_3.32.8-stable\flutter\bin\;C:\platform-tools;C:\Program Files\MySQL\MySQL Shell 8.0\bin\;C:\Users\harsh\AppData\Local\Microsoft\WindowsApps;C:\MinGW\bin;C:\Users\harsh\AppData\Roaming\npm;C:\Program Files\MongoDB\Server\7.0\bin;C:\Users\harsh\AppData\Local\GitHubDesktop\bin;C:\Users\harsh\AppData\Local\Programs\Microsoft VS Code\bin;C:\Users\harsh\AppData\Local\Microsoft\WindowsApps\python.exe;C:\users\harsh\appdata\roaming\python\python313\site-packages\git_filter_repo.py;C:\Users\harsh\AppData\Local\Programs\cursor\resources\app\bin;C:\Users\harsh\flutter_windows_3.32.6-stable\flutter\bin;C:\Program Files\MongoDB\Server\7.0\bin;C:\Users\harsh\go\bin;C:\Users\harsh\AppData\Local\Programs\Antigravity\bin
USERNAME=harsh
OS=Windows_NT
PROCESSOR_IDENTIFIER=AMD64 Family 25 Model 80 Stepping 0, AuthenticAMD
TMP=C:\Users\harsh\AppData\Local\Temp
TEMP=C:\Users\harsh\AppData\Local\Temp




Periodic native trim disabled

JNI global refs:
JNI global refs: 13, weak refs: 0

JNI global refs memory usage: 835, weak refs: 833

Process memory usage:
Resident Set Size: 643308K (8% of 7763336K total physical memory with 713580K free physical memory)

OOME stack traces (most recent first):
Classloader memory used:
Loader jdk.internal.loader.ClassLoaders$AppClassLoader                                 : 94248K
Loader bootstrap                                                                       : 12353K
Loader java.net.URLClassLoader                                                         : 2735K

---------------  S Y S T E M  ---------------

OS:
 Windows 11 , 64 bit Build 26100 (10.0.26100.7920)
OS uptime: 3 days 18:39 hours
Hyper-V role detected

CPU: total 12 (initial active 12) (12 cores per cpu, 2 threads per core) family 25 model 80 stepping 0 microcode 0xa50000d, cx8, cmov, fxsr, ht, mmx, 3dnowpref, sse, sse2, sse3, ssse3, sse4a, sse4.1, sse4.2, popcnt, lzcnt, tsc, tscinvbit, avx, avx2, aes, erms, clmul, bmi1, bmi2, adx, sha, fma, vzeroupper, clflush, clflushopt, hv, rdtscp, rdpid, fsrm, f16c, cet_ss
Processor Information for the first 12 processors :
  Max Mhz: 3301, Current Mhz: 2011, Mhz Limit: 3301

Memory: 4k page, system-wide physical 7581M (674M free)
TotalPageFile size 31133M (AvailPageFile size 28M)
current process WorkingSet (physical memory assigned to process): 641M, peak: 704M
current process commit charge ("private bytes"): 867M, peak: 873M

vm_info: OpenJDK 64-Bit Server VM (21.0.6+-13391695-b895.109) for windows-amd64 JRE (21.0.6+-13391695-b895.109), built on 2025-04-22T21:19:17Z by "builder" with MS VC++ 16.10 / 16.11 (VS2019)

END.
